,Nelem,TravelTimeHour,Freq,AccumFreq
0,2325,1.0,0.30167380303620084,0.30167380303620084
1,1847,2.0,0.23965226417542493,0.5413260672116258
2,1510,3.0,0.1959257817568444,0.7372518489684702
3,2025,4.0,0.26274815103152976,1.0
