,Nelem,TravelTimeHour,Freq,AccumFreq
0,3822,1.0,0.4367001828153565,0.4367001828153565
1,2197,2.0,0.25102833638025596,0.6877285191956124
2,1201,3.0,0.13722577696526508,0.8249542961608775
3,1532,4.0,0.1750457038391225,1.0
