,Nelem,TravelTimeHour,Freq,AccumFreq
0,2761,1.0,0.32876875446534887,0.32876875446534887
1,3275,2.0,0.3899738032864968,0.7187425577518456
2,2362,3.0,0.2812574422481543,0.9999999999999999
