,Nelem,TravelTimeHour,Freq,AccumFreq
0,6734,1,0.5905463474524248,0.5905463474524248
1,4669,2,0.4094536525475752,1.0
