,Nelem,TravelTimeHour,Freq,AccumFreq
0,4208,1,0.5946022325844285,0.5946022325844285
1,2869,2,0.4053977674155716,1.0
