,Nelem,TravelTimeHour,Freq,AccumFreq
0,7728,1,0.6679343128781331,0.6679343128781331
1,3842,2,0.3320656871218669,1.0
