,Nelem,TravelTimeHour,Freq,AccumFreq
0,2040,1,0.6288532675709001,0.6288532675709001
1,1204,2,0.3711467324290999,1.0
