,Nelem,TravelTimeHour,Freq,AccumFreq
0,2672,1,0.5985663082437276,0.5985663082437276
1,1792,2,0.4014336917562724,1.0
