,Nelem,TravelTimeHour,Freq,AccumFreq
0,3973,1,0.6566942148760331,0.6566942148760331
1,2077,2,0.3433057851239669,1.0
