,Nelem,TravelTimeHour,Freq,AccumFreq
0,3806,1,0.6966868021233754,0.6966868021233754
1,1657,2,0.3033131978766246,1.0
