,Nelem,TravelTimeHour,Freq,AccumFreq
0,4297,1.0,0.43099297893681043,0.43099297893681043
1,2714,2.0,0.27221664994984957,0.70320962888666
2,1608,3.0,0.161283851554664,0.864493480441324
3,1351,4.0,0.13550651955867604,1.0
