,Nelem,TravelTimeHour,Freq,AccumFreq
0,3904,1.0,0.34919499105545615,0.34919499105545615
1,3974,2.0,0.3554561717352415,0.7046511627906977
2,3302,3.0,0.29534883720930233,1.0
