,Nelem,TravelTimeHour,Freq,AccumFreq
0,3665,1,0.5680409175449473,0.5680409175449473
1,2787,2,0.4319590824550527,1.0
