,Nelem,TravelTimeHour,Freq,AccumFreq
0,4436,1,0.4934371523915462,0.4934371523915462
1,4554,2,0.5065628476084538,1.0
