,Nelem,TravelTimeHour,Freq,AccumFreq
0,3391,1,0.6750945650009954,0.6750945650009954
1,1632,2,0.3249054349990046,1.0
