,Nelem,TravelTimeHour,Freq,AccumFreq
0,10104,1,0.5998219056099733,0.5998219056099733
1,6741,2,0.4001780943900267,1.0
