,Nelem,TravelTimeHour,Freq,AccumFreq
0,1898,1.0,0.48050632911392405,0.48050632911392405
1,1403,2.0,0.3551898734177215,0.8356962025316456
2,649,3.0,0.16430379746835444,1.0
