,Nelem,TravelTimeHour,Freq,AccumFreq
0,1973,1.0,0.22685983672530757,0.22685983672530757
1,2584,2.0,0.2971139473381626,0.5239737840634702
2,2295,3.0,0.26388409796481543,0.7878578820282855
3,1845,4.0,0.2121421179717144,1.0
