,Nelem,TravelTimeHour,Freq,AccumFreq
0,5501,1,0.5409046214355949,0.5409046214355949
1,4669,2,0.45909537856440513,1.0
