,Nelem,TravelTimeHour,Freq,AccumFreq
0,2833,1,0.6041799957346983,0.6041799957346983
1,1856,2,0.3958200042653018,1.0
