,Nelem,TravelTimeHour,Freq,AccumFreq
0,2395,1.0,0.39255859695131945,0.39255859695131945
1,2010,2.0,0.32945418783805935,0.7220127847893788
2,1696,3.0,0.2779872152106212,1.0
