,Nelem,TravelTimeHour,Freq,AccumFreq
0,3609,1,0.6119023397761953,0.6119023397761953
1,2289,2,0.38809766022380465,1.0
