,Nelem,TravelTimeHour,Freq,AccumFreq
0,2569,1.0,0.34852801519468185,0.34852801519468185
1,2453,2.0,0.33279066612399943,0.6813186813186813
2,2349,3.0,0.31868131868131866,1.0
