,Nelem,TravelTimeHour,Freq,AccumFreq
0,2888,1.0,0.35288367546432065,0.35288367546432065
1,2743,2.0,0.33516617790811337,0.688049853372434
2,2553,3.0,0.311950146627566,1.0
