,Nelem,TravelTimeHour,Freq,AccumFreq
0,5770,1.0,0.510755067717093,0.510755067717093
1,3639,2.0,0.3221209170576259,0.8328759847747189
2,1888,3.0,0.16712401522528106,1.0
