,Nelem,TravelTimeHour,Freq,AccumFreq
0,2005,1,0.5037688442211056,0.5037688442211056
1,1975,2,0.4962311557788945,1.0
