,Nelem,TravelTimeHour,Freq,AccumFreq
0,3787,1.0,0.34249796508998825,0.34249796508998825
1,3542,2.0,0.32034005607307586,0.6628380211630641
2,3728,3.0,0.3371619788369359,1.0
