,Nelem,TravelTimeHour,Freq,AccumFreq
0,3866,1,0.6264786906498137,0.6264786906498137
1,2305,2,0.37352130935018635,1.0
