,Nelem,TravelTimeHour,Freq,AccumFreq
0,3148,1,0.591840571536003,0.591840571536003
1,2171,2,0.408159428463997,1.0
