,Nelem,TravelTimeHour,Freq,AccumFreq
0,3539,1.0,0.26845179397709173,0.26845179397709173
1,2647,2.0,0.20078889478874307,0.4692406887658348
2,2359,3.0,0.17894257756201168,0.6481832663278465
3,2620,4.0,0.19874080254873702,0.8469240688765836
4,2018,5.0,0.15307593112341653,1.0
