,Nelem,TravelTimeHour,Freq,AccumFreq
0,2960,1,0.8006491750067622,0.8006491750067622
1,737,2,0.19935082499323775,1.0
