,Nelem,TravelTimeHour,Freq,AccumFreq
0,1761,1,0.648379970544919,0.648379970544919
1,955,2,0.35162002945508103,1.0
