,Nelem,TravelTimeHour,Freq,AccumFreq
0,3095,1.0,0.487478343046149,0.487478343046149
1,2127,2.0,0.3350133879351079,0.8224917309812569
2,1127,3.0,0.17750826901874311,1.0
