,Nelem,TravelTimeHour,Freq,AccumFreq
0,5968,1,0.542446827849482,0.542446827849482
1,5034,2,0.4575531721505181,1.0
