,Nelem,TravelTimeHour,Freq,AccumFreq
0,2018,1,0.5186327422256489,0.5186327422256489
1,1873,2,0.4813672577743511,1.0
