,Nelem,TravelTimeHour,Freq,AccumFreq
0,2002,1.0,0.43427331887201737,0.43427331887201737
1,1399,2.0,0.303470715835141,0.7377440347071584
2,489,3.0,0.10607375271149674,0.8438177874186552
3,720,4.0,0.1561822125813449,1.0
