,Nelem,TravelTimeHour,Freq,AccumFreq
0,5085,1,0.5311259661583455,0.5311259661583455
1,4489,2,0.4688740338416545,1.0
