,Nelem,TravelTimeHour,Freq,AccumFreq
0,2532,1,0.6211972522080471,0.6211972522080471
1,1544,2,0.3788027477919529,1.0
