,Nelem,TravelTimeHour,Freq,AccumFreq
0,5128,1,0.48689707557918727,0.48689707557918727
1,5404,2,0.5131029244208127,1.0
