,Nelem,TravelTimeHour,Freq,AccumFreq
0,2147,1,0.5429944360141629,0.5429944360141629
1,1807,2,0.45700556398583714,1.0
