,Nelem,TravelTimeHour,Freq,AccumFreq
0,3925,1.0,0.4983494159471813,0.4983494159471813
1,2718,2.0,0.34509903504316913,0.8434484509903504
2,1233,3.0,0.15655154900964957,1.0
