,Nelem,TravelTimeHour,Freq,AccumFreq
0,3141,1.0,0.3546747967479675,0.3546747967479675
1,2986,2.0,0.3371725383920506,0.6918473351400181
2,2729,3.0,0.30815266485998194,1.0
