,Nelem,TravelTimeHour,Freq,AccumFreq
0,2808,1.0,0.29983982915109453,0.29983982915109453
1,3147,2.0,0.3360384410037373,0.6358782701548318
2,3410,3.0,0.36412172984516816,1.0
