,Nelem,TravelTimeHour,Freq,AccumFreq
0,7104,1.0,0.48868404760266904,0.48868404760266904
1,4682,2.0,0.3220747059228176,0.8107587535254867
2,2751,3.0,0.18924124647451332,1.0
