,Nelem,TravelTimeHour,Freq,AccumFreq
0,4723,1,0.5182137371077463,0.5182137371077463
1,4391,2,0.4817862628922537,1.0
