,Nelem,TravelTimeHour,Freq,AccumFreq
0,4624,1.0,0.46421042064049794,0.46421042064049794
1,2901,2.0,0.2912358196968176,0.7554462403373156
2,1549,3.0,0.1555064752534886,0.9109527155908042
3,887,4.0,0.08904728440919586,1.0
