,Nelem,TravelTimeHour,Freq,AccumFreq
0,8348,1,0.5876390257637618,0.5876390257637618
1,5858,2,0.4123609742362382,1.0
