,Nelem,TravelTimeHour,Freq,AccumFreq
0,2882,1,0.5997918834547347,0.5997918834547347
1,1923,2,0.40020811654526534,1.0
