,Nelem,TravelTimeHour,Freq,AccumFreq
0,4210,1.0,0.4868740603677576,0.4868740603677576
1,1977,2.0,0.22863420839597548,0.7155082687637331
2,1368,3.0,0.15820515785821673,0.8737134266219498
3,1092,4.0,0.1262865733780502,1.0
