,Nelem,TravelTimeHour,Freq,AccumFreq
0,3638,1.0,0.5628964876992109,0.5628964876992109
1,1944,2.0,0.30078910722574653,0.8636855949249573
2,881,3.0,0.13631440507504256,0.9999999999999999
