,Nelem,TravelTimeHour,Freq,AccumFreq
0,4265,1,0.5283696729435085,0.5283696729435085
1,3807,2,0.47163032705649155,1.0
