,Nelem,TravelTimeHour,Freq,AccumFreq
0,2553,1,0.555362192734392,0.555362192734392
1,2044,2,0.44463780726560803,1.0
