,Nelem,TravelTimeHour,Freq,AccumFreq
0,7202,1,0.644993730969013,0.644993730969013
1,3964,2,0.3550062690309869,1.0
