,Nelem,TravelTimeHour,Freq,AccumFreq
0,2019,1,0.5368253124169104,0.5368253124169104
1,1742,2,0.4631746875830896,1.0
