,Nelem,TravelTimeHour,Freq,AccumFreq
0,3335,1.0,0.14555691340782123,0.14555691340782123
1,4359,2.0,0.19024965083798884,0.33580656424581007
2,5660,3.0,0.24703212290502793,0.582838687150838
3,4992,4.0,0.21787709497206703,0.800715782122905
4,4566,5.0,0.19928421787709497,0.9999999999999999
