,Nelem,TravelTimeHour,Freq,AccumFreq
0,1687,1.0,0.38141532896224284,0.38141532896224284
1,1585,2.0,0.35835405833144923,0.7397693872936921
2,1151,3.0,0.26023061270630793,1.0
