,Nelem,TravelTimeHour,Freq,AccumFreq
0,7056,1.0,0.3862491788920517,0.3862491788920517
1,5970,2.0,0.32680096343332604,0.7130501423253777
2,5242,3.0,0.2869498576746223,1.0
