,Nelem,TravelTimeHour,Freq,AccumFreq
0,4942,1,0.6324545687228053,0.6324545687228053
1,2872,2,0.3675454312771948,1.0
