,Nelem,TravelTimeHour,Freq,AccumFreq
0,3090,1,0.6426788685524126,0.6426788685524126
1,1718,2,0.35732113144758737,1.0
