,Nelem,TravelTimeHour,Freq,AccumFreq
0,3956,1,0.6053557765876052,0.6053557765876052
1,2579,2,0.3946442234123948,1.0
