,Nelem,TravelTimeHour,Freq,AccumFreq
0,8228,1.0,0.42127899237110233,0.42127899237110233
1,5449,2.0,0.2789923711023501,0.7002713634734524
2,3123,3.0,0.15989964671547796,0.8601710101889304
3,2731,4.0,0.1398289898110696,1.0
