,Nelem,TravelTimeHour,Freq,AccumFreq
0,1943,1,0.6546495956873315,0.6546495956873315
1,1025,2,0.34535040431266845,1.0
