,Nelem,TravelTimeHour,Freq,AccumFreq
0,3895,1.0,0.42540410659676714,0.42540410659676714
1,3355,2.0,0.3664263870685889,0.791830493665356
2,1906,3.0,0.20816950633464396,0.9999999999999999
