,Nelem,TravelTimeHour,Freq,AccumFreq
0,5559,1.0,0.4369595975475554,0.4369595975475554
1,4105,2.0,0.32266939160509356,0.759628989152649
2,1833,3.0,0.1440811193208615,0.9037101084735105
3,1225,4.0,0.09628989152648955,1.0
