,Nelem,TravelTimeHour,Freq,AccumFreq
0,4110,1.0,0.16998221597253815,0.16998221597253815
1,4750,2.0,0.19645146614831052,0.3664336821208487
2,4928,3.0,0.2038132263534472,0.5702469084742959
3,3988,4.0,0.16493651515778154,0.7351834236320774
4,2937,5.0,0.12146904338475537,0.8566524670168328
5,2002,6.0,0.08279912320608793,0.9394515902229208
6,1464,7.0,0.06054840977707928,1.0
