,Nelem,TravelTimeHour,Freq,AccumFreq
0,1638,1.0,0.3293124246079614,0.3293124246079614
1,1843,2.0,0.37052673904302375,0.6998391636509851
2,1493,3.0,0.30016083634901486,1.0
