,Nelem,TravelTimeHour,Freq,AccumFreq
0,7173,1,0.6444743935309973,0.6444743935309973
1,3957,2,0.3555256064690027,1.0
