,Nelem,TravelTimeHour,Freq,AccumFreq
0,5565,1.0,0.5376811594202898,0.5376811594202898
1,2576,2.0,0.24888888888888888,0.7865700483091786
2,2209,3.0,0.21342995169082127,0.9999999999999999
