,Nelem,TravelTimeHour,Freq,AccumFreq
0,3604,1,0.5628611588317975,0.5628611588317975
1,2799,2,0.4371388411682024,1.0
