,Nelem,TravelTimeHour,Freq,AccumFreq
0,5031,1.0,0.4517374517374517,0.4517374517374517
1,3510,2.0,0.3151656640028733,0.766903115740325
2,2596,3.0,0.23309688425967495,1.0
