,Nelem,TravelTimeHour,Freq,AccumFreq
0,7471,1,0.766335008718843,0.766335008718843
1,2278,2,0.23366499128115703,1.0
