,Nelem,TravelTimeHour,Freq,AccumFreq
0,2449,1,0.5665047420772612,0.5665047420772612
1,1874,2,0.43349525792273885,1.0
