,Nelem,TravelTimeHour,Freq,AccumFreq
0,5439,1,0.5915814661735914,0.5915814661735914
1,3755,2,0.4084185338264085,1.0
