,Nelem,TravelTimeHour,Freq,AccumFreq
0,2439,1,0.5865800865800865,0.5865800865800865
1,1719,2,0.4134199134199134,1.0
