,Nelem,TravelTimeHour,Freq,AccumFreq
0,8744,1,0.6331643736422882,0.6331643736422882
1,5066,2,0.36683562635771183,1.0
