,Nelem,TravelTimeHour,Freq,AccumFreq
0,6496,1,0.5472159043046079,0.5472159043046079
1,5375,2,0.45278409569539213,1.0
