,Nelem,TravelTimeHour,Freq,AccumFreq
0,5760,1,0.5347196435202377,0.5347196435202377
1,5012,2,0.46528035647976235,1.0
