,Nelem,TravelTimeHour,Freq,AccumFreq
0,2678,1.0,0.4248770426780898,0.4248770426780898
1,1806,2.0,0.2865302237029986,0.7114072663810884
2,1029,3.0,0.1632555925749643,0.8746628589560528
3,790,4.0,0.12533714104394733,1.0
