,Nelem,TravelTimeHour,Freq,AccumFreq
0,4997,1.0,0.3213298180181339,0.3213298180181339
1,5307,2.0,0.3412642273808758,0.6625940453990097
2,5247,3.0,0.33740595460099027,1.0
