,Nelem,TravelTimeHour,Freq,AccumFreq
0,1271,1.0,0.1406128996570417,0.1406128996570417
1,1175,2.0,0.1299922557805067,0.2706051554375484
2,1797,3.0,0.19880517756388982,0.4694103330014382
3,2235,4.0,0.2472618652505808,0.716672198252019
4,2561,5.0,0.28332780174798095,1.0
