,Nelem,TravelTimeHour,Freq,AccumFreq
0,1599,1,0.4753269916765755,0.4753269916765755
1,1765,2,0.5246730083234245,1.0
