,Nelem,TravelTimeHour,Freq,AccumFreq
0,4383,1.0,0.4662269971279651,0.4662269971279651
1,1724,2.0,0.18338474630358473,0.6496117434315498
2,2097,3.0,0.2230613764493139,0.8726731198808637
3,1197,4.0,0.12732688011913626,1.0
