,Nelem,TravelTimeHour,Freq,AccumFreq
0,2368,1,0.5338142470694319,0.5338142470694319
1,2068,2,0.4661857529305681,1.0
