,Nelem,TravelTimeHour,Freq,AccumFreq
0,2833,1.0,0.6611435239206535,0.6611435239206535
1,1240,2.0,0.2893815635939323,0.9505250875145858
2,212,3.0,0.04947491248541423,1.0
