,Nelem,TravelTimeHour,Freq,AccumFreq
0,5081,1,0.611873795761079,0.611873795761079
1,3223,2,0.388126204238921,1.0
