,Nelem,TravelTimeHour,Freq,AccumFreq
0,5446,1.0,0.44208133777092296,0.44208133777092296
1,4588,2.0,0.3724328273398815,0.8145141651108044
2,2285,3.0,0.18548583488919554,1.0
