,Nelem,TravelTimeHour,Freq,AccumFreq
0,1727,1,0.5973711518505708,0.5973711518505708
1,1164,2,0.4026288481494293,1.0
