,Nelem,TravelTimeHour,Freq,AccumFreq
0,1533,1.0,0.43427762039660056,0.43427762039660056
1,1409,2.0,0.3991501416430595,0.8334277620396601
2,588,3.0,0.16657223796033993,1.0
