,Nelem,TravelTimeHour,Freq,AccumFreq
0,2507,1,0.5926713947990544,0.5926713947990544
1,1723,2,0.4073286052009456,1.0
