,Nelem,TravelTimeHour,Freq,AccumFreq
0,2228,1,0.6119198022521285,0.6119198022521285
1,1413,2,0.38808019774787145,1.0
