,Nelem,TravelTimeHour,Freq,AccumFreq
0,4945,1,0.5893921334922527,0.5893921334922527
1,3445,2,0.41060786650774733,1.0
