,Nelem,TravelTimeHour,Freq,AccumFreq
0,4399,1,0.6166246145220073,0.6166246145220073
1,2735,2,0.3833753854779927,1.0
