,Nelem,TravelTimeHour,Freq,AccumFreq
0,2888,1.0,0.37409326424870465,0.37409326424870465
1,2823,2.0,0.3656735751295337,0.7397668393782384
2,2009,3.0,0.26023316062176166,1.0
