,Nelem,TravelTimeHour,Freq,AccumFreq
0,7218,1.0,0.40546006066734075,0.40546006066734075
1,5614,2.0,0.31535782496348724,0.720817885630828
2,4970,3.0,0.279182114369172,1.0
