,Nelem,TravelTimeHour,Freq,AccumFreq
0,2123,1.0,0.32747184945241403,0.32747184945241403
1,2455,2.0,0.37868270862255127,0.7061545580749653
2,1905,3.0,0.2938454419250347,1.0
