,Nelem,TravelTimeHour,Freq,AccumFreq
0,3769,1.0,0.33439801259870466,0.33439801259870466
1,3831,2.0,0.3398988554697897,0.6742968680684944
2,3671,3.0,0.32570313193150563,1.0
