,Nelem,TravelTimeHour,Freq,AccumFreq
0,5082,1.0,0.4120651909511068,0.4120651909511068
1,4617,2.0,0.37436146922889807,0.7864266601800048
2,2634,3.0,0.21357333981999513,1.0
