,Nelem,TravelTimeHour,Freq,AccumFreq
0,6646,1.0,0.45869280143557184,0.45869280143557184
1,5277,2.0,0.36420732969839187,0.8229001311339637
2,2566,3.0,0.1770998688660363,1.0
