,Nelem,TravelTimeHour,Freq,AccumFreq
0,3791,1,0.6745551601423487,0.6745551601423487
1,1829,2,0.32544483985765127,1.0
