,Nelem,TravelTimeHour,Freq,AccumFreq
0,7109,1.0,0.30639600034479786,0.30639600034479786
1,6804,2.0,0.2932505818463926,0.5996465821911905
2,5279,3.0,0.227523489354366,0.8271700715455566
3,4010,4.0,0.1728299284544436,1.0000000000000002
