,Nelem,TravelTimeHour,Freq,AccumFreq
0,2511,1,0.4851236476043277,0.4851236476043277
1,2665,2,0.5148763523956723,1.0
