,Nelem,TravelTimeHour,Freq,AccumFreq
0,4693,1,0.5450638792102207,0.5450638792102207
1,3917,2,0.45493612078977935,1.0
