,Nelem,TravelTimeHour,Freq,AccumFreq
0,3827,1,0.5458565111966909,0.5458565111966909
1,3184,2,0.45414348880330907,1.0
