,Nelem,TravelTimeHour,Freq,AccumFreq
0,2463,1,0.6709343503132661,0.6709343503132661
1,1208,2,0.32906564968673385,1.0
