,Nelem,TravelTimeHour,Freq,AccumFreq
0,3354,1.0,0.4415481832543444,0.4415481832543444
1,2145,2.0,0.2823854660347551,0.7239336492890995
2,1011,3.0,0.13309636650868878,0.8570300157977884
3,1086,4.0,0.1429699842022117,1.0
