,Nelem,TravelTimeHour,Freq,AccumFreq
0,6428,1.0,0.46257915947035116,0.46257915947035116
1,3495,2.0,0.2515112262521589,0.71409038572251
2,2277,3.0,0.163860103626943,0.8779504893494531
3,1696,4.0,0.12204951065054692,1.0
