,Nelem,TravelTimeHour,Freq,AccumFreq
0,3222,1,0.523817265485287,0.523817265485287
1,2929,2,0.47618273451471305,1.0
