,Nelem,TravelTimeHour,Freq,AccumFreq
0,3175,1.0,0.16413358147229115,0.16413358147229115
1,4290,2.0,0.2217741935483871,0.38590777502067825
2,4649,3.0,0.24033291976840365,0.626240694789082
3,4684,4.0,0.24214226633581473,0.8683829611248967
4,2546,5.0,0.1316170388751034,1.0
