,Nelem,TravelTimeHour,Freq,AccumFreq
0,6301,1.0,0.4393390043229675,0.4393390043229675
1,5183,2.0,0.3613861386138614,0.800725142936829
2,2858,3.0,0.1992748570631711,1.0
