,Nelem,TravelTimeHour,Freq,AccumFreq
0,4186,1.0,0.4464114322277914,0.4464114322277914
1,2812,2.0,0.299882691692439,0.7462941239202303
2,2379,3.0,0.25370587607976963,1.0
