,Nelem,TravelTimeHour,Freq,AccumFreq
0,2578,1,0.5290375538682537,0.5290375538682537
1,2295,2,0.47096244613174637,1.0
