,Nelem,TravelTimeHour,Freq,AccumFreq
0,4834,1.0,0.33787656391975956,0.33787656391975956
1,5488,2.0,0.38358845320472496,0.7214650171244845
2,3985,3.0,0.2785349828755155,1.0
