,Nelem,TravelTimeHour,Freq,AccumFreq
0,3761,1,0.5083119340451412,0.5083119340451412
1,3638,2,0.49168806595485876,1.0
