,Nelem,TravelTimeHour,Freq,AccumFreq
0,3769,1,0.5177197802197803,0.5177197802197803
1,3511,2,0.4822802197802198,1.0
