,Nelem,TravelTimeHour,Freq,AccumFreq
0,4335,1.0,0.5145400593471811,0.5145400593471811
1,2339,2.0,0.27762611275964394,0.7921661721068249
2,1751,3.0,0.20783382789317506,1.0
