,Nelem,TravelTimeHour,Freq,AccumFreq
0,8171,1.0,0.5553969548667754,0.5553969548667754
1,3969,2.0,0.26977977161500816,0.8251767264817835
2,2572,3.0,0.17482327351821642,1.0
