,Nelem,TravelTimeHour,Freq,AccumFreq
0,8390,1.0,0.48011444921316165,0.48011444921316165
1,5548,2.0,0.3174821173104435,0.7975965665236051
2,3537,3.0,0.20240343347639486,1.0
