,Nelem,TravelTimeHour,Freq,AccumFreq
0,2671,1,0.5376409017713365,0.5376409017713365
1,2297,2,0.46235909822866345,1.0
