,Nelem,TravelTimeHour,Freq,AccumFreq
0,3953,1,0.6430779241906621,0.6430779241906621
1,2194,2,0.3569220758093379,1.0
