,Nelem,TravelTimeHour,Freq,AccumFreq
0,5593,1.0,0.4690933489893483,0.4690933489893483
1,4057,2.0,0.3402667113981381,0.8093600603874864
2,2273,3.0,0.19063993961251363,1.0
