,Nelem,TravelTimeHour,Freq,AccumFreq
0,5309,1.0,0.23223972003499563,0.23223972003499563
1,6058,2.0,0.26500437445319336,0.49724409448818896
2,5202,3.0,0.22755905511811023,0.7248031496062992
3,3811,4.0,0.16671041119860017,0.8915135608048994
4,2480,5.0,0.1084864391951006,1.0
