,Nelem,TravelTimeHour,Freq,AccumFreq
0,3209,1,0.522213181448332,0.522213181448332
1,2936,2,0.47778681855166805,1.0
