,Nelem,TravelTimeHour,Freq,AccumFreq
0,4104,1.0,0.3383347073371805,0.3383347073371805
1,3921,2.0,0.32324814509480626,0.6615828524319868
2,4105,3.0,0.33841714756801317,1.0
