,Nelem,TravelTimeHour,Freq,AccumFreq
0,3406,1.0,0.21015610538656138,0.21015610538656138
1,3403,2.0,0.2099710001851052,0.42012710557166655
2,3816,3.0,0.2354538162522367,0.6555809218239033
3,2885,4.0,0.17800950206700808,0.8335904238909113
4,2697,5.0,0.16640957610908866,1.0
