,Nelem,TravelTimeHour,Freq,AccumFreq
0,5676,1.0,0.32386169120164326,0.32386169120164326
1,4512,2.0,0.2574460801095515,0.5813077713111947
2,2873,3.0,0.16392787858039484,0.7452356498915895
3,1546,4.0,0.08821179961200502,0.8334474495035945
4,1607,5.0,0.09169234280497547,0.92513979230857
5,1312,6.0,0.07486020769142987,0.9999999999999999
