,Nelem,TravelTimeHour,Freq,AccumFreq
0,5069,1.0,0.3673454598159287,0.3673454598159287
1,4398,2.0,0.31871874773534314,0.6860642075512718
2,4332,3.0,0.31393579244872816,1.0
