,Nelem,TravelTimeHour,Freq,AccumFreq
0,6416,1.0,0.3278990136454234,0.3278990136454234
1,5523,2.0,0.2822609495579292,0.6101599632033525
2,4764,3.0,0.24347115040629633,0.8536311136096488
3,2864,4.0,0.1463688863903511,0.9999999999999999
