,Nelem,TravelTimeHour,Freq,AccumFreq
0,1992,1.0,0.49490683229813665,0.49490683229813665
1,1207,2.0,0.2998757763975155,0.7947826086956522
2,826,3.0,0.20521739130434782,1.0
