,Nelem,TravelTimeHour,Freq,AccumFreq
0,2299,1,0.4432234432234432,0.4432234432234432
1,2888,2,0.5567765567765568,1.0
