,Nelem,TravelTimeHour,Freq,AccumFreq
0,1894,1.0,0.3385165326184093,0.3385165326184093
1,1925,2.0,0.34405719392314565,0.682573726541555
2,1776,3.0,0.31742627345844504,1.0
