,Nelem,TravelTimeHour,Freq,AccumFreq
0,5451,1.0,0.3316500365052324,0.3316500365052324
1,4385,2.0,0.26679240691165734,0.5984424434168898
2,2543,3.0,0.15472134339255295,0.7531637868094427
3,2156,4.0,0.131175468483816,0.8843392552932587
4,1901,5.0,0.1156607447067413,1.0
