,Nelem,TravelTimeHour,Freq,AccumFreq
0,1820,1.0,0.5118110236220472,0.5118110236220472
1,1100,2.0,0.3093363329583802,0.8211473565804275
2,636,3.0,0.17885264341957255,1.0
