,Nelem,TravelTimeHour,Freq,AccumFreq
0,3318,1,0.586944984963736,0.586944984963736
1,2335,2,0.4130550150362639,1.0
