,Nelem,TravelTimeHour,Freq,AccumFreq
0,4732,1,0.600507614213198,0.600507614213198
1,3148,2,0.399492385786802,1.0
