,Nelem,TravelTimeHour,Freq,AccumFreq
0,3262,1,0.6307037896365043,0.6307037896365043
1,1910,2,0.36929621036349575,1.0
