,Nelem,TravelTimeHour,Freq,AccumFreq
0,5872,1.0,0.494525854808826,0.494525854808826
1,3986,2.0,0.33569142664645446,0.8302172814552804
2,2016,3.0,0.16978271854471955,1.0
