,Nelem,TravelTimeHour,Freq,AccumFreq
0,1644,1.0,0.2993990165725733,0.2993990165725733
1,1154,2.0,0.21016208340921508,0.5095610999817883
2,1003,3.0,0.1826625386996904,0.6922236386814787
3,271,4.0,0.04935348752504098,0.7415771262065197
4,651,5.0,0.11855763977417592,0.8601347659806956
5,768,6.0,0.1398652340193043,0.9999999999999999
