,Nelem,TravelTimeHour,Freq,AccumFreq
0,3204,1,0.5708177445216461,0.5708177445216461
1,2409,2,0.4291822554783538,1.0
