,Nelem,TravelTimeHour,Freq,AccumFreq
0,1951,1,0.5287262872628726,0.5287262872628726
1,1739,2,0.47127371273712737,1.0
