,Nelem,TravelTimeHour,Freq,AccumFreq
0,5724,1,0.6385542168674698,0.6385542168674698
1,3240,2,0.3614457831325301,1.0
