,Nelem,TravelTimeHour,Freq,AccumFreq
0,6767,1.0,0.288534515840191,0.288534515840191
1,6670,2.0,0.28439858440284826,0.5729331002430393
2,5282,3.0,0.22521639022726303,0.7981494904703024
3,4734,4.0,0.20185050952969769,1.0
