,Nelem,TravelTimeHour,Freq,AccumFreq
0,5706,1.0,0.4598275445241357,0.4598275445241357
1,3419,2.0,0.27552582802804415,0.7353533725521799
2,1984,3.0,0.15988395519381093,0.8952373277459909
3,1300,4.0,0.10476267225400919,1.0
