,Nelem,TravelTimeHour,Freq,AccumFreq
0,5194,1,0.622184954480115,0.622184954480115
1,3154,2,0.377815045519885,1.0
