,Nelem,TravelTimeHour,Freq,AccumFreq
0,5272,1,0.5942960207417427,0.5942960207417427
1,3599,2,0.40570397925825724,1.0
