,Nelem,TravelTimeHour,Freq,AccumFreq
0,7214,1,0.5675399260483046,0.5675399260483046
1,5497,2,0.4324600739516954,1.0
