,Nelem,TravelTimeHour,Freq,AccumFreq
0,6916,1.0,0.38503507404520654,0.38503507404520654
1,5113,2.0,0.28465649704932633,0.6696915710945328
2,3483,3.0,0.19390936421333926,0.8636009353078721
3,2450,4.0,0.1363990646921278,0.9999999999999999
