,Nelem,TravelTimeHour,Freq,AccumFreq
0,2337,1.0,0.2667808219178082,0.2667808219178082
1,1943,2.0,0.22180365296803653,0.4885844748858448
2,2149,3.0,0.24531963470319634,0.7339041095890411
3,2331,4.0,0.2660958904109589,1.0
