,Nelem,TravelTimeHour,Freq,AccumFreq
0,4461,1.0,0.4476668339187155,0.4476668339187155
1,3433,2.0,0.3445057701956849,0.7921726041144004
2,2071,3.0,0.2078273958855996,1.0
