,Nelem,TravelTimeHour,Freq,AccumFreq
0,4855,1.0,0.3877176169940904,0.3877176169940904
1,1773,2.0,0.14159080019166267,0.529308417185753
2,2052,3.0,0.1638715860086248,0.6931800031943779
3,2191,4.0,0.17497204919341958,0.8681520523877975
4,1651,5.0,0.13184794761220253,1.0
