,Nelem,TravelTimeHour,Freq,AccumFreq
0,6077,1.0,0.5465419552117996,0.5465419552117996
1,3013,2.0,0.2709776058998111,0.8175195611116107
2,2029,3.0,0.18248043888838925,1.0
