,Nelem,TravelTimeHour,Freq,AccumFreq
0,2597,1.0,0.4033234974374903,0.4033234974374903
1,2038,2.0,0.31650877465444943,0.7198322720919397
2,1804,3.0,0.28016772790806027,1.0
