,Nelem,TravelTimeHour,Freq,AccumFreq
0,8322,1,0.5268422385414029,0.5268422385414029
1,7474,2,0.4731577614585971,1.0
