,Nelem,TravelTimeHour,Freq,AccumFreq
0,2056,1.0,0.40826052422557585,0.40826052422557585
1,1675,2.0,0.33260524225575855,0.7408657664813344
2,1305,3.0,0.2591342335186656,1.0
