,Nelem,TravelTimeHour,Freq,AccumFreq
0,9525,1,0.5744526868102044,0.5744526868102044
1,7056,2,0.42554731318979555,1.0
