,Nelem,TravelTimeHour,Freq,AccumFreq
0,3676,1.0,0.4128945299337302,0.4128945299337302
1,2968,2.0,0.3333707738964394,0.7462653038301696
2,1438,3.0,0.16151858923958215,0.9077838930697518
3,339,4.0,0.03807705267887229,0.9458609457486241
4,482,5.0,0.05413905425137594,1.0
