,Nelem,TravelTimeHour,Freq,AccumFreq
0,4865,1,0.5312295260974012,0.5312295260974012
1,4293,2,0.4687704739025988,1.0
