,Nelem,TravelTimeHour,Freq,AccumFreq
0,1868,1,0.5332572081073366,0.5332572081073366
1,1635,2,0.46674279189266343,1.0
