,Nelem,TravelTimeHour,Freq,AccumFreq
0,1991,1,0.46013404206147446,0.46013404206147446
1,2336,2,0.5398659579385255,1.0
