,Nelem,TravelTimeHour,Freq,AccumFreq
0,5338,1.0,0.4924808561675431,0.4924808561675431
1,3434,2.0,0.3168188947319863,0.8092997508995294
2,2067,3.0,0.19070024910047054,1.0
