,Nelem,TravelTimeHour,Freq,AccumFreq
0,3798,1,0.6550534667126595,0.6550534667126595
1,2000,2,0.3449465332873405,1.0
