,Nelem,TravelTimeHour,Freq,AccumFreq
0,5072,1,0.4816256765739246,0.4816256765739246
1,5459,2,0.5183743234260754,1.0
