,Nelem,TravelTimeHour,Freq,AccumFreq
0,3310,1,0.6058941973274757,0.6058941973274757
1,2153,2,0.39410580267252426,1.0
