,Nelem,TravelTimeHour,Freq,AccumFreq
0,3276,1,0.6334106728538283,0.6334106728538283
1,1896,2,0.3665893271461717,1.0
