,Nelem,TravelTimeHour,Freq,AccumFreq
0,3158,1.0,0.36140993362325474,0.36140993362325474
1,3205,2.0,0.3667887388418402,0.728198672465095
2,2375,3.0,0.271801327534905,1.0
