,Nelem,TravelTimeHour,Freq,AccumFreq
0,2871,1.0,0.47478088308252026,0.47478088308252026
1,2044,2.0,0.3380188523234662,0.8127997354059864
2,1132,3.0,0.18720026459401357,1.0
