,Nelem,TravelTimeHour,Freq,AccumFreq
0,8024,1,0.6013189448441247,0.6013189448441247
1,5320,2,0.3986810551558753,1.0
