,Nelem,TravelTimeHour,Freq,AccumFreq
0,3436,1.0,0.5678400264419105,0.5678400264419105
1,1434,2.0,0.23698562221120476,0.8048256486531152
2,1181,3.0,0.19517435134688482,1.0
