,Nelem,TravelTimeHour,Freq,AccumFreq
0,2335,1,0.56062424969988,0.56062424969988
1,1830,2,0.43937575030012005,1.0
