,Nelem,TravelTimeHour,Freq,AccumFreq
0,2390,1.0,0.5260840854061193,0.5260840854061193
1,1169,2.0,0.2573189522342065,0.7834030376403258
2,984,3.0,0.2165969623596742,1.0
