,Nelem,TravelTimeHour,Freq,AccumFreq
0,2259,1,0.45830797321972,0.45830797321972
1,2670,2,0.54169202678028,1.0
