,Nelem,TravelTimeHour,Freq,AccumFreq
0,4187,1,0.5692726036709721,0.5692726036709721
1,3168,2,0.43072739632902785,1.0
