,Nelem,TravelTimeHour,Freq,AccumFreq
0,2633,1.0,0.4101885028820689,0.4101885028820689
1,1997,2.0,0.3111076491665368,0.7212961520486056
2,1789,3.0,0.2787038479513943,1.0
