,Nelem,TravelTimeHour,Freq,AccumFreq
0,2864,1,0.5738328992185935,0.5738328992185935
1,2127,2,0.4261671007814065,1.0
