,Nelem,TravelTimeHour,Freq,AccumFreq
0,2242,1.0,0.2571100917431193,0.2571100917431193
1,1487,2.0,0.17052752293577983,0.4276376146788991
2,1863,3.0,0.21364678899082568,0.6412844036697247
3,2068,4.0,0.2371559633027523,0.878440366972477
4,1060,5.0,0.12155963302752294,0.9999999999999999
