,Nelem,TravelTimeHour,Freq,AccumFreq
0,2065,1.0,0.39589723926380366,0.39589723926380366
1,1703,2.0,0.32649539877300615,0.7223926380368098
2,1448,3.0,0.2776073619631902,1.0
