,Nelem,TravelTimeHour,Freq,AccumFreq
0,4477,1,0.5720674674163047,0.5720674674163047
1,3349,2,0.4279325325836954,1.0
