,Nelem,TravelTimeHour,Freq,AccumFreq
0,3299,1.0,0.27725018909152027,0.27725018909152027
1,3487,2.0,0.2930498361206824,0.5703000252122027
2,2923,3.0,0.24565089503319607,0.8159509202453987
3,2190,4.0,0.18404907975460122,1.0
