,Nelem,TravelTimeHour,Freq,AccumFreq
0,3811,1.0,0.38171073717948717,0.38171073717948717
1,3030,2.0,0.3034855769230769,0.6851963141025641
2,1804,3.0,0.18068910256410256,0.8658854166666666
3,1339,4.0,0.13411458333333334,1.0
