,Nelem,TravelTimeHour,Freq,AccumFreq
0,563,1.0,0.07106791214339814,0.07106791214339814
1,780,2.0,0.09845998485231003,0.16952789699570817
2,796,3.0,0.10047967684928048,0.27000757384498864
3,383,4.0,0.048346377177480436,0.31835395102246905
4,7,5.0,0.0008836152486745772,0.31923756627114364
5,916,6.0,0.11562736682655896,0.4348649330977026
6,1247,7.0,0.15740974501388538,0.592274678111588
7,1854,8.0,0.23403181014895227,0.8263064882605402
8,1376,9.0,0.17369351173945974,1.0
