,Nelem,TravelTimeHour,Freq,AccumFreq
0,1319,1.0,0.27721731820092477,0.27721731820092477
1,1794,2.0,0.3770491803278688,0.6542664985287936
2,1645,3.0,0.3457335014712064,1.0
