,Nelem,TravelTimeHour,Freq,AccumFreq
0,4566,1,0.5810638839399338,0.5810638839399338
1,3292,2,0.4189361160600662,1.0
