,Nelem,TravelTimeHour,Freq,AccumFreq
0,1440,1.0,0.4544020195645314,0.4544020195645314
1,983,2.0,0.3101924897443989,0.7645945093089304
2,746,3.0,0.23540549069106972,1.0
