,Nelem,TravelTimeHour,Freq,AccumFreq
0,1849,1,0.47938812548612914,0.47938812548612914
1,2008,2,0.5206118745138709,1.0
