,Nelem,TravelTimeHour,Freq,AccumFreq
0,3250,1.0,0.1102629346904156,0.1102629346904156
1,4166,2.0,0.1413401187446989,0.2516030534351145
2,5094,3.0,0.17282442748091603,0.42442748091603055
3,5692,4.0,0.1931128074639525,0.6175402883799831
4,6137,5.0,0.2082103477523325,0.8257506361323156
5,5136,6.0,0.17424936386768447,1.0
