,Nelem,TravelTimeHour,Freq,AccumFreq
0,2462,1,0.6218742106592574,0.6218742106592574
1,1497,2,0.3781257893407426,1.0
