,Nelem,TravelTimeHour,Freq,AccumFreq
0,1760,1,0.44829342842587877,0.44829342842587877
1,2166,2,0.5517065715741213,1.0
