,Nelem,TravelTimeHour,Freq,AccumFreq
0,3015,1.0,0.28793811479323844,0.28793811479323844
1,1903,2.0,0.18174004393085666,0.46967815872409513
2,1985,3.0,0.18957119663833444,0.6592493553624296
3,1159,4.0,0.1106866583898386,0.7699360137522682
4,854,5.0,0.08155859039251265,0.8514946041447808
5,799,6.0,0.07630598796676535,0.9278005921115462
6,756,7.0,0.07219940788845383,1.0
