,Nelem,TravelTimeHour,Freq,AccumFreq
0,5654,1.0,0.5083618054306779,0.5083618054306779
1,3165,2.0,0.28457112030210396,0.7929329257327818
2,2303,3.0,0.20706707426721813,1.0
