,Nelem,TravelTimeHour,Freq,AccumFreq
0,4054,1.0,0.3104372463435179,0.3104372463435179
1,4072,2.0,0.31181560609541314,0.622252852438931
2,3041,3.0,0.2328662225285244,0.8551190749674554
3,1892,4.0,0.1448809250325446,1.0
