,Nelem,TravelTimeHour,Freq,AccumFreq
0,3361,1,0.4546192344109293,0.4546192344109293
1,4032,2,0.5453807655890708,1.0
