,Nelem,TravelTimeHour,Freq,AccumFreq
0,4254,1.0,0.3730270080673448,0.3730270080673448
1,3554,2.0,0.31164503682918276,0.6846720448965276
2,3596,3.0,0.31532795510347245,1.0
