,Nelem,TravelTimeHour,Freq,AccumFreq
0,1713,1.0,0.21253101736972704,0.21253101736972704
1,1794,2.0,0.22258064516129034,0.4351116625310174
2,1547,3.0,0.19193548387096773,0.6270471464019851
3,1614,4.0,0.20024813895781637,0.8272952853598015
4,1392,5.0,0.17270471464019851,1.0
