,Nelem,TravelTimeHour,Freq,AccumFreq
0,2810,1.0,0.3873724841466777,0.3873724841466777
1,1374,2.0,0.18941273779983459,0.5767852219465123
2,1453,3.0,0.20030328094844224,0.7770885028949546
3,1617,4.0,0.2229114971050455,1.0
