,Nelem,TravelTimeHour,Freq,AccumFreq
0,4763,1,0.5587752229000469,0.5587752229000469
1,3761,2,0.44122477709995306,1.0
