,Nelem,TravelTimeHour,Freq,AccumFreq
0,3094,1.0,0.3658940397350993,0.3658940397350993
1,2694,2.0,0.3185903500473037,0.684484389782403
2,1274,3.0,0.15066225165562913,0.8351466414380322
3,1394,4.0,0.16485335856196784,1.0
