,Nelem,TravelTimeHour,Freq,AccumFreq
0,2491,1.0,0.355552383671139,0.355552383671139
1,2362,2.0,0.33713959463317156,0.6926919783043106
2,2153,3.0,0.3073080216956894,1.0
