,Nelem,TravelTimeHour,Freq,AccumFreq
0,5513,1,0.584437612636489,0.584437612636489
1,3920,2,0.4155623873635111,1.0
