,Nelem,TravelTimeHour,Freq,AccumFreq
0,3064,1.0,0.3446181531886177,0.3446181531886177
1,2815,2.0,0.3166123045776628,0.6612304577662805
2,3012,3.0,0.33876954223371947,1.0
