,Nelem,TravelTimeHour,Freq,AccumFreq
0,4476,1.0,0.355379118697896,0.355379118697896
1,4553,2.0,0.3614926558157999,0.7168717745136959
2,3566,3.0,0.28312822548630406,1.0
