,Nelem,TravelTimeHour,Freq,AccumFreq
0,4034,1.0,0.4513818954906568,0.4513818954906568
1,2455,2.0,0.27470068255566743,0.7260825780463243
2,2448,3.0,0.27391742195367574,1.0
