,Nelem,TravelTimeHour,Freq,AccumFreq
0,3088,1.0,0.5056492549533322,0.5056492549533322
1,1611,2.0,0.2637956443425577,0.76944489929589
2,1408,3.0,0.23055510070411003,1.0
