,Nelem,TravelTimeHour,Freq,AccumFreq
0,5419,1,0.6604509445460085,0.6604509445460085
1,2786,2,0.33954905545399144,1.0
