,Nelem,TravelTimeHour,Freq,AccumFreq
0,2051,1,0.5805264647608265,0.5805264647608265
1,1482,2,0.4194735352391735,1.0
