,Nelem,TravelTimeHour,Freq,AccumFreq
0,9512,1.0,0.28890778763212244,0.28890778763212244
1,9222,2.0,0.28009962337504557,0.569007411007168
2,8213,3.0,0.2494532863564573,0.8184606973636253
3,5977,4.0,0.1815393026363747,1.0
