,Nelem,TravelTimeHour,Freq,AccumFreq
0,3624,1.0,0.47471836520827876,0.47471836520827876
1,2331,2.0,0.3053445113963846,0.7800628766046633
2,1679,3.0,0.21993712339533666,1.0
