,Nelem,TravelTimeHour,Freq,AccumFreq
0,5843,1,0.6186997035154596,0.6186997035154596
1,3601,2,0.38130029648454045,1.0
