,Nelem,TravelTimeHour,Freq,AccumFreq
0,5573,1.0,0.5325879204892966,0.5325879204892966
1,3223,2.0,0.30800840978593275,0.8405963302752293
2,1668,3.0,0.15940366972477063,0.9999999999999999
