,Nelem,TravelTimeHour,Freq,AccumFreq
0,2917,1.0,0.4279008361449318,0.4279008361449318
1,2399,2.0,0.351914331817515,0.7798151679624468
2,1501,3.0,0.22018483203755318,1.0
