,Nelem,TravelTimeHour,Freq,AccumFreq
0,2947,1,0.5884584664536742,0.5884584664536742
1,2061,2,0.4115415335463259,1.0
