,Nelem,TravelTimeHour,Freq,AccumFreq
0,4664,1.0,0.38267148014440433,0.38267148014440433
1,3450,2.0,0.2830653101411224,0.6657367902855267
2,2472,3.0,0.20282244830981294,0.8685592385953396
3,1602,4.0,0.13144076140466032,0.9999999999999999
