,Nelem,TravelTimeHour,Freq,AccumFreq
0,5167,1.0,0.36539141503429745,0.36539141503429745
1,4733,2.0,0.3347005162294039,0.7000919312637013
2,2467,3.0,0.1744572519623789,0.8745491832260802
3,1774,4.0,0.1254508167739198,1.0
