,Nelem,TravelTimeHour,Freq,AccumFreq
0,4964,1,0.5588831344291826,0.5588831344291826
1,3918,2,0.44111686557081736,1.0
