,Nelem,TravelTimeHour,Freq,AccumFreq
0,4038,1,0.6340084785680641,0.6340084785680641
1,2331,2,0.3659915214319359,1.0
