,Nelem,TravelTimeHour,Freq,AccumFreq
0,2584,1.0,0.3520915656083935,0.3520915656083935
1,2984,2.0,0.4065949039378662,0.7586864695462596
2,1771,3.0,0.2413135304537403,0.9999999999999999
