,Nelem,TravelTimeHour,Freq,AccumFreq
0,7864,1,0.5836858902991168,0.5836858902991168
1,5609,2,0.41631410970088323,1.0
