,Nelem,TravelTimeHour,Freq,AccumFreq
0,1527,1.0,0.3269107257546564,0.3269107257546564
1,1092,2.0,0.23378291586384073,0.5606936416184971
2,983,3.0,0.2104474416613145,0.7711410832798116
3,1069,4.0,0.2288589167201884,1.0
