,Nelem,TravelTimeHour,Freq,AccumFreq
0,1555,1.0,0.3917863441672966,0.3917863441672966
1,1287,2.0,0.3242630385487528,0.7160493827160495
2,1127,3.0,0.2839506172839506,1.0
