,Nelem,TravelTimeHour,Freq,AccumFreq
0,924,1.0,0.27450980392156865,0.27450980392156865
1,1182,2.0,0.3511586452762923,0.625668449197861
2,795,3.0,0.23618538324420676,0.8618538324420678
3,465,4.0,0.13814616755793227,1.0
