,Nelem,TravelTimeHour,Freq,AccumFreq
0,2051,1,0.537192247249869,0.537192247249869
1,1767,2,0.462807752750131,1.0
