,Nelem,TravelTimeHour,Freq,AccumFreq
0,3765,1,0.6531922276197085,0.6531922276197085
1,1999,2,0.3468077723802915,1.0
