,Nelem,TravelTimeHour,Freq,AccumFreq
0,5171,1.0,0.4339179323655282,0.4339179323655282
1,3361,2.0,0.28203406897709155,0.7159520013426197
2,1907,3.0,0.16002349584627004,0.8759754971888898
3,1478,4.0,0.12402450281111017,1.0
