,Nelem,TravelTimeHour,Freq,AccumFreq
0,1533,1.0,0.32996125699526474,0.32996125699526474
1,1775,2.0,0.3820490744726647,0.7120103314679294
2,1338,3.0,0.2879896685320706,1.0
