,Nelem,TravelTimeHour,Freq,AccumFreq
0,3679,1.0,0.4888386925325538,0.4888386925325538
1,1932,2.0,0.2567100717512623,0.7455487642838161
2,1915,3.0,0.2544512357161839,1.0
