,Nelem,TravelTimeHour,Freq,AccumFreq
0,4229,1.0,0.3942755920193921,0.3942755920193921
1,3831,2.0,0.35716949468581016,0.7514450867052023
2,2666,3.0,0.24855491329479767,1.0
