,Nelem,TravelTimeHour,Freq,AccumFreq
0,7717,1,0.5527541007091182,0.5527541007091182
1,6244,2,0.44724589929088177,1.0
