,Nelem,TravelTimeHour,Freq,AccumFreq
0,5185,1.0,0.46564885496183206,0.46564885496183206
1,3662,2.0,0.32887292321508754,0.7945217781769196
2,2288,3.0,0.20547822182308037,1.0
