,Nelem,TravelTimeHour,Freq,AccumFreq
0,1903,1.0,0.45999516557892195,0.45999516557892195
1,1173,2.0,0.28353879622915157,0.7435339618080735
2,1061,3.0,0.25646603819192654,1.0
