,Nelem,TravelTimeHour,Freq,AccumFreq
0,6786,1.0,0.411796832332059,0.411796832332059
1,4212,2.0,0.255598033861278,0.667394866193337
2,3046,3.0,0.18484131318647976,0.8522361793798168
3,2435,4.0,0.14776382062018326,1.0
