,Nelem,TravelTimeHour,Freq,AccumFreq
0,5652,1,0.6598178846602848,0.6598178846602848
1,2914,2,0.34018211533971515,1.0
