,Nelem,TravelTimeHour,Freq,AccumFreq
0,3057,1.0,0.42767207610520425,0.42767207610520425
1,2307,2.0,0.3227476217123671,0.7504196978175713
2,1784,3.0,0.24958030218242866,1.0
