,Nelem,TravelTimeHour,Freq,AccumFreq
0,3935,1.0,0.5377152227384532,0.5377152227384532
1,2160,2.0,0.29516261273572014,0.8328778354741733
2,1223,3.0,0.16712216452582673,1.0
