,Nelem,TravelTimeHour,Freq,AccumFreq
0,1077,1.0,0.2426222122099572,0.2426222122099572
1,390,2.0,0.08785762559134941,0.33047983780130663
2,66,3.0,0.014868213561612977,0.34534805136291963
3,110,4.0,0.024780355936021625,0.37012840729894125
4,442,5.0,0.09957197567019599,0.46970038296913724
5,664,6.0,0.14958323946834873,0.619283622437486
6,1690,7.0,0.3807163775625141,1.0
