,Nelem,TravelTimeHour,Freq,AccumFreq
0,5177,1,0.669295410471881,0.669295410471881
1,2558,2,0.33070458952811893,1.0
