,Nelem,TravelTimeHour,Freq,AccumFreq
0,3097,1,0.509207497533706,0.509207497533706
1,2985,2,0.49079250246629397,1.0
