,Nelem,TravelTimeHour,Freq,AccumFreq
0,6203,1.0,0.4773374374759523,0.4773374374759523
1,4342,2.0,0.3341285109657561,0.8114659484417084
2,2450,3.0,0.18853405155829164,1.0
