,Nelem,TravelTimeHour,Freq,AccumFreq
0,3013,1.0,0.44075482738443533,0.44075482738443533
1,2488,2.0,0.3639555295494441,0.8047103569338794
2,1335,3.0,0.19528964306612054,0.9999999999999999
