,Nelem,TravelTimeHour,Freq,AccumFreq
0,2629,1.0,0.47566491767685903,0.47566491767685903
1,1611,2.0,0.2914781979373982,0.7671431156142572
2,1287,3.0,0.23285688438574273,0.9999999999999999
