,Nelem,TravelTimeHour,Freq,AccumFreq
0,4662,1,0.6991601679664067,0.6991601679664067
1,2006,2,0.30083983203359327,1.0
