,Nelem,TravelTimeHour,Freq,AccumFreq
0,7482,1.0,0.42746957664400387,0.42746957664400387
1,6145,2.0,0.3510826715420214,0.7785522481860252
2,3876,3.0,0.22144775181397475,1.0
