,Nelem,TravelTimeHour,Freq,AccumFreq
0,5393,1,0.5739676458067262,0.5739676458067262
1,4003,2,0.42603235419327373,1.0
