,Nelem,TravelTimeHour,Freq,AccumFreq
0,1738,1,0.43778337531486144,0.43778337531486144
1,2232,2,0.5622166246851386,1.0
