,Nelem,TravelTimeHour,Freq,AccumFreq
0,2068,1.0,0.5614987781699702,0.5614987781699702
1,1177,2.0,0.31957643225631277,0.8810752104262829
2,438,3.0,0.11892478957371708,1.0
