,Nelem,TravelTimeHour,Freq,AccumFreq
0,2161,1,0.556958762886598,0.556958762886598
1,1719,2,0.44304123711340204,1.0
