,Nelem,TravelTimeHour,Freq,AccumFreq
0,9028,1.0,0.4668769716088328,0.4668769716088328
1,6506,2.0,0.3364534312457982,0.803330402854631
2,2300,3.0,0.11894295909396493,0.9222733619485959
3,1503,4.0,0.07772663805140405,0.9999999999999999
