,Nelem,TravelTimeHour,Freq,AccumFreq
0,5473,1.0,0.3183087123415145,0.3183087123415145
1,4976,2.0,0.28940328021402817,0.6077119925555426
2,4219,3.0,0.24537629405606606,0.8530882866116087
3,2526,4.0,0.1469117133883913,1.0
