,Nelem,TravelTimeHour,Freq,AccumFreq
0,2286,1,0.6337676739672858,0.6337676739672858
1,1321,2,0.36623232603271416,1.0
