,Nelem,TravelTimeHour,Freq,AccumFreq
0,5384,1,0.5902861528341191,0.5902861528341191
1,3737,2,0.40971384716588094,1.0
