,Nelem,TravelTimeHour,Freq,AccumFreq
0,1444,1.0,0.3631790744466801,0.3631790744466801
1,1082,2.0,0.2721327967806841,0.6353118712273642
2,845,3.0,0.21252515090543259,0.8478370221327968
3,605,4.0,0.15216297786720323,1.0
