,Nelem,TravelTimeHour,Freq,AccumFreq
0,7156,1.0,0.43837294780691005,0.43837294780691005
1,5233,2.0,0.3205709384954668,0.7589438863023769
2,3935,3.0,0.24105611369762314,1.0
