,Nelem,TravelTimeHour,Freq,AccumFreq
0,1684,1.0,0.3615285530270502,0.3615285530270502
1,1993,2.0,0.4278660369257192,0.7893945899527695
2,981,3.0,0.21060541004723057,1.0
