,Nelem,TravelTimeHour,Freq,AccumFreq
0,5553,1,0.6192016057091883,0.6192016057091883
1,3415,2,0.38079839429081175,1.0
