,Nelem,TravelTimeHour,Freq,AccumFreq
0,2401,1,0.6628934290447267,0.6628934290447267
1,1221,2,0.33710657095527335,1.0
