,Nelem,TravelTimeHour,Freq,AccumFreq
0,4252,1,0.615874855156431,0.615874855156431
1,2652,2,0.38412514484356897,1.0
