,Nelem,TravelTimeHour,Freq,AccumFreq
0,2612,1,0.4628743576111997,0.4628743576111997
1,3031,2,0.5371256423888002,1.0
