,Nelem,TravelTimeHour,Freq,AccumFreq
0,6330,1.0,0.5974516281264748,0.5974516281264748
1,3032,2.0,0.28617272298253893,0.8836243511090137
2,1233,3.0,0.11637564889098631,1.0
