,Nelem,TravelTimeHour,Freq,AccumFreq
0,2400,1,0.5170185264971995,0.5170185264971995
1,2242,2,0.4829814735028005,1.0
