,Nelem,TravelTimeHour,Freq,AccumFreq
0,6459,1,0.547141041931385,0.547141041931385
1,5346,2,0.452858958068615,1.0
