,Nelem,TravelTimeHour,Freq,AccumFreq
0,1390,1,0.4861839804127317,0.4861839804127317
1,1469,2,0.5138160195872683,1.0
