,Nelem,TravelTimeHour,Freq,AccumFreq
0,3273,1.0,0.5680319333564734,0.5680319333564734
1,2126,2.0,0.36896910794862897,0.9370010413051024
2,363,3.0,0.0629989586948976,1.0
