,Nelem,TravelTimeHour,Freq,AccumFreq
0,6956,1.0,0.5221438222489115,0.5221438222489115
1,4427,2.0,0.33230746134214084,0.8544512835910524
2,1939,3.0,0.1455487164089476,1.0
