,Nelem,TravelTimeHour,Freq,AccumFreq
0,2279,1.0,0.3561493983434912,0.3561493983434912
1,1732,2.0,0.2706672917643382,0.6268166901078294
2,1496,3.0,0.23378652914517895,0.8606032192530083
3,892,4.0,0.13939678074699172,1.0
