,Nelem,TravelTimeHour,Freq,AccumFreq
0,2506,1.0,0.42195655834315543,0.42195655834315543
1,2394,2.0,0.4030981646741876,0.8250547230173431
2,1039,3.0,0.17494527698265702,1.0
