,Nelem,TravelTimeHour,Freq,AccumFreq
0,1738,1.0,0.3054481546572935,0.3054481546572935
1,1169,2.0,0.2054481546572935,0.5108963093145871
2,1260,3.0,0.22144112478031636,0.7323374340949034
3,743,4.0,0.13057996485061513,0.8629173989455186
4,780,5.0,0.13708260105448156,1.0
