,Nelem,TravelTimeHour,Freq,AccumFreq
0,4127,1,0.5751114827201784,0.5751114827201784
1,3049,2,0.42488851727982163,1.0
