,Nelem,TravelTimeHour,Freq,AccumFreq
0,2708,1,0.5395497110978282,0.5395497110978282
1,2311,2,0.46045028890217177,1.0
