,Nelem,TravelTimeHour,Freq,AccumFreq
0,2819,1,0.6227081952728076,0.6227081952728076
1,1708,2,0.3772918047271924,1.0
