,Nelem,TravelTimeHour,Freq,AccumFreq
0,4121,1.0,0.47680203632997803,0.47680203632997803
1,2759,2.0,0.31921786416753445,0.7960199004975125
2,1763,3.0,0.20398009950248755,1.0
