,Nelem,TravelTimeHour,Freq,AccumFreq
0,2122,1,0.6118800461361015,0.6118800461361015
1,1346,2,0.3881199538638985,1.0
