,Nelem,TravelTimeHour,Freq,AccumFreq
0,2938,1.0,0.42425992779783395,0.42425992779783395
1,2260,2.0,0.3263537906137184,0.7506137184115523
2,1727,3.0,0.24938628158844767,1.0
