,Nelem,TravelTimeHour,Freq,AccumFreq
0,3866,1.0,0.4170892221383105,0.4170892221383105
1,3411,2.0,0.3680008630920272,0.7850900852303377
2,1992,3.0,0.2149099147696623,1.0
