,Nelem,TravelTimeHour,Freq,AccumFreq
0,1909,1,0.5850444376340791,0.5850444376340791
1,1354,2,0.4149555623659209,1.0
