,Nelem,TravelTimeHour,Freq,AccumFreq
0,3323,1,0.7789498359118612,0.7789498359118612
1,943,2,0.22105016408813877,1.0
