,Nelem,TravelTimeHour,Freq,AccumFreq
0,1972,1.0,0.3580897040130743,0.3580897040130743
1,1899,2.0,0.3448338478300345,0.7029235518431087
2,1636,3.0,0.2970764481568912,1.0
