,Nelem,TravelTimeHour,Freq,AccumFreq
0,4409,1.0,0.4003086980207009,0.4003086980207009
1,3695,2.0,0.33548211367350644,0.7357908116942073
2,2910,3.0,0.26420918830579265,1.0
