,Nelem,TravelTimeHour,Freq,AccumFreq
0,4211,1.0,0.3253244746600742,0.3253244746600742
1,3081,2.0,0.23802533992583436,0.5633498145859086
2,2679,3.0,0.20696847960444995,0.7703182941903586
3,2973,4.0,0.22968170580964153,1.0
