,Nelem,TravelTimeHour,Freq,AccumFreq
0,3150,1,0.5500261917234154,0.5500261917234154
1,2577,2,0.4499738082765846,1.0
