,Nelem,TravelTimeHour,Freq,AccumFreq
0,5543,1,0.6859299591634699,0.6859299591634699
1,2538,2,0.3140700408365301,1.0
