,Nelem,TravelTimeHour,Freq,AccumFreq
0,1000,1.0,0.3487966515521451,0.3487966515521451
1,940,2.0,0.32786885245901637,0.6766655040111615
2,927,3.0,0.3233344959888385,1.0
