,Nelem,TravelTimeHour,Freq,AccumFreq
0,2352,1,0.5558969510753959,0.5558969510753959
1,1879,2,0.4441030489246041,1.0
