,Nelem,TravelTimeHour,Freq,AccumFreq
0,8315,1,0.6736066104990278,0.6736066104990278
1,4029,2,0.32639338950097213,1.0
