,Nelem,TravelTimeHour,Freq,AccumFreq
0,3523,1,0.5850215875124544,0.5850215875124544
1,2499,2,0.4149784124875457,1.0
