,Nelem,TravelTimeHour,Freq,AccumFreq
0,2403,1,0.5041963911036509,0.5041963911036509
1,2363,2,0.4958036088963491,1.0
