,Nelem,TravelTimeHour,Freq,AccumFreq
0,1279,1.0,0.35137362637362635,0.35137362637362635
1,881,2.0,0.24203296703296703,0.5934065934065934
2,905,3.0,0.24862637362637363,0.842032967032967
3,575,4.0,0.15796703296703296,1.0
