,Nelem,TravelTimeHour,Freq,AccumFreq
0,2108,1.0,0.35156771180787194,0.35156771180787194
1,1839,2.0,0.30670446964643094,0.6582721814543029
2,2049,3.0,0.3417278185456971,1.0
