,Nelem,TravelTimeHour,Freq,AccumFreq
0,1577,1.0,0.3918986083499006,0.3918986083499006
1,1407,2.0,0.3496520874751491,0.7415506958250497
2,1040,3.0,0.2584493041749503,1.0
