,Nelem,TravelTimeHour,Freq,AccumFreq
0,9342,1,0.6783821073269916,0.6783821073269916
1,4429,2,0.3216178926730085,1.0
