,Nelem,TravelTimeHour,Freq,AccumFreq
0,6992,1,0.662183918931717,0.662183918931717
1,3567,2,0.337816081068283,1.0
