,Nelem,TravelTimeHour,Freq,AccumFreq
0,2116,1.0,0.46793454223794784,0.46793454223794784
1,1596,2.0,0.35294117647058826,0.820875718708536
2,810,3.0,0.17912428129146396,1.0
