,Nelem,TravelTimeHour,Freq,AccumFreq
0,4163,1,0.5736530246658399,0.5736530246658399
1,3094,2,0.4263469753341601,1.0
