,Nelem,TravelTimeHour,Freq,AccumFreq
0,4432,1.0,0.2961972866403796,0.2961972866403796
1,4069,2.0,0.2719374456993918,0.5681347323397714
2,3585,3.0,0.23959099111140814,0.8077257234511795
3,2877,4.0,0.19227427654882043,1.0
