,Nelem,TravelTimeHour,Freq,AccumFreq
0,3460,1,0.6341642228739003,0.6341642228739003
1,1996,2,0.3658357771260997,1.0
