,Nelem,TravelTimeHour,Freq,AccumFreq
0,6983,1.0,0.47211141910621324,0.47211141910621324
1,4549,2.0,0.3075518896626327,0.7796633087688459
2,2396,3.0,0.16199039956730443,0.9416537083361504
3,863,4.0,0.058346291663849636,1.0
