,Nelem,TravelTimeHour,Freq,AccumFreq
0,8030,1,0.624513921294136,0.624513921294136
1,4828,2,0.37548607870586403,1.0
