,Nelem,TravelTimeHour,Freq,AccumFreq
0,1956,1.0,0.5249597423510467,0.5249597423510467
1,980,2.0,0.26301663982823403,0.7879763821792807
2,790,3.0,0.21202361782071927,1.0
