,Nelem,TravelTimeHour,Freq,AccumFreq
0,5064,1.0,0.5072115384615384,0.5072115384615384
1,3617,2.0,0.3622796474358974,0.8694911858974359
2,1303,3.0,0.1305088141025641,1.0
