,Nelem,TravelTimeHour,Freq,AccumFreq
0,1441,1.0,0.39200217627856365,0.39200217627856365
1,1429,2.0,0.38873775843307945,0.780739934711643
2,806,3.0,0.2192600652883569,1.0
