,Nelem,TravelTimeHour,Freq,AccumFreq
0,9930,1.0,0.3571171689563404,0.3571171689563404
1,8994,2.0,0.3234553693447457,0.6805725383010861
2,8882,3.0,0.3194274616989139,1.0
