,Nelem,TravelTimeHour,Freq,AccumFreq
0,1777,1.0,0.5008455467869222,0.5008455467869222
1,933,2.0,0.26296505073280724,0.7638105975197294
2,838,3.0,0.23618940248027057,0.9999999999999999
