,Nelem,TravelTimeHour,Freq,AccumFreq
0,6229,1,0.6168548227371756,0.6168548227371756
1,3869,2,0.3831451772628243,1.0
