,Nelem,TravelTimeHour,Freq,AccumFreq
0,2474,1.0,0.5942829690127313,0.5942829690127313
1,1260,2.0,0.30266634638481865,0.8969493153975499
2,429,3.0,0.10305068460245016,1.0
