,Nelem,TravelTimeHour,Freq,AccumFreq
0,3333,1.0,0.46343159065628475,0.46343159065628475
1,2444,2.0,0.3398220244716352,0.8032536151279199
2,1415,3.0,0.1967463848720801,1.0
