,Nelem,TravelTimeHour,Freq,AccumFreq
0,5789,1.0,0.3391925938946505,0.3391925938946505
1,4387,2.0,0.25704576082498387,0.5962383547196344
2,3977,3.0,0.23302279252358352,0.8292611472432179
3,2914,4.0,0.1707388527567821,1.0
