,Nelem,TravelTimeHour,Freq,AccumFreq
0,3827,1.0,0.39906152241918663,0.39906152241918663
1,3491,2.0,0.3640250260688217,0.7630865484880083
2,2272,3.0,0.23691345151199167,1.0
