,Nelem,TravelTimeHour,Freq,AccumFreq
0,3646,1.0,0.40070337399714256,0.40070337399714256
1,3101,2.0,0.3408066820529729,0.7415100560501154
2,2352,3.0,0.2584899439498846,1.0
