,Nelem,TravelTimeHour,Freq,AccumFreq
0,7183,1,0.5624461670973299,0.5624461670973299
1,5588,2,0.43755383290267014,1.0
