,Nelem,TravelTimeHour,Freq,AccumFreq
0,2045,1,0.5605811403508771,0.5605811403508771
1,1603,2,0.4394188596491228,1.0
