,Nelem,TravelTimeHour,Freq,AccumFreq
0,5097,1.0,0.2385900856621261,0.2385900856621261
1,4666,2.0,0.21841501661751628,0.4570051022796424
2,4226,3.0,0.19781865842812338,0.6548237607077658
3,3612,4.0,0.16907737677292514,0.8239011374806909
4,2442,5.0,0.11430978795113046,0.9382109254318214
5,1320,6.0,0.06178907456817863,1.0
