,Nelem,TravelTimeHour,Freq,AccumFreq
0,5774,1,0.5906301145662848,0.5906301145662848
1,4002,2,0.4093698854337152,1.0
