,Nelem,TravelTimeHour,Freq,AccumFreq
0,7145,1.0,0.26863932022408543,0.26863932022408543
1,7524,2.0,0.28288904763695155,0.551528367861037
2,7262,3.0,0.2730383125916457,0.8245666804526827
3,4666,4.0,0.17543331954731736,1.0
