,Nelem,TravelTimeHour,Freq,AccumFreq
0,2074,1.0,0.45402802101576184,0.45402802101576184
1,1406,2.0,0.30779334500875655,0.7618213660245183
2,1088,3.0,0.2381786339754816,1.0
