,Nelem,TravelTimeHour,Freq,AccumFreq
0,5829,1,0.5051126516464471,0.5051126516464471
1,5711,2,0.49488734835355286,1.0
