,Nelem,TravelTimeHour,Freq,AccumFreq
0,2080,1,0.5124414880512441,0.5124414880512441
1,1979,2,0.4875585119487558,1.0
