,Nelem,TravelTimeHour,Freq,AccumFreq
0,4101,1,0.822503008423586,0.822503008423586
1,885,2,0.17749699157641396,1.0
