,Nelem,TravelTimeHour,Freq,AccumFreq
0,3315,1.0,0.4581893572909468,0.4581893572909468
1,2043,2.0,0.2823773324118867,0.7405666897028335
2,1877,3.0,0.25943331029716654,1.0
