,Nelem,TravelTimeHour,Freq,AccumFreq
0,3332,1.0,0.48247900376484215,0.48247900376484215
1,2192,2.0,0.3174051549377353,0.7998841587025775
2,1382,3.0,0.20011584129742252,1.0
