,Nelem,TravelTimeHour,Freq,AccumFreq
0,7820,1.0,0.38971394398485,0.38971394398485
1,7115,2.0,0.3545798863749626,0.7442938303598126
2,5131,3.0,0.2557061696401874,1.0
