,Nelem,TravelTimeHour,Freq,AccumFreq
0,6556,1,0.5334852306941167,0.5334852306941167
1,5733,2,0.4665147693058833,1.0
