,Nelem,TravelTimeHour,Freq,AccumFreq
0,2360,1.0,0.1562913907284768,0.1562913907284768
1,3711,2.0,0.2457615894039735,0.4020529801324503
2,3194,3.0,0.21152317880794702,0.6135761589403973
3,3091,4.0,0.2047019867549669,0.8182781456953642
4,2744,5.0,0.18172185430463575,0.9999999999999999
