,Nelem,TravelTimeHour,Freq,AccumFreq
0,4083,1,0.6823195187165776,0.6823195187165776
1,1901,2,0.31768048128342247,1.0
