,Nelem,TravelTimeHour,Freq,AccumFreq
0,4485,1.0,0.40794979079497906,0.40794979079497906
1,3605,2.0,0.32790613061670004,0.7358559214116791
2,2904,3.0,0.2641440785883209,1.0
