,Nelem,TravelTimeHour,Freq,AccumFreq
0,2800,1,0.6738868832731648,0.6738868832731648
1,1355,2,0.32611311672683513,1.0
