,Nelem,TravelTimeHour,Freq,AccumFreq
0,2713,1.0,0.3690152339499456,0.3690152339499456
1,2727,2.0,0.3709194776931447,0.7399347116430903
2,1912,3.0,0.2600652883569097,1.0
