,Nelem,TravelTimeHour,Freq,AccumFreq
0,5345,1,0.7338001098297638,0.7338001098297638
1,1939,2,0.26619989017023615,1.0
