,Nelem,TravelTimeHour,Freq,AccumFreq
0,2789,1.0,0.37868295994568907,0.37868295994568907
1,2123,2.0,0.288255261371351,0.6669382213170401
2,1104,3.0,0.14989816700610997,0.81683638832315
3,1349,4.0,0.18316361167684997,1.0
