,Nelem,TravelTimeHour,Freq,AccumFreq
0,3568,1.0,0.3704318936877076,0.3704318936877076
1,3260,2.0,0.3384551495016611,0.7088870431893688
2,2804,3.0,0.2911129568106312,1.0
