,Nelem,TravelTimeHour,Freq,AccumFreq
0,4397,1,0.6010114816839803,0.6010114816839803
1,2919,2,0.39898851831601967,1.0
