,Nelem,TravelTimeHour,Freq,AccumFreq
0,7505,1,0.6323194877411745,0.6323194877411745
1,4364,2,0.36768051225882553,1.0
