,Nelem,TravelTimeHour,Freq,AccumFreq
0,3849,1.0,0.39279518318195733,0.39279518318195733
1,2853,2.0,0.2911521583835085,0.6839473415654658
2,1938,3.0,0.19777528319216248,0.8817226247576282
3,1159,4.0,0.11827737524237167,0.9999999999999999
