,Nelem,TravelTimeHour,Freq,AccumFreq
0,5656,1.0,0.47137261438453204,0.47137261438453204
1,4048,2.0,0.3373614467872323,0.8087340611717644
2,2295,3.0,0.1912659388282357,1.0
