,Nelem,TravelTimeHour,Freq,AccumFreq
0,1282,1.0,0.375842861330988,0.375842861330988
1,1172,2.0,0.34359425388449133,0.7194371152154793
2,957,3.0,0.2805628847845207,1.0
