,Nelem,TravelTimeHour,Freq,AccumFreq
0,5919,1.0,0.47568914248975325,0.47568914248975325
1,3469,2.0,0.27879128827453187,0.7544804307642852
2,1509,3.0,0.12127300490235474,0.8757534356666399
3,1546,4.0,0.12424656433336012,1.0
