,Nelem,TravelTimeHour,Freq,AccumFreq
0,3598,1,0.5525184275184275,0.5525184275184275
1,2914,2,0.4474815724815725,1.0
