,Nelem,TravelTimeHour,Freq,AccumFreq
0,2698,1.0,0.5325700750098697,0.5325700750098697
1,1402,2.0,0.276746940386893,0.8093170153967628
2,966,3.0,0.19068298460323727,1.0
