,Nelem,TravelTimeHour,Freq,AccumFreq
0,2780,1,0.4984758830912677,0.4984758830912677
1,2797,2,0.5015241169087323,1.0
