,Nelem,TravelTimeHour,Freq,AccumFreq
0,3799,1,0.6487363387978142,0.6487363387978142
1,2057,2,0.3512636612021858,1.0
