,Nelem,TravelTimeHour,Freq,AccumFreq
0,4979,1,0.5104049205535622,0.5104049205535622
1,4776,2,0.4895950794464377,1.0
