,Nelem,TravelTimeHour,Freq,AccumFreq
0,2303,1.0,0.196,0.196
1,2841,2.0,0.2417872340425532,0.4377872340425532
2,2511,3.0,0.21370212765957447,0.6514893617021277
3,1690,4.0,0.14382978723404255,0.7953191489361702
4,1626,5.0,0.13838297872340424,0.9337021276595744
5,779,6.0,0.06629787234042553,0.9999999999999999
