,Nelem,TravelTimeHour,Freq,AccumFreq
0,3896,1,0.5932693771889752,0.5932693771889752
1,2671,2,0.40673062281102484,1.0
