,Nelem,TravelTimeHour,Freq,AccumFreq
0,4578,1,0.4906752411575563,0.4906752411575563
1,4752,2,0.5093247588424438,1.0
