,Nelem,TravelTimeHour,Freq,AccumFreq
0,4528,1.0,0.34415140229535607,0.34415140229535607
1,2681,2.0,0.20376985635023181,0.5479212586455879
2,1769,3.0,0.13445314281371135,0.6823744014592993
3,769,4.0,0.058447974462263436,0.7408223759215627
4,1436,5.0,0.10914342175267919,0.849965797674242
5,1974,6.0,0.15003420232575815,1.0
