,Nelem,TravelTimeHour,Freq,AccumFreq
0,2967,1,0.5609756097560976,0.5609756097560976
1,2322,2,0.43902439024390244,1.0
