,Nelem,TravelTimeHour,Freq,AccumFreq
0,2042,1.0,0.4455596770674231,0.4455596770674231
1,1391,2.0,0.3035129827623827,0.7490726598298059
2,1150,3.0,0.2509273401701942,1.0
