,Nelem,TravelTimeHour,Freq,AccumFreq
0,2274,1,0.6680376028202115,0.6680376028202115
1,1130,2,0.3319623971797885,1.0
