,Nelem,TravelTimeHour,Freq,AccumFreq
0,3853,1.0,0.41363392377885133,0.41363392377885133
1,2833,2.0,0.3041331186258722,0.7177670424047236
2,1495,3.0,0.16049382716049382,0.8782608695652174
3,1134,4.0,0.12173913043478261,1.0
