,Nelem,TravelTimeHour,Freq,AccumFreq
0,3477,1.0,0.41876430205949655,0.41876430205949655
1,2062,2.0,0.24834397205829217,0.6671082741177887
2,2764,3.0,0.3328917258822113,1.0
