,Nelem,TravelTimeHour,Freq,AccumFreq
0,7361,1,0.6638708513708513,0.6638708513708513
1,3727,2,0.3361291486291486,1.0
