,Nelem,TravelTimeHour,Freq,AccumFreq
0,2281,1,0.45150435471100553,0.45150435471100553
1,2771,2,0.5484956452889944,1.0
