,Nelem,TravelTimeHour,Freq,AccumFreq
0,2362,1,0.4464184464184464,0.4464184464184464
1,2929,2,0.5535815535815536,1.0
