,Nelem,TravelTimeHour,Freq,AccumFreq
0,1207,1.0,0.2378793851005124,0.2378793851005124
1,1225,2.0,0.2414268821442649,0.4793062672447773
2,1365,3.0,0.26901852581789515,0.7483247930626724
3,1277,4.0,0.25167520693732753,1.0
