,Nelem,TravelTimeHour,Freq,AccumFreq
0,8276,1.0,0.40702306595190085,0.40702306595190085
1,6755,2.0,0.33221856096001573,0.7392416269119166
2,5302,3.0,0.2607583730880834,1.0
