,Nelem,TravelTimeHour,Freq,AccumFreq
0,2096,1,0.5714285714285714,0.5714285714285714
1,1572,2,0.42857142857142855,1.0
