,Nelem,TravelTimeHour,Freq,AccumFreq
0,1683,1.0,0.45437365010799136,0.45437365010799136
1,1297,2.0,0.35016198704103674,0.8045356371490281
2,724,3.0,0.19546436285097193,1.0
