,Nelem,TravelTimeHour,Freq,AccumFreq
0,5518,1.0,0.28248182655882054,0.28248182655882054
1,4677,2.0,0.23942868844066756,0.521910514999488
2,5434,3.0,0.2781816320262107,0.8000921470256988
3,3905,4.0,0.19990785297430122,1.0
