,Nelem,TravelTimeHour,Freq,AccumFreq
0,2466,1.0,0.35218508997429304,0.35218508997429304
1,2573,2.0,0.36746643816052554,0.7196515281348186
2,1963,3.0,0.28034847186518136,1.0
