,Nelem,TravelTimeHour,Freq,AccumFreq
0,3266,1.0,0.3630502445531347,0.3630502445531347
1,2655,2.0,0.29513116940862605,0.6581814139617608
2,1924,3.0,0.2138728323699422,0.8720542463317029
3,1151,4.0,0.12794575366829702,1.0
