,Nelem,TravelTimeHour,Freq,AccumFreq
0,1082,1.0,0.3355038759689922,0.3355038759689922
1,1026,2.0,0.31813953488372093,0.6536434108527132
2,1117,3.0,0.34635658914728684,1.0
