,Nelem,TravelTimeHour,Freq,AccumFreq
0,1823,1,0.5379167896134553,0.5379167896134553
1,1566,2,0.4620832103865447,1.0
