,Nelem,TravelTimeHour,Freq,AccumFreq
0,3920,1.0,0.4159592529711375,0.4159592529711375
1,3977,2.0,0.4220076400679117,0.8379668930390491
2,1527,3.0,0.16203310696095077,0.9999999999999999
