,Nelem,TravelTimeHour,Freq,AccumFreq
0,5461,1.0,0.3469724887222822,0.3469724887222822
1,3580,2.0,0.2274604485672533,0.5744329372895355
2,2416,3.0,0.15350403456382236,0.7279369718533578
3,2308,4.0,0.14664209924391639,0.8745790710972742
4,1974,5.0,0.12542092890272571,0.9999999999999999
