,Nelem,TravelTimeHour,Freq,AccumFreq
0,5742,1,0.5436470365461087,0.5436470365461087
1,4820,2,0.4563529634538913,1.0
