,Nelem,TravelTimeHour,Freq,AccumFreq
0,3475,1,0.9009592947886959,0.9009592947886959
1,382,2,0.09904070521130412,1.0
