,Nelem,TravelTimeHour,Freq,AccumFreq
0,9365,1.0,0.09745767121434444,0.09745767121434444
1,8646,2.0,0.0899753363928694,0.18743300760721385
2,10564,3.0,0.10993516697366093,0.2973681745808748
3,11446,4.0,0.11911377519694463,0.4164819497778194
4,13193,5.0,0.13729407969363014,0.5537760294714495
5,14953,6.0,0.15560966979904883,0.7093856992704983
6,12377,7.0,0.12880230609929963,0.838188005369798
7,7540,8.0,0.0784656530652597,0.9166536584350576
8,8009,9.0,0.08334634156494229,0.9999999999999999
