,Nelem,TravelTimeHour,Freq,AccumFreq
0,1878,1,0.5597615499254843,0.5597615499254843
1,1477,2,0.4402384500745157,1.0
