,Nelem,TravelTimeHour,Freq,AccumFreq
0,2010,1,0.5574043261231281,0.5574043261231281
1,1596,2,0.4425956738768719,1.0
