,Nelem,TravelTimeHour,Freq,AccumFreq
0,4081,1.0,0.43637724550898205,0.43637724550898205
1,3126,2.0,0.33426005132591957,0.7706372968349016
2,2145,3.0,0.22936270316509838,1.0
