,Nelem,TravelTimeHour,Freq,AccumFreq
0,4079,1.0,0.45991656331040703,0.45991656331040703
1,3447,2.0,0.3886571203066862,0.8485736836170932
2,1343,3.0,0.15142631638290677,1.0
