,Nelem,TravelTimeHour,Freq,AccumFreq
0,1699,1,0.5893166840097122,0.5893166840097122
1,1184,2,0.4106833159902879,1.0
