,Nelem,TravelTimeHour,Freq,AccumFreq
0,3272,1.0,0.4020149895564566,0.4020149895564566
1,2785,2.0,0.34217962894704507,0.7441946185035017
2,2082,3.0,0.25580538149649834,1.0
