,Nelem,TravelTimeHour,Freq,AccumFreq
0,2453,1,0.5167474194227933,0.5167474194227933
1,2294,2,0.48325258057720666,1.0
