,Nelem,TravelTimeHour,Freq,AccumFreq
0,2387,1.0,0.35232472324723246,0.35232472324723246
1,2383,2.0,0.35173431734317345,0.7040590405904059
2,2005,3.0,0.2959409594095941,1.0
