,Nelem,TravelTimeHour,Freq,AccumFreq
0,1192,1.0,0.22456669178598343,0.22456669178598343
1,1118,2.0,0.21062547098718915,0.4351921627731726
2,1526,3.0,0.28749058025621704,0.7226827430293896
3,1472,4.0,0.2773172569706104,1.0
