,Nelem,TravelTimeHour,Freq,AccumFreq
0,4109,1.0,0.44445646295294755,0.44445646295294755
1,2779,2.0,0.30059491617090317,0.7450513791238507
2,2357,3.0,0.2549486208761493,1.0
