,Nelem,TravelTimeHour,Freq,AccumFreq
0,3956,1,0.8451185644093142,0.8451185644093142
1,725,2,0.15488143559068576,1.0
