,Nelem,TravelTimeHour,Freq,AccumFreq
0,4087,1.0,0.34298422289358843,0.34298422289358843
1,4187,2.0,0.35137630077207116,0.6943605236656596
2,3642,3.0,0.3056394763343404,1.0
