,Nelem,TravelTimeHour,Freq,AccumFreq
0,6533,1,0.6475369213995441,0.6475369213995441
1,3556,2,0.35246307860045595,1.0
