,Nelem,TravelTimeHour,Freq,AccumFreq
0,4718,1.0,0.44329606314009207,0.44329606314009207
1,3813,2.0,0.35826364746781925,0.8015597106079113
2,2112,3.0,0.1984402893920887,1.0
