,Nelem,TravelTimeHour,Freq,AccumFreq
0,4451,1.0,0.4077874484654146,0.4077874484654146
1,3761,2.0,0.3445716903344022,0.7523591387998168
2,2703,3.0,0.24764086120018322,1.0
