,Nelem,TravelTimeHour,Freq,AccumFreq
0,3361,1,0.5686009135510066,0.5686009135510066
1,2550,2,0.4313990864489934,1.0
