,Nelem,TravelTimeHour,Freq,AccumFreq
0,4031,1.0,0.4733442930953499,0.4733442930953499
1,2875,2.0,0.3375998121183654,0.8109441052137154
2,1610,3.0,0.18905589478628465,1.0
