,Nelem,TravelTimeHour,Freq,AccumFreq
0,3802,1,0.594248202563301,0.594248202563301
1,2596,2,0.405751797436699,1.0
