,Nelem,TravelTimeHour,Freq,AccumFreq
0,5830,1.0,0.3160576818822509,0.3160576818822509
1,5753,2.0,0.31188333514040983,0.6279410170226607
2,4678,3.0,0.2536051176406809,0.8815461346633415
3,2185,4.0,0.11845386533665836,0.9999999999999999
