,Nelem,TravelTimeHour,Freq,AccumFreq
0,1524,1.0,0.4564240790655885,0.4564240790655885
1,909,2.0,0.2722371967654987,0.7286612758310872
2,906,3.0,0.27133872416891286,1.0
