,Nelem,TravelTimeHour,Freq,AccumFreq
0,5551,1.0,0.4845495810055866,0.4845495810055866
1,3738,2.0,0.3262918994413408,0.8108414804469274
2,2167,3.0,0.1891585195530726,1.0
