,Nelem,TravelTimeHour,Freq,AccumFreq
0,2288,1,0.5405150011811953,0.5405150011811953
1,1945,2,0.4594849988188046,1.0
