,Nelem,TravelTimeHour,Freq,AccumFreq
0,3097,1,0.7309417040358744,0.7309417040358744
1,1140,2,0.26905829596412556,1.0
