,Nelem,TravelTimeHour,Freq,AccumFreq
0,3348,1,0.589125461903924,0.589125461903924
1,2335,2,0.410874538096076,1.0
