,Nelem,TravelTimeHour,Freq,AccumFreq
0,4039,1,0.6158889905458982,0.6158889905458982
1,2519,2,0.38411100945410187,1.0
