,Nelem,TravelTimeHour,Freq,AccumFreq
0,1357,1.0,0.2796784830997527,0.2796784830997527
1,970,2.0,0.19991755976916736,0.47959604286892005
2,1007,3.0,0.20754328112118714,0.6871393239901071
3,1518,4.0,0.3128606760098928,1.0
