,Nelem,TravelTimeHour,Freq,AccumFreq
0,8452,1.0,0.43098261179950026,0.43098261179950026
1,7495,2.0,0.3821834684615777,0.813166080261078
2,3664,3.0,0.18683391973892202,1.0
