,Nelem,TravelTimeHour,Freq,AccumFreq
0,3572,1,0.536014405762305,0.536014405762305
1,3092,2,0.4639855942376951,1.0
