,Nelem,TravelTimeHour,Freq,AccumFreq
0,2246,1.0,0.22319387856504025,0.22319387856504025
1,2196,2.0,0.2182251813574481,0.4414190599224883
2,2974,3.0,0.2955381099075822,0.7369571698300705
3,2647,4.0,0.26304283016992946,1.0
