,Nelem,TravelTimeHour,Freq,AccumFreq
0,5637,1,0.6731550035825173,0.6731550035825173
1,2737,2,0.32684499641748266,1.0
