,Nelem,TravelTimeHour,Freq,AccumFreq
0,2689,1.0,0.4982397628312025,0.4982397628312025
1,1651,2.0,0.30591069112469893,0.8041504539559015
2,1057,3.0,0.19584954604409857,1.0
