,Nelem,TravelTimeHour,Freq,AccumFreq
0,1655,1,0.5030395136778115,0.5030395136778115
1,1635,2,0.4969604863221885,1.0
