,Nelem,TravelTimeHour,Freq,AccumFreq
0,6223,1,0.6507372163547004,0.6507372163547004
1,3340,2,0.3492627836452996,1.0
