,Nelem,TravelTimeHour,Freq,AccumFreq
0,5949,1,0.5962116656644618,0.5962116656644618
1,4029,2,0.4037883343355382,1.0
