,Nelem,TravelTimeHour,Freq,AccumFreq
0,2631,1.0,0.39990880072959417,0.39990880072959417
1,2319,2.0,0.35248518011855906,0.7523939808481532
2,1629,3.0,0.2476060191518468,1.0
