,Nelem,TravelTimeHour,Freq,AccumFreq
0,1734,1,0.5070175438596491,0.5070175438596491
1,1686,2,0.49298245614035086,1.0
