,Nelem,TravelTimeHour,Freq,AccumFreq
0,2070,1,0.5804823331463825,0.5804823331463825
1,1496,2,0.4195176668536175,1.0
