,Nelem,TravelTimeHour,Freq,AccumFreq
0,2618,1,0.6011481056257175,0.6011481056257175
1,1737,2,0.3988518943742824,1.0
