,Nelem,TravelTimeHour,Freq,AccumFreq
0,3457,1,0.5781903328315772,0.5781903328315772
1,2522,2,0.42180966716842283,1.0
