,Nelem,TravelTimeHour,Freq,AccumFreq
0,2688,1,0.5358851674641149,0.5358851674641149
1,2328,2,0.46411483253588515,1.0
