,Nelem,TravelTimeHour,Freq,AccumFreq
0,2593,1,0.48179115570419917,0.48179115570419917
1,2789,2,0.5182088442958008,1.0
