,Nelem,TravelTimeHour,Freq,AccumFreq
0,1537,1.0,0.3873487903225806,0.3873487903225806
1,1476,2.0,0.3719758064516129,0.7593245967741935
2,955,3.0,0.24067540322580644,1.0
