,Nelem,TravelTimeHour,Freq,AccumFreq
0,4752,1,0.6933177706448789,0.6933177706448789
1,2102,2,0.30668222935512107,1.0
