,Nelem,TravelTimeHour,Freq,AccumFreq
0,2235,1.0,0.32661113546690046,0.32661113546690046
1,2558,2.0,0.37381265526815727,0.7004237907350577
2,2050,3.0,0.2995762092649423,1.0
