,Nelem,TravelTimeHour,Freq,AccumFreq
0,3621,1,0.6802554950216043,0.6802554950216043
1,1702,2,0.3197445049783956,1.0
