,Nelem,TravelTimeHour,Freq,AccumFreq
0,5190,1,0.5556745182012848,0.5556745182012848
1,4150,2,0.4443254817987152,1.0
