,Nelem,TravelTimeHour,Freq,AccumFreq
0,4785,1.0,0.4412171507607192,0.4412171507607192
1,3764,2.0,0.3470723835869064,0.7882895343476256
2,2296,3.0,0.21171046565237436,1.0
