,Nelem,TravelTimeHour,Freq,AccumFreq
0,4070,1,0.5517147892097058,0.5517147892097058
1,3307,2,0.44828521079029415,1.0
