,Nelem,TravelTimeHour,Freq,AccumFreq
0,2602,1.0,0.3447727573870412,0.3447727573870412
1,2800,2.0,0.371008347687823,0.7157811050748641
2,2145,3.0,0.2842188949251358,1.0
