,Nelem,TravelTimeHour,Freq,AccumFreq
0,3084,1.0,0.42496899545266636,0.42496899545266636
1,1905,2.0,0.2625051674245556,0.687474162877222
2,2268,3.0,0.312525837122778,1.0
