,Nelem,TravelTimeHour,Freq,AccumFreq
0,4601,1,0.6508699957561183,0.6508699957561183
1,2468,2,0.34913000424388174,1.0
