,Nelem,TravelTimeHour,Freq,AccumFreq
0,2912,1.0,0.38205195486748883,0.38205195486748883
1,2977,2.0,0.39057990028863815,0.772631855156127
2,1733,3.0,0.227368144843873,1.0
