,Nelem,TravelTimeHour,Freq,AccumFreq
0,5239,1,0.5692708899271977,0.5692708899271977
1,3964,2,0.43072911007280235,1.0
