,Nelem,TravelTimeHour,Freq,AccumFreq
0,3250,1,0.5133470225872689,0.5133470225872689
1,3081,2,0.486652977412731,1.0
