,Nelem,TravelTimeHour,Freq,AccumFreq
0,4207,1.0,0.4449497620306716,0.4449497620306716
1,2738,2.0,0.2895822316234796,0.7345319936541512
2,2510,3.0,0.2654680063458488,1.0
