,Nelem,TravelTimeHour,Freq,AccumFreq
0,4743,1.0,0.3907563025210084,0.3907563025210084
1,3664,2.0,0.30186192123908384,0.6926182237600922
2,3731,3.0,0.3073817762399077,0.9999999999999999
