,Nelem,TravelTimeHour,Freq,AccumFreq
0,1799,1,0.46211148214744413,0.46211148214744413
1,2094,2,0.5378885178525559,1.0
