,Nelem,TravelTimeHour,Freq,AccumFreq
0,2473,1.0,0.3704868913857678,0.3704868913857678
1,2501,2.0,0.3746816479400749,0.7451685393258427
2,1701,3.0,0.2548314606741573,1.0
