,Nelem,TravelTimeHour,Freq,AccumFreq
0,6017,1,0.6647149801148917,0.6647149801148917
1,3035,2,0.3352850198851083,1.0
