,Nelem,TravelTimeHour,Freq,AccumFreq
0,11300,1.0,0.378737096125486,0.378737096125486
1,9243,2.0,0.3097935380077758,0.6885306341332618
2,6252,3.0,0.20954551548464942,0.8980761496179112
3,3041,4.0,0.10192385038208875,0.9999999999999999
