,Nelem,TravelTimeHour,Freq,AccumFreq
0,1614,1.0,0.20172478440194977,0.20172478440194977
1,1803,2.0,0.22534683164604424,0.42707161604799404
2,1948,3.0,0.243469566304212,0.670541182352206
3,2636,4.0,0.329458817647794,1.0
