,Nelem,TravelTimeHour,Freq,AccumFreq
0,3002,1.0,0.26815542652970076,0.26815542652970076
1,3014,2.0,0.2692273336310853,0.5373827601607861
2,2709,3.0,0.24198302813756142,0.7793657882983476
3,2470,4.0,0.2206342117016525,1.0
