,Nelem,TravelTimeHour,Freq,AccumFreq
0,4150,1.0,0.37906466934599925,0.37906466934599925
1,3545,2.0,0.3238034344172452,0.7028681037632445
2,3253,3.0,0.29713189623675557,1.0
