,Nelem,TravelTimeHour,Freq,AccumFreq
0,2762,1.0,0.34263738990199727,0.34263738990199727
1,2420,2.0,0.3002108919488897,0.6428482818508869
2,1156,3.0,0.14340652524500683,0.7862548070958938
3,1097,4.0,0.13608733407765786,0.9223421411735516
4,626,5.0,0.07765785882644834,1.0
