,Nelem,TravelTimeHour,Freq,AccumFreq
0,3450,1,0.5035026269702276,0.5035026269702276
1,3402,2,0.4964973730297723,1.0
