,Nelem,TravelTimeHour,Freq,AccumFreq
0,3477,1,0.5465262496070418,0.5465262496070418
1,2885,2,0.4534737503929582,1.0
