,Nelem,TravelTimeHour,Freq,AccumFreq
0,5212,1,0.57718715393134,0.57718715393134
1,3818,2,0.42281284606866004,1.0
