,Nelem,TravelTimeHour,Freq,AccumFreq
0,2439,1,0.5515603799185889,0.5515603799185889
1,1983,2,0.44843962008141114,1.0
