,Nelem,TravelTimeHour,Freq,AccumFreq
0,3910,1.0,0.39707525134558747,0.39707525134558747
1,3088,2.0,0.3135980501675637,0.7106733015131512
2,2156,3.0,0.21894993399004772,0.9296232355031989
3,693,4.0,0.07037676449680105,1.0
