,Nelem,TravelTimeHour,Freq,AccumFreq
0,4651,1,0.7583564324148051,0.7583564324148051
1,1482,2,0.24164356758519484,1.0
