,Nelem,TravelTimeHour,Freq,AccumFreq
0,4608,1.0,0.4627435227957421,0.4627435227957421
1,3355,2.0,0.33691504318136173,0.7996585659771038
2,1995,3.0,0.20034143402289617,1.0
