,Nelem,TravelTimeHour,Freq,AccumFreq
0,7969,1.0,0.43629893238434164,0.43629893238434164
1,5981,2.0,0.3274568847522584,0.7637558171366001
2,4315,3.0,0.23624418286339993,1.0
