,Nelem,TravelTimeHour,Freq,AccumFreq
0,2705,1,0.5661364587693596,0.5661364587693596
1,2073,2,0.4338635412306404,1.0
