,Nelem,TravelTimeHour,Freq,AccumFreq
0,4586,1,0.6403239318626082,0.6403239318626082
1,2576,2,0.3596760681373918,1.0
