,Nelem,TravelTimeHour,Freq,AccumFreq
0,3799,1.0,0.5146999051619022,0.5146999051619022
1,2044,2.0,0.27692724563067334,0.7916271507925756
2,1538,3.0,0.20837284920742447,1.0
