,Nelem,TravelTimeHour,Freq,AccumFreq
0,4007,1.0,0.3622965641952984,0.3622965641952984
1,4346,2.0,0.3929475587703436,0.7552441229656419
2,2707,3.0,0.24475587703435805,1.0
