,Nelem,TravelTimeHour,Freq,AccumFreq
0,2903,1.0,0.3154748967615736,0.3154748967615736
1,3152,2.0,0.3425342316887633,0.6580091284503369
2,3147,3.0,0.3419908715496631,1.0
