,Nelem,TravelTimeHour,Freq,AccumFreq
0,6262,1.0,0.23755690440060698,0.23755690440060698
1,6262,2.0,0.23755690440060698,0.47511380880121395
2,6290,3.0,0.23861911987860396,0.713732928679818
3,4585,4.0,0.17393778452200304,0.887670713201821
4,2961,5.0,0.11232928679817906,1.0
