,Nelem,TravelTimeHour,Freq,AccumFreq
0,4164,1.0,0.4212443095599393,0.4212443095599393
1,3298,2.0,0.3336368234699039,0.7548811330298433
2,2423,3.0,0.2451188669701568,1.0
