,Nelem,TravelTimeHour,Freq,AccumFreq
0,5165,1,0.6649929187588516,0.6649929187588516
1,2602,2,0.3350070812411485,1.0
