,Nelem,TravelTimeHour,Freq,AccumFreq
0,4438,1,0.5962649469300013,0.5962649469300013
1,3005,2,0.4037350530699987,1.0
