,Nelem,TravelTimeHour,Freq,AccumFreq
0,5010,1,0.6388676358071921,0.6388676358071921
1,2832,2,0.361132364192808,1.0
