,Nelem,TravelTimeHour,Freq,AccumFreq
0,2156,1.0,0.400594574507618,0.400594574507618
1,1989,2.0,0.3695652173913043,0.7701597918989223
2,1237,3.0,0.22984020810107766,0.9999999999999999
