,Nelem,TravelTimeHour,Freq,AccumFreq
0,5320,1,0.5402112103980503,0.5402112103980503
1,4528,2,0.45978878960194963,1.0
