,Nelem,TravelTimeHour,Freq,AccumFreq
0,3153,1.0,0.32666804807293826,0.32666804807293826
1,3458,2.0,0.35826771653543305,0.6849357646083714
2,3041,3.0,0.3150642353916287,1.0
