,Nelem,TravelTimeHour,Freq,AccumFreq
0,2964,1.0,0.45996275605214154,0.45996275605214154
1,2203,2.0,0.34186840471756674,0.8018311607697083
2,1277,3.0,0.19816883923029174,1.0
