,Nelem,TravelTimeHour,Freq,AccumFreq
0,5325,1.0,0.49369553124420545,0.49369553124420545
1,2753,2.0,0.2552382718338587,0.7489338030780641
2,1498,3.0,0.13888373817912109,0.8878175412571851
3,1210,4.0,0.11218245874281475,0.9999999999999999
