,Nelem,TravelTimeHour,Freq,AccumFreq
0,2283,1,0.587947463301571,0.587947463301571
1,1600,2,0.41205253669842906,1.0
