,Nelem,TravelTimeHour,Freq,AccumFreq
0,5367,1.0,0.4336268885836633,0.4336268885836633
1,3435,2.0,0.27753090409630765,0.7111577926799709
2,1780,3.0,0.14381514098731518,0.8549729336672861
3,940,4.0,0.07594732164498667,0.9309202553122727
4,855,5.0,0.06907974468772723,1.0
