,Nelem,TravelTimeHour,Freq,AccumFreq
0,5462,1,0.6542100850401246,0.6542100850401246
1,2887,2,0.34578991495987543,1.0
