,Nelem,TravelTimeHour,Freq,AccumFreq
0,20454,1.0,0.09051163366993831,0.09051163366993831
1,25397,2.0,0.11238505721694649,0.20289669088688478
2,31479,3.0,0.13929870520660936,0.34219539609349414
3,35530,4.0,0.15722491171863245,0.4994203078121266
4,31919,5.0,0.14124576293687108,0.6406660707489977
5,28669,6.0,0.12686408652016531,0.7675301572691631
6,21648,7.0,0.09579524032887575,0.8633253975980388
7,16848,8.0,0.07455461054420263,0.9378800081422415
8,14038,9.0,0.062119991857758586,1.0
