,Nelem,TravelTimeHour,Freq,AccumFreq
0,3824,1.0,0.38393574297188754,0.38393574297188754
1,3663,2.0,0.3677710843373494,0.7517068273092369
2,2473,3.0,0.24829317269076306,1.0
