,Nelem,TravelTimeHour,Freq,AccumFreq
0,2193,1,0.6402919708029197,0.6402919708029197
1,1232,2,0.3597080291970803,1.0
