,Nelem,TravelTimeHour,Freq,AccumFreq
0,2341,1.0,0.45184327349932446,0.45184327349932446
1,1506,2.0,0.2906774753908512,0.7425207488901757
2,1334,3.0,0.25747925110982434,1.0
