,Nelem,TravelTimeHour,Freq,AccumFreq
0,4174,1.0,0.4820418062131886,0.4820418062131886
1,3175,2.0,0.36667051622589214,0.8487123224390807
2,1310,3.0,0.15128767756091926,1.0
