,Nelem,TravelTimeHour,Freq,AccumFreq
0,4296,1.0,0.5395629238884703,0.5395629238884703
1,2228,2.0,0.2798291886460688,0.8193921125345391
2,1438,3.0,0.18060788746546094,1.0
