,Nelem,TravelTimeHour,Freq,AccumFreq
0,3949,1.0,0.5085640695428203,0.5085640695428203
1,2257,2.0,0.29066323245331616,0.7992273019961365
2,1559,3.0,0.2007726980038635,1.0
