,Nelem,TravelTimeHour,Freq,AccumFreq
0,4410,1,0.7388172223152957,0.7388172223152957
1,1559,2,0.2611827776847043,1.0
