,Nelem,TravelTimeHour,Freq,AccumFreq
0,7140,1,0.5548216644649934,0.5548216644649934
1,5729,2,0.44517833553500663,1.0
