,Nelem,TravelTimeHour,Freq,AccumFreq
0,4894,1,0.592781007751938,0.592781007751938
1,3362,2,0.407218992248062,1.0
