,Nelem,TravelTimeHour,Freq,AccumFreq
0,3884,1.0,0.4548541983838857,0.4548541983838857
1,3002,2.0,0.3515634149197798,0.8064176133036656
2,1653,3.0,0.19358238669633446,1.0
