,Nelem,TravelTimeHour,Freq,AccumFreq
0,1901,1,0.5615952732644017,0.5615952732644017
1,1484,2,0.4384047267355982,1.0
