,Nelem,TravelTimeHour,Freq,AccumFreq
0,3009,1,0.5221238938053098,0.5221238938053098
1,2754,2,0.4778761061946903,1.0
