,Nelem,TravelTimeHour,Freq,AccumFreq
0,1969,1,0.48785926660059464,0.48785926660059464
1,2067,2,0.5121407333994054,1.0
