,Nelem,TravelTimeHour,Freq,AccumFreq
0,4940,1.0,0.29829116599239175,0.29829116599239175
1,4857,2.0,0.2932793913411026,0.5915705573334944
2,3333,3.0,0.20125596280417848,0.7928265201376729
3,3431,4.0,0.20717347986232715,1.0
