,Nelem,TravelTimeHour,Freq,AccumFreq
0,4318,1.0,0.44979166666666665,0.44979166666666665
1,3139,2.0,0.32697916666666665,0.7767708333333333
2,2143,3.0,0.22322916666666667,1.0
