,Nelem,TravelTimeHour,Freq,AccumFreq
0,7728,1.0,0.5004209026743508,0.5004209026743508
1,3532,2.0,0.22871203781648644,0.7291329404908372
2,2521,3.0,0.16324548339053294,0.8923784238813701
3,1662,4.0,0.1076215761186298,0.9999999999999999
