,Nelem,TravelTimeHour,Freq,AccumFreq
0,4349,1,0.5882591640741242,0.5882591640741242
1,3044,2,0.41174083592587585,1.0
