,Nelem,TravelTimeHour,Freq,AccumFreq
0,4072,1,0.5003686409437208,0.5003686409437208
1,4066,2,0.4996313590562792,1.0
