,Nelem,TravelTimeHour,Freq,AccumFreq
0,5577,1.0,0.5719413393498103,0.5719413393498103
1,2971,2.0,0.30468669880012306,0.8766280381499334
2,1203,3.0,0.12337196185006666,1.0
