,Nelem,TravelTimeHour,Freq,AccumFreq
0,6982,1.0,0.13312994565735534,0.13312994565735534
1,8020,2.0,0.1529221088759653,0.2860520545333206
2,10681,3.0,0.20366097816760415,0.48971303270092476
3,10777,4.0,0.20549146725140624,0.695204499952331
4,9824,5.0,0.18732004957574602,0.882524549528077
5,6161,6.0,0.11747545047192297,1.0
