,Nelem,TravelTimeHour,Freq,AccumFreq
0,3285,1,0.5882879656160458,0.5882879656160458
1,2299,2,0.41171203438395415,1.0
