,Nelem,TravelTimeHour,Freq,AccumFreq
0,2786,1.0,0.2034913446789862,0.2034913446789862
1,3465,2.0,0.2530859688846688,0.45657731356365494
2,3472,3.0,0.25359725367029434,0.7101745672339492
3,3968,4.0,0.2898254327660507,1.0
