,Nelem,TravelTimeHour,Freq,AccumFreq
0,2642,1,0.7345009730330831,0.7345009730330831
1,955,2,0.26549902696691685,1.0
