,Nelem,TravelTimeHour,Freq,AccumFreq
0,3840,1.0,0.48693887902612226,0.48693887902612226
1,2237,2.0,0.2836672584326655,0.7706061374587878
2,1809,3.0,0.22939386254121227,1.0
