,Nelem,TravelTimeHour,Freq,AccumFreq
0,5680,1.0,0.3647338342002183,0.3647338342002183
1,5202,2.0,0.33403968406858026,0.6987735182687986
2,4691,3.0,0.3012264817312014,1.0
