,Nelem,TravelTimeHour,Freq,AccumFreq
0,5049,1.0,0.41246630177273097,0.41246630177273097
1,4224,2.0,0.345069847234703,0.7575361490074339
2,2968,3.0,0.24246385099256595,0.9999999999999999
