,Nelem,TravelTimeHour,Freq,AccumFreq
0,2770,1,0.5934018851756641,0.5934018851756641
1,1898,2,0.4065981148243359,1.0
