,Nelem,TravelTimeHour,Freq,AccumFreq
0,3651,1.0,0.5437890974084003,0.5437890974084003
1,2058,2.0,0.3065236818588025,0.8503127792672028
2,1005,3.0,0.14968722073279714,1.0
