,Nelem,TravelTimeHour,Freq,AccumFreq
0,5948,1,0.6196478799874987,0.6196478799874987
1,3651,2,0.3803521200125013,1.0
