,Nelem,TravelTimeHour,Freq,AccumFreq
0,9277,1.0,0.26352867653325,0.26352867653325
1,8997,2.0,0.255574808965145,0.519103485498395
2,9053,3.0,0.25716558247876603,0.7762690679771611
3,7876,4.0,0.22373093202283897,1.0
