,Nelem,TravelTimeHour,Freq,AccumFreq
0,3606,1,0.650550243550424,0.650550243550424
1,1937,2,0.34944975644957604,1.0
