,Nelem,TravelTimeHour,Freq,AccumFreq
0,2192,1.0,0.41133420904484896,0.41133420904484896
1,1524,2.0,0.2859823606680428,0.6973165697128918
2,1025,3.0,0.19234377932069807,0.8896603490335899
3,588,4.0,0.11033965096641021,1.0000000000000002
