,Nelem,TravelTimeHour,Freq,AccumFreq
0,2819,1,0.6116294206986331,0.6116294206986331
1,1790,2,0.38837057930136687,1.0
