,Nelem,TravelTimeHour,Freq,AccumFreq
0,6989,1.0,0.3097000044312492,0.3097000044312492
1,6369,2.0,0.28222625958257636,0.5919262640138255
2,5412,3.0,0.23981920503389906,0.8317454690477246
3,3797,4.0,0.16825453095227544,1.0
