,Nelem,TravelTimeHour,Freq,AccumFreq
0,2809,1,0.6220106288751107,0.6220106288751107
1,1707,2,0.3779893711248893,1.0
