,Nelem,TravelTimeHour,Freq,AccumFreq
0,5123,1,0.6112635723660661,0.6112635723660661
1,3258,2,0.3887364276339339,1.0
