,Nelem,TravelTimeHour,Freq,AccumFreq
0,3022,1,0.6791011235955056,0.6791011235955056
1,1428,2,0.3208988764044944,1.0
