,Nelem,TravelTimeHour,Freq,AccumFreq
0,2357,1.0,0.4444653969451254,0.4444653969451254
1,1810,2.0,0.34131623609277767,0.785781633037903
2,1136,3.0,0.21421836696209692,1.0
