,Nelem,TravelTimeHour,Freq,AccumFreq
0,5065,1.0,0.2955593160996674,0.2955593160996674
1,6672,2.0,0.3893330221158896,0.684892338215557
2,5400,3.0,0.315107661784443,1.0
