,Nelem,TravelTimeHour,Freq,AccumFreq
0,3050,1,0.6206756206756207,0.6206756206756207
1,1864,2,0.37932437932437935,1.0
