,Nelem,TravelTimeHour,Freq,AccumFreq
0,5997,1.0,0.482461786001609,0.482461786001609
1,3895,2.0,0.3133547868061142,0.7958165728077232
2,2538,3.0,0.20418342719227675,1.0
