,Nelem,TravelTimeHour,Freq,AccumFreq
0,2333,1,0.49177908937605397,0.49177908937605397
1,2411,2,0.508220910623946,1.0
