,Nelem,TravelTimeHour,Freq,AccumFreq
0,2918,1.0,0.46295414881802316,0.46295414881802316
1,2037,2.0,0.3231794383626844,0.7861335871807076
2,1348,3.0,0.2138664128192924,1.0
