,Nelem,TravelTimeHour,Freq,AccumFreq
0,2420,1,0.6302083333333334,0.6302083333333334
1,1420,2,0.3697916666666667,1.0
