,Nelem,TravelTimeHour,Freq,AccumFreq
0,12868,1,0.6105233192579589,0.6105233192579589
1,8209,2,0.3894766807420411,1.0
