,Nelem,TravelTimeHour,Freq,AccumFreq
0,3568,1.0,0.5296912114014252,0.5296912114014252
1,1927,2.0,0.2860748218527316,0.8157660332541568
2,1241,3.0,0.18423396674584322,1.0
