,Nelem,TravelTimeHour,Freq,AccumFreq
0,6096,1,0.538801484885982,0.538801484885982
1,5218,2,0.46119851511401805,1.0
