,Nelem,TravelTimeHour,Freq,AccumFreq
0,5887,1,0.5656225980015372,0.5656225980015372
1,4521,2,0.4343774019984627,1.0
