,Nelem,TravelTimeHour,Freq,AccumFreq
0,4637,1,0.6131164881660717,0.6131164881660717
1,2926,2,0.38688351183392833,1.0
