,Nelem,TravelTimeHour,Freq,AccumFreq
0,1875,1,0.5578696816423684,0.5578696816423684
1,1486,2,0.44213031835763167,1.0
