,Nelem,TravelTimeHour,Freq,AccumFreq
0,4332,1,0.6045213508233324,0.6045213508233324
1,2834,2,0.3954786491766676,1.0
