,Nelem,TravelTimeHour,Freq,AccumFreq
0,1268,1.0,0.24295842115347768,0.24295842115347768
1,1271,2.0,0.24353324391645909,0.4864916650699368
2,1627,3.0,0.3117455451235869,0.7982372101935237
3,1053,4.0,0.20176278980647633,1.0
