,Nelem,TravelTimeHour,Freq,AccumFreq
0,3548,1,0.5224561920188485,0.5224561920188485
1,3243,2,0.47754380798115154,1.0
