,Nelem,TravelTimeHour,Freq,AccumFreq
0,2307,1.0,0.20419543281996813,0.20419543281996813
1,2421,2.0,0.21428571428571427,0.4184811471056824
2,2269,3.0,0.20083200566471943,0.6193131527704019
3,2115,4.0,0.18720127456186936,0.8065144273322713
4,2186,5.0,0.1934855726677288,1.0
