,Nelem,TravelTimeHour,Freq,AccumFreq
0,2148,1,0.5832202009231605,0.5832202009231605
1,1535,2,0.41677979907683954,1.0
