,Nelem,TravelTimeHour,Freq,AccumFreq
0,3530,1,0.558191018342821,0.558191018342821
1,2794,2,0.441808981657179,1.0
