,Nelem,TravelTimeHour,Freq,AccumFreq
0,5436,1.0,0.45485733411430007,0.45485733411430007
1,4151,2.0,0.34733495105012135,0.8021922851644214
2,2364,3.0,0.1978077148355786,1.0
