,Nelem,TravelTimeHour,Freq,AccumFreq
0,2507,1,0.6374269005847953,0.6374269005847953
1,1426,2,0.36257309941520466,1.0
