,Nelem,TravelTimeHour,Freq,AccumFreq
0,5410,1,0.6078651685393258,0.6078651685393258
1,3490,2,0.3921348314606742,1.0
