,Nelem,TravelTimeHour,Freq,AccumFreq
0,6767,1.0,0.41307532657795143,0.41307532657795143
1,5468,2.0,0.33378097912342813,0.7468563057013795
2,4147,3.0,0.25314369429862044,1.0
