,Nelem,TravelTimeHour,Freq,AccumFreq
0,2981,1.0,0.33577382293309305,0.33577382293309305
1,3002,2.0,0.3381392205451678,0.6739130434782609
2,1917,3.0,0.21592701058797026,0.8898400540662311
3,978,4.0,0.11015994593376886,1.0
