,Nelem,TravelTimeHour,Freq,AccumFreq
0,4682,1,0.5834267912772586,0.5834267912772586
1,3343,2,0.41657320872274145,1.0
