,Nelem,TravelTimeHour,Freq,AccumFreq
0,4530,1,0.5924666492283547,0.5924666492283547
1,3116,2,0.4075333507716453,1.0
