,Nelem,TravelTimeHour,Freq,AccumFreq
0,5220,1.0,0.5134762935274444,0.5134762935274444
1,3464,2.0,0.34074365532166045,0.8542199488491049
2,1482,3.0,0.14578005115089515,1.0
