,Nelem,TravelTimeHour,Freq,AccumFreq
0,7327,1.0,0.416094042819013,0.416094042819013
1,6103,2.0,0.34658413311374864,0.7626781759327617
2,4179,3.0,0.23732182406723834,1.0
