,Nelem,TravelTimeHour,Freq,AccumFreq
0,1503,1,0.5406474820143885,0.5406474820143885
1,1277,2,0.4593525179856115,1.0
