,Nelem,TravelTimeHour,Freq,AccumFreq
0,3256,1.0,0.4005905511811024,0.4005905511811024
1,3270,2.0,0.40231299212598426,0.8029035433070866
2,1602,3.0,0.1970964566929134,1.0
