,Nelem,TravelTimeHour,Freq,AccumFreq
0,6271,1.0,0.39001181665526463,0.39001181665526463
1,5912,2.0,0.3676845574973568,0.7576963741526215
2,3896,3.0,0.24230362584737858,1.0
