,Nelem,TravelTimeHour,Freq,AccumFreq
0,10405,1,0.5236273967087716,0.5236273967087716
1,9466,2,0.47637260329122844,1.0
