,Nelem,TravelTimeHour,Freq,AccumFreq
0,1925,1.0,0.39748090026842864,0.39748090026842864
1,1295,2.0,0.2673962419987611,0.6648771422671897
2,1623,3.0,0.33512285773281025,1.0
