,Nelem,TravelTimeHour,Freq,AccumFreq
0,4246,1,0.6006507285330316,0.6006507285330316
1,2823,2,0.39934927146696847,1.0
