,Nelem,TravelTimeHour,Freq,AccumFreq
0,4191,1,0.6569995297068506,0.6569995297068506
1,2188,2,0.3430004702931494,1.0
