,Nelem,TravelTimeHour,Freq,AccumFreq
0,4934,1,0.5693514885760443,0.5693514885760443
1,3732,2,0.4306485114239557,1.0
