,Nelem,TravelTimeHour,Freq,AccumFreq
0,3134,1,0.5407177363699103,0.5407177363699103
1,2662,2,0.4592822636300897,1.0
