,Nelem,TravelTimeHour,Freq,AccumFreq
0,2475,1,0.5800328099367237,0.5800328099367237
1,1792,2,0.4199671900632763,1.0
