,Nelem,TravelTimeHour,Freq,AccumFreq
0,2836,1.0,0.383087937322707,0.383087937322707
1,1950,2.0,0.2634067270025665,0.6464946643252736
2,1443,3.0,0.19492097798189922,0.8414156423071728
3,1174,4.0,0.15858435769282722,1.0
