,Nelem,TravelTimeHour,Freq,AccumFreq
0,4208,1,0.5422680412371134,0.5422680412371134
1,3552,2,0.4577319587628866,1.0
