,Nelem,TravelTimeHour,Freq,AccumFreq
0,4144,1.0,0.3450170676879527,0.3450170676879527
1,4336,2.0,0.3610024144534177,0.7060194821413703
2,3531,3.0,0.2939805178586296,1.0
