,Nelem,TravelTimeHour,Freq,AccumFreq
0,4208,1,0.5300415669479783,0.5300415669479783
1,3731,2,0.4699584330520217,1.0
