,Nelem,TravelTimeHour,Freq,AccumFreq
0,1582,1,0.5430827325780981,0.5430827325780981
1,1331,2,0.4569172674219018,1.0
