,Nelem,TravelTimeHour,Freq,AccumFreq
0,2536,1,0.5923849567857977,0.5923849567857977
1,1745,2,0.4076150432142023,1.0
