,Nelem,TravelTimeHour,Freq,AccumFreq
0,2457,1.0,0.3826506774645694,0.3826506774645694
1,2116,2.0,0.3295436847843015,0.7121943622488709
2,1848,3.0,0.2878056377511291,1.0
