,Nelem,TravelTimeHour,Freq,AccumFreq
0,2922,1,0.5816082802547771,0.5816082802547771
1,2102,2,0.41839171974522293,1.0
