,Nelem,TravelTimeHour,Freq,AccumFreq
0,3134,1.0,0.41960101753916185,0.41960101753916185
1,2466,2.0,0.3301646806801446,0.7497656982193064
2,1869,3.0,0.25023430178069356,1.0
