,Nelem,TravelTimeHour,Freq,AccumFreq
0,3554,1.0,0.44788909892879647,0.44788909892879647
1,2929,2.0,0.3691241335853812,0.8170132325141777
2,1452,3.0,0.1829867674858223,1.0
