,Nelem,TravelTimeHour,Freq,AccumFreq
0,6009,1.0,0.4076109076109076,0.4076109076109076
1,4132,2.0,0.28028761362094695,0.6878985212318546
2,1623,3.0,0.1100936100936101,0.7979921313254646
3,949,4.0,0.06437389770723104,0.8623660290326957
4,871,5.0,0.059082892416225746,0.9214489214489214
5,1158,6.0,0.07855107855107855,1.0
