,Nelem,TravelTimeHour,Freq,AccumFreq
0,6067,1,0.6002176493866245,0.6002176493866245
1,4041,2,0.3997823506133755,1.0
