,Nelem,TravelTimeHour,Freq,AccumFreq
0,4095,1.0,0.38741721854304634,0.38741721854304634
1,3642,2.0,0.3445600756859035,0.7319772942289499
2,2833,3.0,0.26802270577105014,1.0
