,Nelem,TravelTimeHour,Freq,AccumFreq
0,7192,1,0.6327643850079183,0.6327643850079183
1,4174,2,0.3672356149920816,1.0
