,Nelem,TravelTimeHour,Freq,AccumFreq
0,2791,1.0,0.41538919482065784,0.41538919482065784
1,2415,2.0,0.35942848638190206,0.7748176812025599
2,1513,3.0,0.2251823187974401,1.0
