,Nelem,TravelTimeHour,Freq,AccumFreq
0,4864,1.0,0.4073019594707754,0.4073019594707754
1,3566,2.0,0.29860994808239827,0.7059119075531737
2,3512,3.0,0.2940880924468263,1.0
