,Nelem,TravelTimeHour,Freq,AccumFreq
0,3606,1.0,0.394831928172561,0.394831928172561
1,3052,2.0,0.3341727800284682,0.7290047082010291
2,2475,3.0,0.27099529179897075,0.9999999999999999
