,Nelem,TravelTimeHour,Freq,AccumFreq
0,4885,1.0,0.27445362098994325,0.27445362098994325
1,5519,2.0,0.31007359964042924,0.5845272206303724
2,4355,3.0,0.244676667228496,0.8292038878588684
3,3040,4.0,0.17079611214113152,1.0
