,Nelem,TravelTimeHour,Freq,AccumFreq
0,2560,1.0,0.48641459243777313,0.48641459243777313
1,1616,2.0,0.3070492114763443,0.7934638039141174
2,1087,3.0,0.20653619608588258,1.0
