,Nelem,TravelTimeHour,Freq,AccumFreq
0,6062,1,0.6871457719338019,0.6871457719338019
1,2760,2,0.3128542280661981,1.0
