,Nelem,TravelTimeHour,Freq,AccumFreq
0,3606,1,0.6992437463641652,0.6992437463641652
1,1551,2,0.3007562536358348,1.0
