,Nelem,TravelTimeHour,Freq,AccumFreq
0,6135,1.0,0.15053367684946634,0.15053367684946634
1,7027,2.0,0.1724205618942461,0.32295423874371243
2,6757,3.0,0.16579560790087106,0.4887498466445835
3,7018,4.0,0.17219973009446693,0.6609495767390504
4,6542,5.0,0.16052018157281314,0.8214697583118635
5,5182,6.0,0.12715004293951662,0.9486198012513801
6,2094,7.0,0.0513801987486198,0.9999999999999999
