,Nelem,TravelTimeHour,Freq,AccumFreq
0,4940,1.0,0.42637666148800274,0.42637666148800274
1,3975,2.0,0.3430864836872087,0.7694631451752114
2,2671,3.0,0.23053685482478853,1.0
