,Nelem,TravelTimeHour,Freq,AccumFreq
0,3875,1,0.5872991815701728,0.5872991815701728
1,2723,2,0.4127008184298272,1.0
