,Nelem,TravelTimeHour,Freq,AccumFreq
0,3066,1,0.681030653043092,0.681030653043092
1,1436,2,0.31896934695690804,1.0
