,Nelem,TravelTimeHour,Freq,AccumFreq
0,3131,1.0,0.4722473604826546,0.4722473604826546
1,2079,2.0,0.31357466063348416,0.7858220211161387
2,1420,3.0,0.21417797888386123,1.0
