,Nelem,TravelTimeHour,Freq,AccumFreq
0,2520,1,0.5113636363636364,0.5113636363636364
1,2408,2,0.48863636363636365,1.0
