,Nelem,TravelTimeHour,Freq,AccumFreq
0,5604,1,0.6076114062669413,0.6076114062669413
1,3619,2,0.3923885937330587,1.0
