,Nelem,TravelTimeHour,Freq,AccumFreq
0,4660,1,0.5459231490159325,0.5459231490159325
1,3876,2,0.45407685098406747,1.0
