,Nelem,TravelTimeHour,Freq,AccumFreq
0,2895,1,0.638086841525237,0.638086841525237
1,1642,2,0.3619131584747631,1.0
