,Nelem,TravelTimeHour,Freq,AccumFreq
0,1782,1.0,0.4335766423357664,0.4335766423357664
1,898,2.0,0.21849148418491485,0.6520681265206812
2,1430,3.0,0.34793187347931875,1.0
