,Nelem,TravelTimeHour,Freq,AccumFreq
0,2741,1,0.620556939098936,0.620556939098936
1,1676,2,0.37944306090106406,1.0
