,Nelem,TravelTimeHour,Freq,AccumFreq
0,4461,1,0.6417781614156236,0.6417781614156236
1,2490,2,0.35822183858437634,1.0
