,Nelem,TravelTimeHour,Freq,AccumFreq
0,3646,1.0,0.44193939393939397,0.44193939393939397
1,2754,2.0,0.3338181818181818,0.7757575757575758
2,1850,3.0,0.22424242424242424,1.0
