,Nelem,TravelTimeHour,Freq,AccumFreq
0,5722,1,0.5744979919678714,0.5744979919678714
1,4238,2,0.4255020080321285,1.0
