,Nelem,TravelTimeHour,Freq,AccumFreq
0,3246,1,0.5699736611062335,0.5699736611062335
1,2449,2,0.43002633889376646,1.0
