,Nelem,TravelTimeHour,Freq,AccumFreq
0,3126,1.0,0.4352548036758563,0.4352548036758563
1,2192,2.0,0.3052074631021999,0.7404622667780563
2,1864,3.0,0.25953773322194373,1.0
