,Nelem,TravelTimeHour,Freq,AccumFreq
0,6631,1,0.568891557995882,0.568891557995882
1,5025,2,0.4311084420041181,1.0
