,Nelem,TravelTimeHour,Freq,AccumFreq
0,2466,1,0.5143929912390488,0.5143929912390488
1,2328,2,0.4856070087609512,1.0
