,Nelem,TravelTimeHour,Freq,AccumFreq
0,2537,1.0,0.5530848048833661,0.5530848048833661
1,1276,2.0,0.27817745803357313,0.8312622629169393
2,774,3.0,0.16873773708306083,1.0
