,Nelem,TravelTimeHour,Freq,AccumFreq
0,2220,1,0.5959731543624162,0.5959731543624162
1,1505,2,0.4040268456375839,1.0
