,Nelem,TravelTimeHour,Freq,AccumFreq
0,3250,1,0.810675979047144,0.810675979047144
1,759,2,0.18932402095285608,1.0
