,Nelem,TravelTimeHour,Freq,AccumFreq
0,7285,1,0.7123301065806199,0.7123301065806199
1,2942,2,0.2876698934193801,1.0
