,Nelem,TravelTimeHour,Freq,AccumFreq
0,6991,1,0.8517300194931774,0.8517300194931774
1,1217,2,0.1482699805068226,1.0
