,Nelem,TravelTimeHour,Freq,AccumFreq
0,1770,1.0,0.391506303915063,0.391506303915063
1,1545,2.0,0.3417385534173855,0.7332448573324486
2,1206,3.0,0.2667551426675514,1.0
