,Nelem,TravelTimeHour,Freq,AccumFreq
0,4746,1,0.50174437044085,0.50174437044085
1,4713,2,0.49825562955915004,1.0
