,Nelem,TravelTimeHour,Freq,AccumFreq
0,4806,1.0,0.5403035413153457,0.5403035413153457
1,2588,2.0,0.29094997189432265,0.8312535132096683
2,1501,3.0,0.16874648679033163,1.0
