,Nelem,TravelTimeHour,Freq,AccumFreq
0,5632,1,0.6330223670900303,0.6330223670900303
1,3265,2,0.36697763290996965,1.0
