,Nelem,TravelTimeHour,Freq,AccumFreq
0,4736,1,0.5949748743718593,0.5949748743718593
1,3224,2,0.4050251256281407,1.0
