,Nelem,TravelTimeHour,Freq,AccumFreq
0,3819,1.0,0.5646067415730337,0.5646067415730337
1,2078,2.0,0.3072146658781786,0.8718214074512123
2,867,3.0,0.1281785925487877,1.0
