,Nelem,TravelTimeHour,Freq,AccumFreq
0,4177,1,0.6995478144364428,0.6995478144364428
1,1794,2,0.3004521855635572,1.0
