,Nelem,TravelTimeHour,Freq,AccumFreq
0,5071,1,0.6000473316767246,0.6000473316767246
1,3380,2,0.39995266832327536,1.0
