,Nelem,TravelTimeHour,Freq,AccumFreq
0,1858,1.0,0.5087623220153341,0.5087623220153341
1,1017,2.0,0.2784775465498357,0.7872398685651698
2,777,3.0,0.21276013143483022,1.0
