,Nelem,TravelTimeHour,Freq,AccumFreq
0,1434,1.0,0.4057724957555178,0.4057724957555178
1,1090,2.0,0.30843237125070744,0.7142048670062253
2,1010,3.0,0.28579513299377474,1.0
