,Nelem,TravelTimeHour,Freq,AccumFreq
0,5600,1.0,0.3552172534094513,0.3552172534094513
1,5969,2.0,0.37862353314303837,0.7338407865524896
2,4196,3.0,0.2661592134475103,1.0
