,Nelem,TravelTimeHour,Freq,AccumFreq
0,3519,1,0.5165883734586024,0.5165883734586024
1,3293,2,0.4834116265413975,1.0
