,Nelem,TravelTimeHour,Freq,AccumFreq
0,3356,1,0.7340332458442694,0.7340332458442694
1,1216,2,0.2659667541557305,1.0
