,Nelem,TravelTimeHour,Freq,AccumFreq
0,3794,1,0.4835585011470813,0.4835585011470813
1,4052,2,0.5164414988529187,1.0
