,Nelem,TravelTimeHour,Freq,AccumFreq
0,2502,1,0.6811870405662945,0.6811870405662945
1,1171,2,0.3188129594337054,1.0
