,Nelem,TravelTimeHour,Freq,AccumFreq
0,1203,1.0,0.3065749235474006,0.3065749235474006
1,649,2.0,0.16539245667686034,0.471967380224261
2,605,3.0,0.15417940876656472,0.6261467889908257
3,788,4.0,0.20081549439347604,0.8269622833843017
4,679,5.0,0.17303771661569828,1.0
