,Nelem,TravelTimeHour,Freq,AccumFreq
0,4273,1,0.6909767141009056,0.6909767141009056
1,1911,2,0.30902328589909445,1.0
