,Nelem,TravelTimeHour,Freq,AccumFreq
0,5407,1,0.5686790071518721,0.5686790071518721
1,4101,2,0.4313209928481279,1.0
