,Nelem,TravelTimeHour,Freq,AccumFreq
0,2349,1.0,0.3707971586424625,0.3707971586424625
1,2051,2.0,0.3237569060773481,0.6945540647198105
2,759,3.0,0.11981057616416732,0.8143646408839779
3,1176,4.0,0.1856353591160221,1.0
