,Nelem,TravelTimeHour,Freq,AccumFreq
0,2412,1.0,0.2323475580387246,0.2323475580387246
1,3298,2.0,0.31769579038628265,0.5500433484250072
2,2677,3.0,0.2578749638763125,0.8079183123013197
3,1994,4.0,0.19208168769868028,1.0
