,Nelem,TravelTimeHour,Freq,AccumFreq
0,4446,1,0.5463930195403711,0.5463930195403711
1,3691,2,0.4536069804596289,1.0
