,Nelem,TravelTimeHour,Freq,AccumFreq
0,3992,1,0.5868862099382535,0.5868862099382535
1,2810,2,0.41311379006174653,1.0
