,Nelem,TravelTimeHour,Freq,AccumFreq
0,2119,1,0.5492483151892172,0.5492483151892172
1,1739,2,0.4507516848107828,1.0
