,Nelem,TravelTimeHour,Freq,AccumFreq
0,4168,1,0.6183058893339267,0.6183058893339267
1,2573,2,0.3816941106660733,1.0
