,Nelem,TravelTimeHour,Freq,AccumFreq
0,4205,1,0.5266123982467126,0.5266123982467126
1,3780,2,0.4733876017532874,1.0
