,Nelem,TravelTimeHour,Freq,AccumFreq
0,2326,1.0,0.20305543430816236,0.20305543430816236
1,2126,2.0,0.18559580969009165,0.388651243998254
2,2258,3.0,0.19711916193801834,0.5857704059362724
3,2682,4.0,0.23413356612832825,0.8199039720646006
4,2063,5.0,0.1800960279353994,1.0
