,Nelem,TravelTimeHour,Freq,AccumFreq
0,3938,1.0,0.5240883683790258,0.5240883683790258
1,2035,2.0,0.2708277881288262,0.794916156507852
2,974,3.0,0.1296247005589566,0.9245408570668086
3,567,4.0,0.07545914293319138,0.9999999999999999
