,Nelem,TravelTimeHour,Freq,AccumFreq
0,4237,1,0.6673491888486376,0.6673491888486376
1,2112,2,0.3326508111513624,1.0
