,Nelem,TravelTimeHour,Freq,AccumFreq
0,4373,1.0,0.4642743391018155,0.4642743391018155
1,3285,2.0,0.34876313833740313,0.8130374774392186
2,1761,3.0,0.18696252256078139,1.0
