,Nelem,TravelTimeHour,Freq,AccumFreq
0,5221,1,0.6343093184303243,0.6343093184303243
1,3010,2,0.3656906815696756,1.0
