,Nelem,TravelTimeHour,Freq,AccumFreq
0,1957,1.0,0.3117234788149092,0.3117234788149092
1,2055,2.0,0.3273335457151959,0.639057024530105
2,2266,3.0,0.36094297546989484,0.9999999999999999
