,Nelem,TravelTimeHour,Freq,AccumFreq
0,2315,1,0.5627126883811375,0.5627126883811375
1,1799,2,0.4372873116188624,1.0
