,Nelem,TravelTimeHour,Freq,AccumFreq
0,4214,1.0,0.28660817520233967,0.28660817520233967
1,4502,2.0,0.3061960144188261,0.5928041896211658
2,3362,3.0,0.22866081752023396,0.8214650071413997
3,2625,4.0,0.17853499285860028,1.0
