,Nelem,TravelTimeHour,Freq,AccumFreq
0,6530,1.0,0.33985635474133447,0.33985635474133447
1,6636,2.0,0.345373165400229,0.6852295201415635
2,6048,3.0,0.31477047985843654,1.0
