,Nelem,TravelTimeHour,Freq,AccumFreq
0,1871,1.0,0.3559064105002853,0.3559064105002853
1,1656,2.0,0.3150085600152178,0.6709149705155031
2,1730,3.0,0.32908502948449686,1.0
