,Nelem,TravelTimeHour,Freq,AccumFreq
0,2273,1.0,0.18386992396052418,0.18386992396052418
1,3046,2.0,0.24640025885779,0.4302701828183142
2,3231,3.0,0.2613654748422585,0.6916356576605727
3,1990,4.0,0.16097718815725612,0.8526128458178288
4,1232,5.0,0.09966024915062288,0.9522730949684517
5,590,6.0,0.04772690503154829,1.0
