,Nelem,TravelTimeHour,Freq,AccumFreq
0,2971,1.0,0.37455874936964195,0.37455874936964195
1,2224,2.0,0.28038325769036815,0.65494200706001
2,2737,3.0,0.3450579929399899,1.0
