,Nelem,TravelTimeHour,Freq,AccumFreq
0,5458,1,0.58587376556462,0.58587376556462
1,3858,2,0.41412623443538,1.0
