,Nelem,TravelTimeHour,Freq,AccumFreq
0,5881,1.0,0.4460371634433068,0.4460371634433068
1,4328,2.0,0.32825180128934395,0.7742889647326507
2,2976,3.0,0.22571103526734926,1.0
