,Nelem,TravelTimeHour,Freq,AccumFreq
0,3869,1,0.6203302869969537,0.6203302869969537
1,2368,2,0.37966971300304636,1.0
