,Nelem,TravelTimeHour,Freq,AccumFreq
0,4607,1,0.5516704586277092,0.5516704586277092
1,3744,2,0.44832954137229075,1.0
