,Nelem,TravelTimeHour,Freq,AccumFreq
0,3308,1.0,0.29209713024282563,0.29209713024282563
1,2235,2.0,0.19735099337748344,0.4894481236203091
2,1877,3.0,0.16573951434878587,0.655187637969095
3,2034,4.0,0.1796026490066225,0.8347902869757174
4,1871,5.0,0.16520971302428256,1.0
