,Nelem,TravelTimeHour,Freq,AccumFreq
0,2263,1.0,0.42916745685567986,0.42916745685567986
1,1443,2.0,0.27365825905556607,0.7028257159112459
2,1567,3.0,0.297174284088754,0.9999999999999999
