,Nelem,TravelTimeHour,Freq,AccumFreq
0,8294,1,0.6504587875460748,0.6504587875460748
1,4457,2,0.34954121245392517,1.0
