,Nelem,TravelTimeHour,Freq,AccumFreq
0,6745,1.0,0.3836091679463118,0.3836091679463118
1,6392,2.0,0.36353295797076723,0.747142125917079
2,4446,3.0,0.252857874082921,1.0
