,Nelem,TravelTimeHour,Freq,AccumFreq
0,2774,1,0.7481121898597627,0.7481121898597627
1,934,2,0.2518878101402373,1.0
