,Nelem,TravelTimeHour,Freq,AccumFreq
0,2455,1.0,0.24479010868481405,0.24479010868481405
1,1948,2.0,0.1942367135307608,0.4390268222155749
2,2305,3.0,0.22983348289959118,0.668860305115166
3,2073,4.0,0.20670056835177983,0.8755608734669459
4,1248,5.0,0.12443912653305414,1.0
