,Nelem,TravelTimeHour,Freq,AccumFreq
0,4553,1,0.603686024927075,0.603686024927075
1,2989,2,0.39631397507292493,1.0
