,Nelem,TravelTimeHour,Freq,AccumFreq
0,1252,1,0.5034177724165662,0.5034177724165662
1,1235,2,0.49658222758343384,1.0
