,Nelem,TravelTimeHour,Freq,AccumFreq
0,2523,1.0,0.2721389278394995,0.2721389278394995
1,3544,2.0,0.3822672850825154,0.654406212922015
2,2164,3.0,0.23341602847589257,0.8878222413979076
3,1040,4.0,0.11217775860209254,1.0
