,Nelem,TravelTimeHour,Freq,AccumFreq
0,2007,1,0.49155033063923587,0.49155033063923587
1,2076,2,0.5084496693607642,1.0
