,Nelem,TravelTimeHour,Freq,AccumFreq
0,2678,1.0,0.3259493670886076,0.3259493670886076
1,1686,2.0,0.2052093476144109,0.5311587147030186
2,2146,3.0,0.26119766309639725,0.7923563777994158
3,1706,4.0,0.20764362220058422,1.0
