,Nelem,TravelTimeHour,Freq,AccumFreq
0,4518,1,0.6124440829605531,0.6124440829605531
1,2859,2,0.3875559170394469,1.0
