,Nelem,TravelTimeHour,Freq,AccumFreq
0,2330,1,0.5125384953805543,0.5125384953805543
1,2216,2,0.48746150461944565,1.0
