,Nelem,TravelTimeHour,Freq,AccumFreq
0,9311,1.0,0.49337643069097076,0.49337643069097076
1,5589,2.0,0.2961530309453158,0.7895294616362866
2,3972,3.0,0.21047053836371343,1.0
