,Nelem,TravelTimeHour,Freq,AccumFreq
0,2073,1.0,0.3853159851301115,0.3853159851301115
1,1954,2.0,0.36319702602230486,0.7485130111524163
2,1353,3.0,0.25148698884758364,1.0
