,Nelem,TravelTimeHour,Freq,AccumFreq
0,7652,1.0,0.39868702130985256,0.39868702130985256
1,6044,2.0,0.3149064763194915,0.7135934976293441
2,5497,3.0,0.28640650237065596,1.0
