,Nelem,TravelTimeHour,Freq,AccumFreq
0,5915,1,0.6126359399274987,0.6126359399274987
1,3740,2,0.3873640600725013,1.0
