,Nelem,TravelTimeHour,Freq,AccumFreq
0,4012,1.0,0.4566355565672661,0.4566355565672661
1,2577,2.0,0.29330753471431825,0.7499430912815843
2,2197,3.0,0.2500569087184157,1.0
