,Nelem,TravelTimeHour,Freq,AccumFreq
0,1552,1.0,0.34328688343286884,0.34328688343286884
1,1606,2.0,0.35523114355231145,0.6985180269851803
2,1363,3.0,0.3014819730148197,1.0
