,Nelem,TravelTimeHour,Freq,AccumFreq
0,2526,1.0,0.45236389684813755,0.45236389684813755
1,2135,2.0,0.38234240687679083,0.8347063037249284
2,923,3.0,0.16529369627507162,1.0
