,Nelem,TravelTimeHour,Freq,AccumFreq
0,7657,1,0.5602956241767891,0.5602956241767891
1,6009,2,0.43970437582321087,1.0
