,Nelem,TravelTimeHour,Freq,AccumFreq
0,3872,1,0.6612021857923497,0.6612021857923497
1,1984,2,0.33879781420765026,1.0
