,Nelem,TravelTimeHour,Freq,AccumFreq
0,1655,1.0,0.42665635473060065,0.42665635473060065
1,1208,2.0,0.311420469193091,0.7380768239236917
2,629,3.0,0.16215519463779324,0.9002320185614849
3,387,4.0,0.09976798143851508,1.0
