,Nelem,TravelTimeHour,Freq,AccumFreq
0,3983,1.0,0.38760217983651224,0.38760217983651224
1,4434,2.0,0.43149085247177893,0.8190930323082912
2,1859,3.0,0.18090696769170883,1.0
