,Nelem,TravelTimeHour,Freq,AccumFreq
0,3980,1.0,0.497313507434712,0.497313507434712
1,2557,2.0,0.31950518555541674,0.8168186929901287
2,1466,3.0,0.18318130700987129,1.0
