,Nelem,TravelTimeHour,Freq,AccumFreq
0,6391,1,0.5767009565060458,0.5767009565060458
1,4691,2,0.42329904349395414,1.0
