,Nelem,TravelTimeHour,Freq,AccumFreq
0,6903,1.0,0.2801655911360039,0.2801655911360039
1,7524,2.0,0.3053695361013028,0.5855351272373067
2,6314,3.0,0.25626040017857865,0.8417955274158854
3,3898,4.0,0.1582044725841146,1.0
