,Nelem,TravelTimeHour,Freq,AccumFreq
0,5925,1,0.5735721200387222,0.5735721200387222
1,4405,2,0.42642787996127784,1.0
