,Nelem,TravelTimeHour,Freq,AccumFreq
0,7122,1.0,0.4836015481768181,0.4836015481768181
1,5000,2.0,0.3395124601072859,0.823114008284104
2,2605,3.0,0.17688599171589597,1.0
