,Nelem,TravelTimeHour,Freq,AccumFreq
0,3813,1,0.5960606534312959,0.5960606534312959
1,2584,2,0.40393934656870406,1.0
