,Nelem,TravelTimeHour,Freq,AccumFreq
0,3716,1.0,0.3595201238390093,0.3595201238390093
1,2680,2.0,0.2592879256965944,0.6188080495356036
2,2263,3.0,0.2189434984520124,0.8377515479876161
3,1677,4.0,0.16224845201238391,1.0
