,Nelem,TravelTimeHour,Freq,AccumFreq
0,6753,1,0.6048907201719814,0.6048907201719814
1,4411,2,0.39510927982801863,1.0
