,Nelem,TravelTimeHour,Freq,AccumFreq
0,2498,1.0,0.30286129970902037,0.30286129970902037
1,2164,2.0,0.2623666343355965,0.5652279340446169
2,2022,3.0,0.24515033947623666,0.8103782735208536
3,1564,4.0,0.18962172647914646,1.0
