,Nelem,TravelTimeHour,Freq,AccumFreq
0,4637,1,0.6173612035681001,0.6173612035681001
1,2874,2,0.38263879643189985,1.0
