,Nelem,TravelTimeHour,Freq,AccumFreq
0,5568,1.0,0.4459394521864488,0.4459394521864488
1,3789,2.0,0.3034598750600673,0.749399327246516
2,3129,3.0,0.2506006727534839,1.0
