,Nelem,TravelTimeHour,Freq,AccumFreq
0,2201,1,0.5132929104477612,0.5132929104477612
1,2087,2,0.4867070895522388,1.0
