,Nelem,TravelTimeHour,Freq,AccumFreq
0,1927,1.0,0.39334558073076137,0.39334558073076137
1,1641,2.0,0.33496631965707285,0.7283119003878342
2,1331,3.0,0.2716880996121657,1.0
