,Nelem,TravelTimeHour,Freq,AccumFreq
0,2212,1.0,0.5013599274705349,0.5013599274705349
1,1257,2.0,0.28490480507706256,0.7862647325475975
2,943,3.0,0.21373526745240254,1.0
