,Nelem,TravelTimeHour,Freq,AccumFreq
0,6962,1,0.5169674017969852,0.5169674017969852
1,6505,2,0.48303259820301475,1.0
