,Nelem,TravelTimeHour,Freq,AccumFreq
0,8204,1.0,0.29002722098490474,0.29002722098490474
1,8708,2.0,0.3078445929225439,0.5978718139074486
2,7157,3.0,0.2530137519001662,0.8508855658076148
3,4218,4.0,0.14911443419238518,1.0
