,Nelem,TravelTimeHour,Freq,AccumFreq
0,2658,1,0.5651711673399957,0.5651711673399957
1,2045,2,0.43482883266000427,1.0
