,Nelem,TravelTimeHour,Freq,AccumFreq
0,3866,1,0.6468127823322737,0.6468127823322737
1,2111,2,0.35318721766772626,1.0
