,Nelem,TravelTimeHour,Freq,AccumFreq
0,2199,1,0.5647149460708782,0.5647149460708782
1,1695,2,0.4352850539291217,1.0
