,Nelem,TravelTimeHour,Freq,AccumFreq
0,6161,1,0.6427081160025037,0.6427081160025037
1,3425,2,0.35729188399749634,1.0
