,Nelem,TravelTimeHour,Freq,AccumFreq
0,1367,1.0,0.2946120689655172,0.2946120689655172
1,1809,2.0,0.3898706896551724,0.6844827586206896
2,1464,3.0,0.31551724137931036,1.0
