,Nelem,TravelTimeHour,Freq,AccumFreq
0,3413,1,0.5502176366274384,0.5502176366274384
1,2790,2,0.44978236337256167,1.0
