,Nelem,TravelTimeHour,Freq,AccumFreq
0,3089,1,0.4786179113727921,0.4786179113727921
1,3365,2,0.5213820886272079,1.0
