,Nelem,TravelTimeHour,Freq,AccumFreq
0,1709,1.0,0.3558192796169061,0.3558192796169061
1,1764,2.0,0.36727045596502184,0.7230897355819279
2,1330,3.0,0.27691026441807204,1.0
