,Nelem,TravelTimeHour,Freq,AccumFreq
0,2803,1,0.7598265112496612,0.7598265112496612
1,886,2,0.24017348875033884,1.0
