,Nelem,TravelTimeHour,Freq,AccumFreq
0,2710,1.0,0.2810620203277328,0.2810620203277328
1,3050,2.0,0.31632441402198713,0.5973864343497199
2,3882,3.0,0.40261356565028,1.0
