,Nelem,TravelTimeHour,Freq,AccumFreq
0,7288,1.0,0.4135035460992908,0.4135035460992908
1,6572,2.0,0.3728794326241135,0.7863829787234042
2,3765,3.0,0.21361702127659574,1.0
