,Nelem,TravelTimeHour,Freq,AccumFreq
0,3545,1,0.6738262687701958,0.6738262687701958
1,1716,2,0.3261737312298042,1.0
