,Nelem,TravelTimeHour,Freq,AccumFreq
0,1584,1.0,0.45767119329673506,0.45767119329673506
1,1235,2.0,0.3568332851776943,0.8145044784744293
2,642,3.0,0.18549552152557064,1.0
