,Nelem,TravelTimeHour,Freq,AccumFreq
0,2080,1.0,0.39141889348889725,0.39141889348889725
1,1972,2.0,0.37109522017312757,0.7625141136620248
2,1262,3.0,0.23748588633797516,1.0
