,Nelem,TravelTimeHour,Freq,AccumFreq
0,5013,1.0,0.5586137731223535,0.5586137731223535
1,2702,2.0,0.30109204368174725,0.8597058168041007
2,1259,3.0,0.14029418319589926,1.0
