,Nelem,TravelTimeHour,Freq,AccumFreq
0,2190,1.0,0.4365158461231812,0.4365158461231812
1,1432,2.0,0.2854295395654774,0.7219453856886586
2,1395,3.0,0.27805461431134143,1.0
