,Nelem,TravelTimeHour,Freq,AccumFreq
0,2579,1,0.6765477439664218,0.6765477439664218
1,1233,2,0.3234522560335782,1.0
