,Nelem,TravelTimeHour,Freq,AccumFreq
0,2629,1.0,0.4195659112671561,0.4195659112671561
1,2074,2.0,0.33099265879348866,0.7505585700606447
2,1563,3.0,0.24944142993935525,1.0
