,Nelem,TravelTimeHour,Freq,AccumFreq
0,1102,1.0,0.2857142857142857,0.2857142857142857
1,352,2.0,0.09126263935701322,0.37697692507129893
2,410,3.0,0.10630023334197562,0.48327715841327457
3,152,4.0,0.03940886699507389,0.5226860254083484
4,43,5.0,0.011148561057816956,0.5338345864661653
5,149,6.0,0.0386310604096448,0.5724656468758101
6,562,7.0,0.1457091003370495,0.7181747472128597
7,1087,8.0,0.28182525278714027,1.0
