,Nelem,TravelTimeHour,Freq,AccumFreq
0,5937,1.0,0.24063715953307394,0.24063715953307394
1,6750,2.0,0.27358949416342415,0.5142266536964981
2,6436,3.0,0.2608625162127108,0.7750891699092088
3,5549,4.0,0.2249108300907912,1.0
