,Nelem,TravelTimeHour,Freq,AccumFreq
0,3314,1.0,0.29211106214191274,0.29211106214191274
1,3985,2.0,0.35125605993829884,0.6433671220802115
2,4046,3.0,0.3566328779197884,1.0
