,Nelem,TravelTimeHour,Freq,AccumFreq
0,4130,1.0,0.3793515201616607,0.3793515201616607
1,3448,2.0,0.31670800036741065,0.6960595205290714
2,2382,3.0,0.218793055938275,0.9148525764673464
3,927,4.0,0.08514742353265363,1.0
