,Nelem,TravelTimeHour,Freq,AccumFreq
0,2343,1,0.6127092050209205,0.6127092050209205
1,1481,2,0.3872907949790795,1.0
