,Nelem,TravelTimeHour,Freq,AccumFreq
0,3423,1.0,0.29608165383617335,0.29608165383617335
1,4043,2.0,0.349710232678834,0.6457918865150074
2,4095,3.0,0.35420811348499265,1.0
