,Nelem,TravelTimeHour,Freq,AccumFreq
0,5242,1.0,0.43247256826994473,0.43247256826994473
1,3793,2.0,0.3129279762395842,0.7454005445095289
2,3086,3.0,0.2545994554904711,1.0
