,Nelem,TravelTimeHour,Freq,AccumFreq
0,2959,1,0.5631899505138942,0.5631899505138942
1,2295,2,0.4368100494861058,1.0
