,Nelem,TravelTimeHour,Freq,AccumFreq
0,5711,1,0.6846080076720211,0.6846080076720211
1,2631,2,0.3153919923279789,1.0
