,Nelem,TravelTimeHour,Freq,AccumFreq
0,2859,1.0,0.5023721665788087,0.5023721665788087
1,1955,2.0,0.34352486382006675,0.8458970303988754
2,877,3.0,0.15410296960112457,1.0
