,Nelem,TravelTimeHour,Freq,AccumFreq
0,5207,1,0.6392879066912216,0.6392879066912216
1,2938,2,0.3607120933087784,1.0
