,Nelem,TravelTimeHour,Freq,AccumFreq
0,2783,1.0,0.1787756150831888,0.1787756150831888
1,3246,2.0,0.20851801888610522,0.387293633969294
2,2893,3.0,0.18584184492837413,0.5731354788976681
3,2791,4.0,0.17928952270829318,0.7524250016059613
4,2270,5.0,0.14582128862336996,0.8982462902293312
5,1584,6.0,0.10175370977066872,1.0
