,Nelem,TravelTimeHour,Freq,AccumFreq
0,3057,1.0,0.5249871200412158,0.5249871200412158
1,1794,2.0,0.30808861411643484,0.8330757341576507
2,972,3.0,0.16692426584234932,1.0
