,Nelem,TravelTimeHour,Freq,AccumFreq
0,3555,1.0,0.4126044568245125,0.4126044568245125
1,2607,2.0,0.3025766016713092,0.7151810584958217
2,2454,3.0,0.28481894150417825,1.0
