,Nelem,TravelTimeHour,Freq,AccumFreq
0,1035,1.0,0.23030707610146864,0.23030707610146864
1,1083,2.0,0.2409879839786382,0.4712950600801068
2,1221,3.0,0.27169559412550065,0.7429906542056075
3,1155,4.0,0.2570093457943925,1.0
