,Nelem,TravelTimeHour,Freq,AccumFreq
0,5842,1.0,0.40220309810671256,0.40220309810671256
1,3287,2.0,0.22629948364888125,0.6285025817555938
2,3333,3.0,0.22946643717728055,0.8579690189328744
3,2063,4.0,0.14203098106712564,1.0
