,Nelem,TravelTimeHour,Freq,AccumFreq
0,6211,1,0.6128873100453918,0.6128873100453918
1,3923,2,0.38711268995460824,1.0
