,Nelem,TravelTimeHour,Freq,AccumFreq
0,2667,1,0.5914836992681304,0.5914836992681304
1,1842,2,0.4085163007318696,1.0
