,Nelem,TravelTimeHour,Freq,AccumFreq
0,4284,1.0,0.31059232944247084,0.31059232944247084
1,4110,2.0,0.2979772348292612,0.608569564271732
2,2807,3.0,0.20350902631769738,0.8120785905894294
3,2592,4.0,0.1879214094105706,1.0
