,Nelem,TravelTimeHour,Freq,AccumFreq
0,4679,1,0.6413103070175439,0.6413103070175439
1,2617,2,0.3586896929824561,1.0
