,Nelem,TravelTimeHour,Freq,AccumFreq
0,7321,1.0,0.31102897442433514,0.31102897442433514
1,5063,2.0,0.21509898886906278,0.526127963293398
2,3578,3.0,0.15200951652646785,0.6781374798198658
3,3857,4.0,0.1638626901181069,0.8420001699379727
4,3719,5.0,0.15799983006202736,1.0
