,Nelem,TravelTimeHour,Freq,AccumFreq
0,2312,1,0.5524492234169653,0.5524492234169653
1,1873,2,0.44755077658303466,1.0
