,Nelem,TravelTimeHour,Freq,AccumFreq
0,4983,1.0,0.5358064516129032,0.5358064516129032
1,2610,2.0,0.2806451612903226,0.8164516129032258
2,1707,3.0,0.1835483870967742,1.0
