,Nelem,TravelTimeHour,Freq,AccumFreq
0,2848,1,0.5481139337952271,0.5481139337952271
1,2348,2,0.4518860662047729,1.0
