,Nelem,TravelTimeHour,Freq,AccumFreq
0,6411,1.0,0.2798219196019379,0.2798219196019379
1,5662,2.0,0.2471301994675047,0.5269521190694426
2,4068,3.0,0.17755663218541312,0.7045087512548558
3,3424,4.0,0.1494478634716948,0.8539566147265506
4,3346,5.0,0.14604338527344943,1.0
