,Nelem,TravelTimeHour,Freq,AccumFreq
0,6229,1.0,0.1062787920150145,0.1062787920150145
1,7970,2.0,0.13598362054256952,0.24226241255758402
2,8901,3.0,0.15186828186316328,0.39413069442074733
3,10719,4.0,0.1828868793721208,0.5770175737928681
4,11246,5.0,0.19187851902405734,0.7688960928169255
5,7886,6.0,0.13455041801740317,0.9034465108343287
6,3821,7.0,0.0651936529602457,0.9686401637945744
7,1838,8.0,0.03135983620542569,1.0
