,Nelem,TravelTimeHour,Freq,AccumFreq
0,2791,1,0.7416954557533882,0.7416954557533882
1,972,2,0.25830454424661176,1.0
