,Nelem,TravelTimeHour,Freq,AccumFreq
0,4984,1,0.6037552998182919,0.6037552998182919
1,3271,2,0.39624470018170804,1.0
