,Nelem,TravelTimeHour,Freq,AccumFreq
0,3245,1,0.6020408163265306,0.6020408163265306
1,2145,2,0.3979591836734694,1.0
