,Nelem,TravelTimeHour,Freq,AccumFreq
0,4632,1,0.5114840989399293,0.5114840989399293
1,4424,2,0.48851590106007065,1.0
