,Nelem,TravelTimeHour,Freq,AccumFreq
0,4444,1,0.640992355401702,0.640992355401702
1,2489,2,0.359007644598298,1.0
