,Nelem,TravelTimeHour,Freq,AccumFreq
0,5434,1,0.6168691111363378,0.6168691111363378
1,3375,2,0.38313088886366214,1.0
