,Nelem,TravelTimeHour,Freq,AccumFreq
0,2732,1,0.6368298368298368,0.6368298368298368
1,1558,2,0.36317016317016315,1.0
