,Nelem,TravelTimeHour,Freq,AccumFreq
0,2556,1.0,0.3882138517618469,0.3882138517618469
1,2046,2.0,0.31075334143377886,0.6989671931956258
2,1982,3.0,0.3010328068043742,1.0
