,Nelem,TravelTimeHour,Freq,AccumFreq
0,4987,1.0,0.33326650628174287,0.33326650628174287
1,5627,2.0,0.3760358192996525,0.7093023255813954
2,4350,3.0,0.29069767441860467,1.0
