,Nelem,TravelTimeHour,Freq,AccumFreq
0,5096,1,0.555119825708061,0.555119825708061
1,4084,2,0.444880174291939,1.0
