,Nelem,TravelTimeHour,Freq,AccumFreq
0,4294,1.0,0.41197352009977933,0.41197352009977933
1,3946,2.0,0.3785858198215485,0.7905593399213278
2,2183,3.0,0.20944066007867218,1.0
