,Nelem,TravelTimeHour,Freq,AccumFreq
0,4078,1.0,0.40763694522191124,0.40763694522191124
1,3337,2.0,0.33356657337065176,0.741203518592563
2,2589,3.0,0.25879648140743705,1.0
