,Nelem,TravelTimeHour,Freq,AccumFreq
0,5731,1,0.5994769874476987,0.5994769874476987
1,3829,2,0.40052301255230127,1.0
