,Nelem,TravelTimeHour,Freq,AccumFreq
0,3412,1.0,0.47382308012776003,0.47382308012776003
1,2380,2.0,0.3305096514373004,0.8043327315650604
2,1409,3.0,0.1956672684349396,1.0
