,Nelem,TravelTimeHour,Freq,AccumFreq
0,1487,1.0,0.34019675131548843,0.34019675131548843
1,1755,2.0,0.40150995195607414,0.7417067032715625
2,1129,3.0,0.2582932967284374,1.0
