,Nelem,TravelTimeHour,Freq,AccumFreq
0,3912,1.0,0.3497854077253219,0.3497854077253219
1,3306,2.0,0.2956008583690987,0.6453862660944206
2,2352,3.0,0.21030042918454936,0.85568669527897
3,1614,4.0,0.14431330472103004,1.0
