,Nelem,TravelTimeHour,Freq,AccumFreq
0,3286,1,0.5531986531986532,0.5531986531986532
1,2654,2,0.4468013468013468,1.0
