,Nelem,TravelTimeHour,Freq,AccumFreq
0,7493,1,0.7191669066129187,0.7191669066129187
1,2926,2,0.2808330933870813,1.0
