,Nelem,TravelTimeHour,Freq,AccumFreq
0,2475,1.0,0.3808278196645638,0.3808278196645638
1,2082,2.0,0.3203569779966149,0.7011847976611787
2,1942,3.0,0.29881520233882136,1.0
