,Nelem,TravelTimeHour,Freq,AccumFreq
0,2322,1.0,0.17715724422064547,0.17715724422064547
1,2559,2.0,0.19523918516823072,0.3723964293888762
2,2390,3.0,0.18234531166552223,0.5547417410543984
3,3170,4.0,0.24185549706263829,0.7965972381170368
4,2666,5.0,0.2034027618829633,1.0
