,Nelem,TravelTimeHour,Freq,AccumFreq
0,3133,1,0.6306360708534622,0.6306360708534622
1,1835,2,0.3693639291465378,1.0
