,Nelem,TravelTimeHour,Freq,AccumFreq
0,2525,1,0.531467059566407,0.531467059566407
1,2226,2,0.46853294043359295,1.0
