,Nelem,TravelTimeHour,Freq,AccumFreq
0,3061,1.0,0.49554800064756355,0.49554800064756355
1,1751,2.0,0.283470940586045,0.7790189412336086
2,1365,3.0,0.22098105876639146,1.0
