,Nelem,TravelTimeHour,Freq,AccumFreq
0,4070,1,0.5167597765363129,0.5167597765363129
1,3806,2,0.48324022346368717,1.0
