,Nelem,TravelTimeHour,Freq,AccumFreq
0,3472,1.0,0.4328637327016581,0.4328637327016581
1,2818,2.0,0.35132776461787807,0.7841914973195362
2,1731,3.0,0.21580850268046378,1.0
