,Nelem,TravelTimeHour,Freq,AccumFreq
0,4258,1,0.5903230278663524,0.5903230278663524
1,2955,2,0.40967697213364757,1.0
