,Nelem,TravelTimeHour,Freq,AccumFreq
0,3348,1,0.6014011137057661,0.6014011137057661
1,2219,2,0.3985988862942339,1.0
