,Nelem,TravelTimeHour,Freq,AccumFreq
0,2852,1.0,0.4372891750996627,0.4372891750996627
1,1925,2.0,0.29515486047224776,0.7324440355719104
2,1009,3.0,0.15470714504753144,0.8871511806194419
3,736,4.0,0.11284881938055812,1.0
