,Nelem,TravelTimeHour,Freq,AccumFreq
0,2947,1.0,0.3078449806748146,0.3078449806748146
1,2549,2.0,0.26626971691214874,0.5741146975869633
2,2230,3.0,0.23294682962498695,0.8070615272119502
3,1847,4.0,0.19293847278804974,1.0
