,Nelem,TravelTimeHour,Freq,AccumFreq
0,5310,1,0.7215654300856095,0.7215654300856095
1,2049,2,0.27843456991439053,1.0
