,Nelem,TravelTimeHour,Freq,AccumFreq
0,7287,1.0,0.38657824933687,0.38657824933687
1,6078,2.0,0.3224403183023873,0.7090185676392573
2,3761,3.0,0.19952254641909814,0.9085411140583555
3,1724,4.0,0.09145888594164456,1.0
