,Nelem,TravelTimeHour,Freq,AccumFreq
0,4408,1.0,0.4207311253221342,0.4207311253221342
1,2781,2.0,0.2654385797461105,0.6861697050682447
2,1899,3.0,0.18125417581368714,0.8674238808819319
3,1389,4.0,0.13257611911806816,1.0
