,Nelem,TravelTimeHour,Freq,AccumFreq
0,2983,1,0.7794617193624249,0.7794617193624249
1,844,2,0.22053828063757513,1.0
