,Nelem,TravelTimeHour,Freq,AccumFreq
0,2405,1,0.5026123301985371,0.5026123301985371
1,2380,2,0.49738766980146293,1.0
