,Nelem,TravelTimeHour,Freq,AccumFreq
0,2174,1.0,0.4311781039270131,0.4311781039270131
1,1605,2.0,0.3183260610868703,0.7495041650138834
2,1263,3.0,0.2504958349861166,1.0
