,Nelem,TravelTimeHour,Freq,AccumFreq
0,2803,1.0,0.30299427088963354,0.30299427088963354
1,2304,2.0,0.24905415630742622,0.5520484271970598
2,2528,3.0,0.27326775483731486,0.8253161820343746
3,1616,4.0,0.17468381796562535,1.0
