,Nelem,TravelTimeHour,Freq,AccumFreq
0,2678,1,0.5738161559888579,0.5738161559888579
1,1989,2,0.42618384401114207,1.0
