,Nelem,TravelTimeHour,Freq,AccumFreq
0,11446,1,0.6355005274554439,0.6355005274554439
1,6565,2,0.3644994725445561,1.0
