,Nelem,TravelTimeHour,Freq,AccumFreq
0,2478,1.0,0.3599651365485183,0.3599651365485183
1,2277,2.0,0.33076699593259734,0.6907321324811156
2,2129,3.0,0.30926786751888435,1.0
