,Nelem,TravelTimeHour,Freq,AccumFreq
0,2428,1.0,0.3190958075962676,0.3190958075962676
1,2883,2.0,0.37889341569194374,0.6979892232882113
2,2298,3.0,0.30201077671178866,1.0
