,Nelem,TravelTimeHour,Freq,AccumFreq
0,2063,1,0.4652683806946324,0.4652683806946324
1,2371,2,0.5347316193053676,1.0
