,Nelem,TravelTimeHour,Freq,AccumFreq
0,4859,1.0,0.33986150940756804,0.33986150940756804
1,5496,2.0,0.38441631111421976,0.7242778205217878
2,3942,3.0,0.2757221794782122,1.0
