,Nelem,TravelTimeHour,Freq,AccumFreq
0,3971,1,0.5689926923628027,0.5689926923628027
1,3008,2,0.4310073076371973,1.0
