,Nelem,TravelTimeHour,Freq,AccumFreq
0,1070,1.0,0.09835462818273738,0.09835462818273738
1,1834,2.0,0.16858167110947697,0.26693629929221435
2,3376,3.0,0.31032263994852466,0.577258939240739
3,2698,4.0,0.24800073536170603,0.825259674602445
4,1901,5.0,0.17474032539755494,0.9999999999999999
