,Nelem,TravelTimeHour,Freq,AccumFreq
0,3948,1.0,0.403639709641141,0.403639709641141
1,3707,2.0,0.37900010223903485,0.7826398118801758
2,2126,3.0,0.21736018811982416,1.0
