,Nelem,TravelTimeHour,Freq,AccumFreq
0,2950,1.0,0.28599127484246245,0.28599127484246245
1,3645,2.0,0.35336888027144936,0.6393601551139119
2,3720,3.0,0.36063984488608825,1.0
