,Nelem,TravelTimeHour,Freq,AccumFreq
0,4047,1,0.5526423596886522,0.5526423596886522
1,3276,2,0.4473576403113478,1.0
