,Nelem,TravelTimeHour,Freq,AccumFreq
0,1860,1.0,0.3248340901152637,0.3248340901152637
1,1662,2.0,0.2902549772965421,0.6150890674118058
2,2204,3.0,0.3849109325881942,1.0
