,Nelem,TravelTimeHour,Freq,AccumFreq
0,4213,1,0.5917134831460674,0.5917134831460674
1,2907,2,0.4082865168539326,1.0
