,Nelem,TravelTimeHour,Freq,AccumFreq
0,3072,1.0,0.40410418310970797,0.40410418310970797
1,2824,2.0,0.3714811891607472,0.7755853722704551
2,1706,3.0,0.22441462772954485,1.0
