,Nelem,TravelTimeHour,Freq,AccumFreq
0,3471,1,0.5496437054631829,0.5496437054631829
1,2844,2,0.4503562945368171,1.0
