,Nelem,TravelTimeHour,Freq,AccumFreq
0,2242,1,0.5167089191057848,0.5167089191057848
1,2097,2,0.48329108089421524,1.0
