,Nelem,TravelTimeHour,Freq,AccumFreq
0,3352,1.0,0.3020091900171187,0.3020091900171187
1,3183,2.0,0.2867825930263988,0.5887917830435174
2,2622,3.0,0.2362374988737724,0.8250292819172899
3,1942,4.0,0.17497071808271014,1.0
