,Nelem,TravelTimeHour,Freq,AccumFreq
0,6126,1,0.6059347181008902,0.6059347181008902
1,3984,2,0.3940652818991098,1.0
