,Nelem,TravelTimeHour,Freq,AccumFreq
0,3233,1,0.7410038964015586,0.7410038964015586
1,1130,2,0.25899610359844144,1.0
