,Nelem,TravelTimeHour,Freq,AccumFreq
0,3814,1.0,0.3976230191826522,0.3976230191826522
1,3132,2.0,0.32652210175145957,0.7241451209341118
2,2646,3.0,0.27585487906588824,1.0
