,Nelem,TravelTimeHour,Freq,AccumFreq
0,3232,1.0,0.3319979455572676,0.3319979455572676
1,4109,2.0,0.42208525937339497,0.7540832049306625
2,2394,3.0,0.24591679506933745,1.0
