,Nelem,TravelTimeHour,Freq,AccumFreq
0,4175,1.0,0.4290412085088891,0.4290412085088891
1,3853,2.0,0.3959510841640119,0.824992292672901
2,1703,3.0,0.17500770732709897,1.0
