,Nelem,TravelTimeHour,Freq,AccumFreq
0,2481,1,0.5406406624536936,0.5406406624536936
1,2108,2,0.45935933754630637,1.0
