,Nelem,TravelTimeHour,Freq,AccumFreq
0,6195,1,0.546585494970884,0.546585494970884
1,5139,2,0.45341450502911596,1.0
