,Nelem,TravelTimeHour,Freq,AccumFreq
0,5230,1,0.547128360707187,0.547128360707187
1,4329,2,0.45287163929281304,1.0
