,Nelem,TravelTimeHour,Freq,AccumFreq
0,5621,1,0.6032410388495385,0.6032410388495385
1,3697,2,0.3967589611504615,1.0
