,Nelem,TravelTimeHour,Freq,AccumFreq
0,5230,1,0.5851420899530096,0.5851420899530096
1,3708,2,0.41485791004699035,1.0
