,Nelem,TravelTimeHour,Freq,AccumFreq
0,5990,1.0,0.40929279125384355,0.40929279125384355
1,4510,2.0,0.30816535702084047,0.717458148274684
2,4135,3.0,0.28254185172531604,1.0
