,Nelem,TravelTimeHour,Freq,AccumFreq
0,1610,1,0.4148415356866787,0.4148415356866787
1,2271,2,0.5851584643133213,1.0
