,Nelem,TravelTimeHour,Freq,AccumFreq
0,4646,1,0.5154776434039721,0.5154776434039721
1,4367,2,0.48452235659602794,1.0
