,Nelem,TravelTimeHour,Freq,AccumFreq
0,1582,1.0,0.264947245017585,0.264947245017585
1,1569,2.0,0.26277005526712444,0.5277173002847094
2,1450,3.0,0.2428403952436778,0.7705576955283873
3,1370,4.0,0.2294423044716128,1.0
