,Nelem,TravelTimeHour,Freq,AccumFreq
0,5909,1.0,0.529006266786034,0.529006266786034
1,3544,2.0,0.31727842435094,0.846284691136974
2,1717,3.0,0.15371530886302595,1.0
