,Nelem,TravelTimeHour,Freq,AccumFreq
0,2721,1,0.5712786059206383,0.5712786059206383
1,2042,2,0.4287213940793618,1.0
