,Nelem,TravelTimeHour,Freq,AccumFreq
0,3728,1.0,0.3259311068368596,0.3259311068368596
1,3520,2.0,0.30774610945969577,0.6336772162965554
2,4190,3.0,0.3663227837034447,1.0
