,Nelem,TravelTimeHour,Freq,AccumFreq
0,3887,1.0,0.4475532527345999,0.4475532527345999
1,3061,2.0,0.3524467472654001,0.8
2,1737,3.0,0.2,1.0
