,Nelem,TravelTimeHour,Freq,AccumFreq
0,3008,1.0,0.46326813491452334,0.46326813491452334
1,2070,2.0,0.3188048667796088,0.7820730016941322
2,1415,3.0,0.21792699830586787,1.0
