,Nelem,TravelTimeHour,Freq,AccumFreq
0,3096,1,0.6717292254285094,0.6717292254285094
1,1513,2,0.32827077457149056,1.0
