,Nelem,TravelTimeHour,Freq,AccumFreq
0,2740,1.0,0.5196282950881851,0.5196282950881851
1,1866,2.0,0.3538782476768443,0.8735065427650294
2,667,3.0,0.1264934572349706,1.0
