,Nelem,TravelTimeHour,Freq,AccumFreq
0,2621,1,0.5840017825311943,0.5840017825311943
1,1867,2,0.4159982174688057,1.0
