,Nelem,TravelTimeHour,Freq,AccumFreq
0,2270,1,0.5363894139886578,0.5363894139886578
1,1962,2,0.46361058601134214,1.0
