,Nelem,TravelTimeHour,Freq,AccumFreq
0,3091,1.0,0.48198970840480276,0.48198970840480276
1,2206,2.0,0.3439887728052394,0.8259784812100421
2,1116,3.0,0.1740215187899579,1.0
