,Nelem,TravelTimeHour,Freq,AccumFreq
0,8488,1.0,0.4067666650692481,0.4067666650692481
1,5695,2.0,0.2729189629558633,0.6796856280251113
2,3685,3.0,0.17659462308908802,0.8562802511141994
3,2999,4.0,0.14371974888580055,0.9999999999999999
