,Nelem,TravelTimeHour,Freq,AccumFreq
0,2757,1,0.6113082039911308,0.6113082039911308
1,1753,2,0.38869179600886916,1.0
