,Nelem,TravelTimeHour,Freq,AccumFreq
0,3592,1.0,0.38715240353524466,0.38715240353524466
1,2920,2.0,0.3147230006466911,0.7018754041819357
2,2766,3.0,0.2981245958180642,1.0
