,Nelem,TravelTimeHour,Freq,AccumFreq
0,3409,1.0,0.2462082912032356,0.2462082912032356
1,2642,2.0,0.19081323125812508,0.43702152246136067
2,2358,3.0,0.17030189224324715,0.6073234147046078
3,2827,4.0,0.20417449082767586,0.8114979055322837
4,2610,5.0,0.18850209446771632,1.0
