,Nelem,TravelTimeHour,Freq,AccumFreq
0,5835,1,0.602726991013325,0.602726991013325
1,3846,2,0.39727300898667495,1.0
