,Nelem,TravelTimeHour,Freq,AccumFreq
0,3281,1.0,0.4144770085901971,0.4144770085901971
1,3096,2.0,0.3911066195048004,0.8055836280949975
2,1539,3.0,0.19441637190500252,1.0
