,Nelem,TravelTimeHour,Freq,AccumFreq
0,4737,1.0,0.4471398905040589,0.4471398905040589
1,3351,2.0,0.3163111195016047,0.7634510100056635
2,2506,3.0,0.2365489899943364,0.9999999999999999
