,Nelem,TravelTimeHour,Freq,AccumFreq
0,2255,1.0,0.41044776119402987,0.41044776119402987
1,1753,2.0,0.3190753549326538,0.7295231161266837
2,800,3.0,0.1456133964324718,0.8751365125591555
3,686,4.0,0.12486348744084456,1.0
