,Nelem,TravelTimeHour,Freq,AccumFreq
0,3305,1,0.6024425811155669,0.6024425811155669
1,2181,2,0.3975574188844331,1.0
