,Nelem,TravelTimeHour,Freq,AccumFreq
0,2595,1,0.6846965699208444,0.6846965699208444
1,1195,2,0.3153034300791557,1.0
