,Nelem,TravelTimeHour,Freq,AccumFreq
0,3705,1,0.5043561121698884,0.5043561121698884
1,3641,2,0.49564388783011165,1.0
