,Nelem,TravelTimeHour,Freq,AccumFreq
0,2183,1,0.596448087431694,0.596448087431694
1,1477,2,0.403551912568306,1.0
