,Nelem,TravelTimeHour,Freq,AccumFreq
0,3998,1,0.6984626135569532,0.6984626135569532
1,1726,2,0.30153738644304684,1.0
