,Nelem,TravelTimeHour,Freq,AccumFreq
0,4845,1.0,0.24454875832828588,0.24454875832828588
1,5328,2.0,0.26892792247122954,0.5134766807995155
2,5806,3.0,0.2930547143145568,0.8065313951140722
3,3833,4.0,0.1934686048859277,1.0
