,Nelem,TravelTimeHour,Freq,AccumFreq
0,4357,1.0,0.3318860450944546,0.3318860450944546
1,4762,2.0,0.3627361365021328,0.6946221815965874
2,4009,3.0,0.30537781840341255,1.0
