,Nelem,TravelTimeHour,Freq,AccumFreq
0,3430,1,0.6002800140007001,0.6002800140007001
1,2284,2,0.3997199859993,1.0
