,Nelem,TravelTimeHour,Freq,AccumFreq
0,5347,1.0,0.40245371067288876,0.40245371067288876
1,4689,2.0,0.35292789402378444,0.7553816046966733
2,3250,3.0,0.2446183953033268,1.0
