,Nelem,TravelTimeHour,Freq,AccumFreq
0,5126,1.0,0.483402489626556,0.483402489626556
1,3352,2.0,0.3161071293851377,0.7995096190116937
2,2126,3.0,0.2004903809883063,1.0
