,Nelem,TravelTimeHour,Freq,AccumFreq
0,4695,1.0,0.3649720149253731,0.3649720149253731
1,3284,2.0,0.2552860696517413,0.6202580845771144
2,2919,3.0,0.22691231343283583,0.8471703980099502
3,1966,4.0,0.15282960199004975,1.0
