,Nelem,TravelTimeHour,Freq,AccumFreq
0,5398,1,0.5741942346558877,0.5741942346558877
1,4003,2,0.42580576534411235,1.0
