,Nelem,TravelTimeHour,Freq,AccumFreq
0,3608,1.0,0.3930283224400871,0.3930283224400871
1,3030,2.0,0.3300653594771242,0.7230936819172114
2,2542,3.0,0.27690631808278865,1.0
