,Nelem,TravelTimeHour,Freq,AccumFreq
0,6169,1.0,0.5509511476288291,0.5509511476288291
1,3036,2.0,0.2711440564436903,0.8220952040725193
2,1992,3.0,0.17790479592748057,0.9999999999999999
