,Nelem,TravelTimeHour,Freq,AccumFreq
0,1399,1.0,0.35954767411976357,0.35954767411976357
1,1620,2.0,0.4163454124903624,0.7758930866101259
2,872,3.0,0.22410691338987407,1.0
