,Nelem,TravelTimeHour,Freq,AccumFreq
0,2231,1,0.6431248198328049,0.6431248198328049
1,1238,2,0.35687518016719516,1.0
