,Nelem,TravelTimeHour,Freq,AccumFreq
0,3739,1,0.5559024680344931,0.5559024680344931
1,2987,2,0.444097531965507,1.0
