,Nelem,TravelTimeHour,Freq,AccumFreq
0,5736,1,0.5705191963397652,0.5705191963397652
1,4318,2,0.4294808036602347,1.0
