,Nelem,TravelTimeHour,Freq,AccumFreq
0,2566,1.0,0.3447997850040312,0.3447997850040312
1,3214,2.0,0.4318731523783929,0.7766729373824242
2,1662,3.0,0.22332706261757593,1.0
