,Nelem,TravelTimeHour,Freq,AccumFreq
0,4957,1.0,0.24998739220333854,0.24998739220333854
1,5829,2.0,0.2939633869584951,0.5439507791618337
2,4847,3.0,0.24443996167229814,0.7883907408341317
3,4196,4.0,0.21160925916586817,0.9999999999999999
