,Nelem,TravelTimeHour,Freq,AccumFreq
0,2551,1,0.7078246392896781,0.7078246392896781
1,1053,2,0.29217536071032185,1.0
