,Nelem,TravelTimeHour,Freq,AccumFreq
0,1273,1.0,0.34183673469387754,0.34183673469387754
1,1189,2.0,0.31928034371643393,0.6611170784103115
2,1262,3.0,0.3388829215896885,1.0
