,Nelem,TravelTimeHour,Freq,AccumFreq
0,5375,1.0,0.5117098248286367,0.5117098248286367
1,3281,2.0,0.31235719725818734,0.824067022086824
2,1848,3.0,0.17593297791317594,1.0
