,Nelem,TravelTimeHour,Freq,AccumFreq
0,3501,1.0,0.36100226850897094,0.36100226850897094
1,1938,2.0,0.1998350175293875,0.5608372860383585
2,1570,3.0,0.16188904928851308,0.7227263353268716
3,1561,4.0,0.1609610228913178,0.8836873582181894
4,1128,5.0,0.11631264178181068,1.0000000000000002
