,Nelem,TravelTimeHour,Freq,AccumFreq
0,3742,1.0,0.474933367178576,0.474933367178576
1,2146,2.0,0.2723695900494987,0.7473029572280747
2,1991,3.0,0.2526970427719254,1.0
