,Nelem,TravelTimeHour,Freq,AccumFreq
0,2462,1,0.5892771661081857,0.5892771661081857
1,1716,2,0.41072283389181424,1.0
