,Nelem,TravelTimeHour,Freq,AccumFreq
0,4386,1.0,0.5196682464454976,0.5196682464454976
1,2592,2.0,0.3071090047393365,0.8267772511848341
2,1462,3.0,0.1732227488151659,1.0
