,Nelem,TravelTimeHour,Freq,AccumFreq
0,5675,1,0.46330312678586005,0.46330312678586005
1,6574,2,0.53669687321414,1.0
