,Nelem,TravelTimeHour,Freq,AccumFreq
0,4913,1,0.6906100646612314,0.6906100646612314
1,2201,2,0.30938993533876863,1.0
