,Nelem,TravelTimeHour,Freq,AccumFreq
0,3049,1,0.5863461538461539,0.5863461538461539
1,2151,2,0.41365384615384615,1.0
