,Nelem,TravelTimeHour,Freq,AccumFreq
0,4908,1.0,0.4122983870967742,0.4122983870967742
1,2859,2.0,0.24017137096774194,0.6524697580645161
2,2468,3.0,0.2073252688172043,0.8597950268817205
3,1669,4.0,0.14020497311827956,1.0
