,Nelem,TravelTimeHour,Freq,AccumFreq
0,4604,1.0,0.4263357718307251,0.4263357718307251
1,3984,2.0,0.36892304843041024,0.7952588202611353
2,2211,3.0,0.20474117973886471,1.0
