,Nelem,TravelTimeHour,Freq,AccumFreq
0,3069,1,0.5008976660682226,0.5008976660682226
1,3058,2,0.4991023339317774,1.0
