,Nelem,TravelTimeHour,Freq,AccumFreq
0,5763,1.0,0.45593354430379746,0.45593354430379746
1,3975,2.0,0.31447784810126583,0.7704113924050633
2,2902,3.0,0.2295886075949367,1.0
