,Nelem,TravelTimeHour,Freq,AccumFreq
0,5230,1,0.6394424746301504,0.6394424746301504
1,2949,2,0.36055752536984964,1.0
