,Nelem,TravelTimeHour,Freq,AccumFreq
0,4604,1.0,0.4504451619215341,0.4504451619215341
1,3160,2.0,0.3091674004500538,0.7596125623715879
2,2457,3.0,0.24038743762841208,1.0
