,Nelem,TravelTimeHour,Freq,AccumFreq
0,4471,1.0,0.4658747525268313,0.4658747525268313
1,2848,2.0,0.29675940398041056,0.7626341565072419
2,2278,3.0,0.23736584349275816,1.0
