,Nelem,TravelTimeHour,Freq,AccumFreq
0,3299,1.0,0.3228616167547465,0.3228616167547465
1,3761,2.0,0.3680759444118223,0.6909375611665688
2,3158,3.0,0.3090624388334312,1.0
