,Nelem,TravelTimeHour,Freq,AccumFreq
0,4092,1,0.4971449398614992,0.4971449398614992
1,4139,2,0.5028550601385008,1.0
