,Nelem,TravelTimeHour,Freq,AccumFreq
0,6680,1,0.701238715095528,0.701238715095528
1,2846,2,0.29876128490447196,1.0
