,Nelem,TravelTimeHour,Freq,AccumFreq
0,6773,1.0,0.5086362270952238,0.5086362270952238
1,4006,2.0,0.3008410934214479,0.8094773205166717
2,2537,3.0,0.19052267948332832,1.0
