,Nelem,TravelTimeHour,Freq,AccumFreq
0,8580,1,0.779503952030526,0.779503952030526
1,2427,2,0.22049604796947397,1.0
