,Nelem,TravelTimeHour,Freq,AccumFreq
0,2615,1,0.553087986463621,0.553087986463621
1,2113,2,0.446912013536379,1.0
