,Nelem,TravelTimeHour,Freq,AccumFreq
0,2195,1.0,0.4555832295558323,0.4555832295558323
1,1555,2.0,0.3227480282274803,0.7783312577833126
2,1068,3.0,0.22166874221668742,1.0
