,Nelem,TravelTimeHour,Freq,AccumFreq
0,3392,1.0,0.39905882352941174,0.39905882352941174
1,2924,2.0,0.344,0.7430588235294118
2,2184,3.0,0.25694117647058823,1.0
