,Nelem,TravelTimeHour,Freq,AccumFreq
0,2219,1,0.5378090159961222,0.5378090159961222
1,1907,2,0.46219098400387787,1.0
