,Nelem,TravelTimeHour,Freq,AccumFreq
0,2253,1,0.4902088772845953,0.4902088772845953
1,2343,2,0.5097911227154047,1.0
