,Nelem,TravelTimeHour,Freq,AccumFreq
0,9456,1,0.6229249011857707,0.6229249011857707
1,5724,2,0.37707509881422924,1.0
