,Nelem,TravelTimeHour,Freq,AccumFreq
0,6557,1.0,0.30204062831083883,0.30204062831083883
1,4703,2.0,0.2166382606292321,0.518678888940071
2,4226,3.0,0.19466580680823622,0.7133446957483072
3,3543,4.0,0.16320420102261735,0.8765488967709245
4,2680,5.0,0.1234511032290755,1.0
