,Nelem,TravelTimeHour,Freq,AccumFreq
0,2936,1.0,0.3130063965884861,0.3130063965884861
1,3031,2.0,0.32313432835820893,0.636140724946695
2,1620,3.0,0.17270788912579957,0.8088486140724946
3,1046,4.0,0.1115138592750533,0.920362473347548
4,747,5.0,0.07963752665245202,1.0
