,Nelem,TravelTimeHour,Freq,AccumFreq
0,7535,1,0.5885799093891579,0.5885799093891579
1,5267,2,0.41142009061084206,1.0
