,Nelem,TravelTimeHour,Freq,AccumFreq
0,5343,1,0.810773899848255,0.810773899848255
1,1247,2,0.18922610015174507,1.0
