,Nelem,TravelTimeHour,Freq,AccumFreq
0,1552,1.0,0.3283266342288978,0.3283266342288978
1,1793,2.0,0.3793103448275862,0.707636979056484
2,1382,3.0,0.29236302094351596,1.0
