,Nelem,TravelTimeHour,Freq,AccumFreq
0,7829,1.0,0.3728627899223699,0.3728627899223699
1,6221,2.0,0.2962804210125256,0.6691432109348955
2,4122,3.0,0.19631375910844406,0.8654569700433395
3,2825,4.0,0.13454302995666048,1.0
