,Nelem,TravelTimeHour,Freq,AccumFreq
0,4686,1,0.54634487583071,0.54634487583071
1,3891,2,0.45365512416928994,1.0
