,Nelem,TravelTimeHour,Freq,AccumFreq
0,6537,1,0.6491559086395233,0.6491559086395233
1,3533,2,0.3508440913604767,1.0
