,Nelem,TravelTimeHour,Freq,AccumFreq
0,4648,1.0,0.5778219791148682,0.5778219791148682
1,2062,2.0,0.256340129288911,0.8341621084037791
2,1334,3.0,0.16583789159622078,0.9999999999999999
