,Nelem,TravelTimeHour,Freq,AccumFreq
0,5643,1.0,0.3992782848652091,0.3992782848652091
1,5063,2.0,0.3582395811221963,0.7575178659874053
2,3427,3.0,0.24248213401259464,1.0
