,Nelem,TravelTimeHour,Freq,AccumFreq
0,3090,1,0.6546610169491526,0.6546610169491526
1,1630,2,0.3453389830508475,1.0
