,Nelem,TravelTimeHour,Freq,AccumFreq
0,4963,1.0,0.40277552345398476,0.40277552345398476
1,4396,2.0,0.35676026619055345,0.7595357896445383
2,2963,3.0,0.24046421035546178,1.0
