,Nelem,TravelTimeHour,Freq,AccumFreq
0,10036,1,0.5953962980541053,0.5953962980541053
1,6820,2,0.4046037019458946,1.0
