,Nelem,TravelTimeHour,Freq,AccumFreq
0,5785,1.0,0.5028685674547984,0.5028685674547984
1,3538,2.0,0.3075452016689847,0.810413769123783
2,2181,3.0,0.18958623087621695,1.0
