,Nelem,TravelTimeHour,Freq,AccumFreq
0,7148,1.0,0.3805974122783664,0.3805974122783664
1,7075,2.0,0.37671050529790745,0.7573079175762738
2,4558,3.0,0.2426920824237261,0.9999999999999999
