,Nelem,TravelTimeHour,Freq,AccumFreq
0,2409,1.0,0.42811444819619693,0.42811444819619693
1,1531,2.0,0.27208103785320775,0.7001954860494046
2,1687,3.0,0.2998045139505953,1.0
