,Nelem,TravelTimeHour,Freq,AccumFreq
0,6278,1,0.560836162229766,0.560836162229766
1,4916,2,0.43916383777023404,1.0
