,Nelem,TravelTimeHour,Freq,AccumFreq
0,2189,1,0.6764524103831892,0.6764524103831892
1,1047,2,0.3235475896168109,1.0
