,Nelem,TravelTimeHour,Freq,AccumFreq
0,3105,1,0.6613418530351438,0.6613418530351438
1,1590,2,0.33865814696485624,1.0
