,Nelem,TravelTimeHour,Freq,AccumFreq
0,4379,1,0.655146618791143,0.655146618791143
1,2305,2,0.34485338120885695,1.0
