,Nelem,TravelTimeHour,Freq,AccumFreq
0,2943,1.0,0.354492893278728,0.354492893278728
1,2917,2.0,0.35136111780293905,0.7058540110816671
2,1600,3.0,0.1927246446639364,0.8985786557456035
3,842,4.0,0.10142134425439653,1.0
