,Nelem,TravelTimeHour,Freq,AccumFreq
0,3714,1,0.5199496010079798,0.5199496010079798
1,3429,2,0.4800503989920202,1.0
