,Nelem,TravelTimeHour,Freq,AccumFreq
0,5138,1.0,0.4530464685653822,0.4530464685653822
1,3705,2.0,0.3266907680098757,0.779737236575258
2,2498,3.0,0.22026276342474208,1.0
