,Nelem,TravelTimeHour,Freq,AccumFreq
0,4034,1.0,0.3861026033690659,0.3861026033690659
1,3352,2.0,0.3208269525267994,0.7069295558958653
2,3062,3.0,0.29307044410413474,1.0
