,Nelem,TravelTimeHour,Freq,AccumFreq
0,5080,1.0,0.2535056639552872,0.2535056639552872
1,5105,2.0,0.25475323119916166,0.5082588951544489
2,6004,3.0,0.2996157492888867,0.8078746444433356
3,3850,4.0,0.19212535555666452,1.0
