,Nelem,TravelTimeHour,Freq,AccumFreq
0,3292,1,0.4946656649135988,0.4946656649135988
1,3363,2,0.5053343350864012,1.0
