,Nelem,TravelTimeHour,Freq,AccumFreq
0,7919,1,0.584773297888052,0.584773297888052
1,5623,2,0.415226702111948,1.0
