,Nelem,TravelTimeHour,Freq,AccumFreq
0,2646,1.0,0.5504472644060745,0.5504472644060745
1,1125,2.0,0.23403370085292283,0.7844809652589974
2,1036,3.0,0.2155190347410027,1.0
