,Nelem,TravelTimeHour,Freq,AccumFreq
0,3400,1.0,0.5710446758481693,0.5710446758481693
1,1789,2.0,0.3004702720859926,0.871514947934162
2,355,3.0,0.05962378233120591,0.9311387302653679
3,126,4.0,0.02116224386966745,0.9523009741350353
4,284,5.0,0.04769902586496473,1.0
