,Nelem,TravelTimeHour,Freq,AccumFreq
0,2282,1.0,0.30833671125523576,0.30833671125523576
1,2638,2.0,0.35643831914606133,0.6647750304012972
2,2481,3.0,0.3352249695987029,1.0
