,Nelem,TravelTimeHour,Freq,AccumFreq
0,4076,1,0.6863108267385082,0.6863108267385082
1,1863,2,0.3136891732614918,1.0
