,Nelem,TravelTimeHour,Freq,AccumFreq
0,4104,1.0,0.45029624753127057,0.45029624753127057
1,2886,2.0,0.3166556945358789,0.7669519420671495
2,2124,3.0,0.23304805793285055,1.0
