,Nelem,TravelTimeHour,Freq,AccumFreq
0,4568,1.0,0.4201232410558264,0.4201232410558264
1,3429,2.0,0.3153683436034213,0.7354915846592477
2,2876,3.0,0.2645084153407523,1.0
