,Nelem,TravelTimeHour,Freq,AccumFreq
0,4315,1,0.590206538093284,0.590206538093284
1,2996,2,0.4097934619067159,1.0
