,Nelem,TravelTimeHour,Freq,AccumFreq
0,5060,1,0.6243830207305034,0.6243830207305034
1,3044,2,0.37561697926949655,1.0
