,Nelem,TravelTimeHour,Freq,AccumFreq
0,3044,1.0,0.4868841970569418,0.4868841970569418
1,1778,2.0,0.28438899552143315,0.7712731925783749
2,1430,3.0,0.22872680742162507,1.0
