,Nelem,TravelTimeHour,Freq,AccumFreq
0,2314,1,0.4738890026622978,0.4738890026622978
1,2569,2,0.5261109973377023,1.0
