,Nelem,TravelTimeHour,Freq,AccumFreq
0,4844,1,0.5998018821198613,0.5998018821198613
1,3232,2,0.4001981178801387,1.0
