,Nelem,TravelTimeHour,Freq,AccumFreq
0,6364,1.0,0.4487694802905296,0.4487694802905296
1,4831,2.0,0.3406670897679994,0.7894365700585291
2,2986,3.0,0.21056342994147098,1.0
