,Nelem,TravelTimeHour,Freq,AccumFreq
0,2935,1.0,0.4779351897085165,0.4779351897085165
1,1827,2.0,0.2975085490962384,0.7754437388047549
2,1379,3.0,0.22455626119524508,1.0
