,Nelem,TravelTimeHour,Freq,AccumFreq
0,2031,1,0.5719515629400169,0.5719515629400169
1,1520,2,0.4280484370599831,1.0
