,Nelem,TravelTimeHour,Freq,AccumFreq
0,5674,1,0.5407929851315287,0.5407929851315287
1,4818,2,0.4592070148684712,1.0
