,Nelem,TravelTimeHour,Freq,AccumFreq
0,2387,1,0.49318181818181817,0.49318181818181817
1,2453,2,0.5068181818181818,1.0
