,Nelem,TravelTimeHour,Freq,AccumFreq
0,4689,1.0,0.5155579989004948,0.5155579989004948
1,3183,2.0,0.3499725123694338,0.8655305112699285
2,1223,3.0,0.13446948873007147,1.0
