,Nelem,TravelTimeHour,Freq,AccumFreq
0,5333,1.0,0.32982868451976005,0.32982868451976005
1,4395,2.0,0.2718164388644938,0.6016451233842539
2,3410,3.0,0.21089739625208734,0.8125425196363413
3,3031,4.0,0.18745748036365886,1.0000000000000002
