,Nelem,TravelTimeHour,Freq,AccumFreq
0,7308,1.0,0.3788491446345257,0.3788491446345257
1,5268,2.0,0.273094867807154,0.6519440124416797
2,3609,3.0,0.1870917573872473,0.8390357698289269
3,3105,4.0,0.16096423017107309,1.0
