,Nelem,TravelTimeHour,Freq,AccumFreq
0,7382,1,0.5968146171881317,0.5968146171881317
1,4987,2,0.4031853828118684,1.0
