,Nelem,TravelTimeHour,Freq,AccumFreq
0,4720,1,0.6799193316047248,0.6799193316047248
1,2222,2,0.32008066839527516,1.0
