,Nelem,TravelTimeHour,Freq,AccumFreq
0,5954,1,0.5221432956239586,0.5221432956239586
1,5449,2,0.4778567043760414,1.0
