,Nelem,TravelTimeHour,Freq,AccumFreq
0,4044,1.0,0.40700483091787437,0.40700483091787437
1,3540,2.0,0.35628019323671495,0.7632850241545893
2,2352,3.0,0.23671497584541062,1.0
