,Nelem,TravelTimeHour,Freq,AccumFreq
0,3963,1.0,0.3642463235294118,0.3642463235294118
1,4360,2.0,0.4007352941176471,0.7649816176470589
2,2557,3.0,0.23501838235294117,1.0
