,Nelem,TravelTimeHour,Freq,AccumFreq
0,2309,1,0.6539224015859529,0.6539224015859529
1,1222,2,0.346077598414047,1.0
