,Nelem,TravelTimeHour,Freq,AccumFreq
0,4950,1,0.6884561891515995,0.6884561891515995
1,2240,2,0.31154381084840055,1.0
