,Nelem,TravelTimeHour,Freq,AccumFreq
0,1316,1.0,0.22010369627027931,0.22010369627027931
1,1313,2.0,0.21960194012376652,0.4397056363940458
2,1880,3.0,0.31443385181468475,0.7541394882087306
3,1470,4.0,0.24586051179126944,1.0
