,Nelem,TravelTimeHour,Freq,AccumFreq
0,8925,1,0.6161971830985915,0.6161971830985915
1,5559,2,0.38380281690140844,1.0
