,Nelem,TravelTimeHour,Freq,AccumFreq
0,7424,1.0,0.4512795574737098,0.4512795574737098
1,5638,2.0,0.3427147285879278,0.7939942860616376
2,3389,3.0,0.20600571393836242,1.0
