,Nelem,TravelTimeHour,Freq,AccumFreq
0,5733,1,0.5943396226415094,0.5943396226415094
1,3913,2,0.4056603773584906,1.0
