,Nelem,TravelTimeHour,Freq,AccumFreq
0,3821,1,0.6782037628682996,0.6782037628682996
1,1813,2,0.3217962371317004,1.0
