,Nelem,TravelTimeHour,Freq,AccumFreq
0,896,1,0.5450121654501217,0.5450121654501217
1,748,2,0.45498783454987834,1.0
