,Nelem,TravelTimeHour,Freq,AccumFreq
0,4181,1,0.6009774328014948,0.6009774328014948
1,2776,2,0.3990225671985051,1.0
