,Nelem,TravelTimeHour,Freq,AccumFreq
0,7961,1.0,0.44865870153291254,0.44865870153291254
1,5596,2.0,0.31537421100090174,0.7640329125338143
2,4187,3.0,0.23596708746618575,1.0
