,Nelem,TravelTimeHour,Freq,AccumFreq
0,1606,1,0.5831517792302106,0.5831517792302106
1,1148,2,0.4168482207697894,1.0
