,Nelem,TravelTimeHour,Freq,AccumFreq
0,1936,1.0,0.2555100963441996,0.2555100963441996
1,1688,2.0,0.22277946416787647,0.47828956051207605
2,1631,3.0,0.21525669790154414,0.6935462584136202
3,1309,4.0,0.17275966741454402,0.8663059258281642
4,1013,5.0,0.13369407417183582,1.0
