,Nelem,TravelTimeHour,Freq,AccumFreq
0,3750,1,0.5564623831428995,0.5564623831428995
1,2989,2,0.44353761685710047,1.0
