,Nelem,TravelTimeHour,Freq,AccumFreq
0,1735,1.0,0.4476264189886481,0.4476264189886481
1,1562,2.0,0.40299277605779155,0.8506191950464397
2,579,3.0,0.14938080495356038,1.0
