,Nelem,TravelTimeHour,Freq,AccumFreq
0,4271,1.0,0.3781653975562245,0.3781653975562245
1,3925,2.0,0.3475296617673101,0.7256950593235346
2,3098,3.0,0.2743049406764654,1.0
