,Nelem,TravelTimeHour,Freq,AccumFreq
0,2304,1.0,0.34584208946262385,0.34584208946262385
1,2150,2.0,0.32272590813569496,0.6685679975983188
2,1098,3.0,0.16481537075953168,0.8333833683578504
3,1110,4.0,0.16661663164214952,1.0
