,Nelem,TravelTimeHour,Freq,AccumFreq
0,2121,1,0.5957865168539326,0.5957865168539326
1,1439,2,0.4042134831460674,1.0
