,Nelem,TravelTimeHour,Freq,AccumFreq
0,4949,1,0.4868188077906748,0.4868188077906748
1,5217,2,0.5131811922093252,1.0
