,Nelem,TravelTimeHour,Freq,AccumFreq
0,2696,1.0,0.10047704233750746,0.10047704233750746
1,3388,2.0,0.1262671437090042,0.22674418604651164
2,4100,3.0,0.1528026237328563,0.37954680977936794
3,5328,4.0,0.19856887298747763,0.5781156827668456
4,6494,5.0,0.24202444841979726,0.8201401311866428
5,4826,6.0,0.1798598688133572,1.0
