,Nelem,TravelTimeHour,Freq,AccumFreq
0,5400,1,0.6170018281535649,0.6170018281535649
1,3352,2,0.3829981718464351,1.0
