,Nelem,TravelTimeHour,Freq,AccumFreq
0,2991,1,0.7334477685139774,0.7334477685139774
1,1087,2,0.2665522314860226,1.0
