,Nelem,TravelTimeHour,Freq,AccumFreq
0,3880,1.0,0.5061969993476843,0.5061969993476843
1,2098,2.0,0.2737116764514025,0.7799086757990867
2,1687,3.0,0.22009132420091324,1.0
