,Nelem,TravelTimeHour,Freq,AccumFreq
0,4919,1.0,0.46749667363619085,0.46749667363619085
1,3558,2.0,0.3381486409427865,0.8056453145789774
2,2045,3.0,0.19435468542102263,1.0
