,Nelem,TravelTimeHour,Freq,AccumFreq
0,3828,1.0,0.38329828777410635,0.38329828777410635
1,3201,2.0,0.3205166716731751,0.7038149594472815
2,1676,3.0,0.1678181636126965,0.871633123059978
3,1282,4.0,0.12836687694002202,1.0
