,Nelem,TravelTimeHour,Freq,AccumFreq
0,2992,1.0,0.46187094782340227,0.46187094782340227
1,2142,2.0,0.3306576103735721,0.7925285581969743
2,1344,3.0,0.20747144180302562,1.0
