,Nelem,TravelTimeHour,Freq,AccumFreq
0,2333,1,0.5135373101474796,0.5135373101474796
1,2210,2,0.48646268985252034,1.0
