,Nelem,TravelTimeHour,Freq,AccumFreq
0,1602,1,0.48930971288943187,0.48930971288943187
1,1672,2,0.5106902871105681,1.0
