,Nelem,TravelTimeHour,Freq,AccumFreq
0,2150,1.0,0.4798036152644499,0.4798036152644499
1,1401,2.0,0.31265342557464854,0.7924570408390985
2,930,3.0,0.2075429591609016,1.0
