,Nelem,TravelTimeHour,Freq,AccumFreq
0,7074,1.0,0.47594698243961514,0.47594698243961514
1,4663,2.0,0.3137320863890197,0.7896790688286348
2,3126,3.0,0.21032093117136513,1.0
