,Nelem,TravelTimeHour,Freq,AccumFreq
0,4400,1.0,0.3630962204984321,0.3630962204984321
1,4142,2.0,0.34180557847829673,0.7049017989767288
2,3576,3.0,0.29509820102327117,1.0
