,Nelem,TravelTimeHour,Freq,AccumFreq
0,6146,1.0,0.4323906008160968,0.4323906008160968
1,4248,2.0,0.2988602785985648,0.7312508794146616
2,2039,3.0,0.14345011960039397,0.8747009990150556
3,1781,4.0,0.12529900098494443,1.0
