,Nelem,TravelTimeHour,Freq,AccumFreq
0,2841,1.0,0.40661227994847576,0.40661227994847576
1,2535,2.0,0.36281665951051956,0.7694289394589953
2,1611,3.0,0.23057106054100474,1.0
