,Nelem,TravelTimeHour,Freq,AccumFreq
0,2646,1,0.670382569039777,0.670382569039777
1,1301,2,0.32961743096022295,1.0
