,Nelem,TravelTimeHour,Freq,AccumFreq
0,2674,1,0.6898864809081527,0.6898864809081527
1,1202,2,0.31011351909184726,1.0
