,Nelem,TravelTimeHour,Freq,AccumFreq
0,7337,1,0.5691126279863481,0.5691126279863481
1,5555,2,0.4308873720136519,1.0
