,Nelem,TravelTimeHour,Freq,AccumFreq
0,2350,1.0,0.3390075014425851,0.3390075014425851
1,2220,2.0,0.32025389497980383,0.659261396422389
2,2362,3.0,0.3407386035776111,1.0
