,Nelem,TravelTimeHour,Freq,AccumFreq
0,2882,1.0,0.3341449275362319,0.3341449275362319
1,2082,2.0,0.24139130434782607,0.575536231884058
2,1785,3.0,0.20695652173913043,0.7824927536231885
3,1876,4.0,0.2175072463768116,1.0
