,Nelem,TravelTimeHour,Freq,AccumFreq
0,9885,1.0,0.4621750514307088,0.4621750514307088
1,7077,2.0,0.3308864783991023,0.7930615298298112
2,4426,3.0,0.2069384701701889,1.0
