,Nelem,TravelTimeHour,Freq,AccumFreq
0,4187,1.0,0.3181369196869539,0.3181369196869539
1,4393,2.0,0.33378922574272474,0.6519261454296786
2,2965,3.0,0.2252868323075754,0.877212977737254
3,1616,4.0,0.12278702226274599,1.0
