,Nelem,TravelTimeHour,Freq,AccumFreq
0,4105,1,0.5537569135302847,0.5537569135302847
1,3308,2,0.4462430864697154,1.0
