,Nelem,TravelTimeHour,Freq,AccumFreq
0,2485,1,0.5993728895320791,0.5993728895320791
1,1661,2,0.4006271104679209,1.0
