,Nelem,TravelTimeHour,Freq,AccumFreq
0,4741,1,0.47452707436693026,0.47452707436693026
1,5250,2,0.5254729256330698,1.0
