,Nelem,TravelTimeHour,Freq,AccumFreq
0,3536,1.0,0.45194274028629855,0.45194274028629855
1,2494,2.0,0.3187627811860941,0.7707055214723926
2,1794,3.0,0.22929447852760737,1.0
