,Nelem,TravelTimeHour,Freq,AccumFreq
0,3922,1.0,0.4793449034465901,0.4793449034465901
1,2459,2.0,0.3005377658274261,0.7798826692740162
2,1801,3.0,0.22011733072598386,1.0
