,Nelem,TravelTimeHour,Freq,AccumFreq
0,4771,1,0.607693287479302,0.607693287479302
1,3080,2,0.392306712520698,1.0
