,Nelem,TravelTimeHour,Freq,AccumFreq
0,2590,1.0,0.3216991678052416,0.3216991678052416
1,2714,2.0,0.3371009812445659,0.6588001490498074
2,2747,3.0,0.3411998509501925,1.0
