,Nelem,TravelTimeHour,Freq,AccumFreq
0,4999,1.0,0.7024026977659126,0.7024026977659126
1,1652,2.0,0.23212027539693691,0.9345229731628495
2,295,3.0,0.041450049178024445,0.9759730223408739
3,57,4.0,0.008008992553042013,0.9839820148939159
4,31,5.0,0.004355767879724603,0.9883377827736405
5,40,6.0,0.005620345651257552,0.9939581284248981
6,43,7.0,0.006041871575101869,0.9999999999999999
