,Nelem,TravelTimeHour,Freq,AccumFreq
0,2518,1.0,0.405540344660976,0.405540344660976
1,1888,2.0,0.30407473023031084,0.7096150748912868
2,1803,3.0,0.29038492510871317,1.0
