,Nelem,TravelTimeHour,Freq,AccumFreq
0,3271,1.0,0.37212741751990897,0.37212741751990897
1,2869,2.0,0.32639362912400455,0.6985210466439136
2,2650,3.0,0.3014789533560865,1.0
