,Nelem,TravelTimeHour,Freq,AccumFreq
0,1914,1,0.47131248460970204,0.47131248460970204
1,2147,2,0.5286875153902979,1.0
