,Nelem,TravelTimeHour,Freq,AccumFreq
0,1967,1,0.5581725312145289,0.5581725312145289
1,1557,2,0.4418274687854711,1.0
