,Nelem,TravelTimeHour,Freq,AccumFreq
0,3497,1.0,0.49666240590825167,0.49666240590825167
1,2178,2.0,0.3093310609288453,0.8059934668370969
2,1366,3.0,0.194006533162903,1.0
