,Nelem,TravelTimeHour,Freq,AccumFreq
0,4544,1,0.5397956759325255,0.5397956759325255
1,3874,2,0.46020432406747447,1.0
