,Nelem,TravelTimeHour,Freq,AccumFreq
0,2441,1.0,0.5252851301915215,0.5252851301915215
1,1727,2.0,0.3716376156660211,0.8969227458575426
2,479,3.0,0.1030772541424575,1.0
