,Nelem,TravelTimeHour,Freq,AccumFreq
0,5822,1.0,0.3768772656654583,0.3768772656654583
1,5543,2.0,0.35881667529777317,0.7356939409632315
2,4083,3.0,0.2643060590367685,1.0
