,Nelem,TravelTimeHour,Freq,AccumFreq
0,1815,1.0,0.2593968843790196,0.2593968843790196
1,1838,2.0,0.26268400743175646,0.522080891810776
2,2251,3.0,0.3217093039874232,0.8437901957981992
3,1093,4.0,0.15620980420180078,1.0
