,Nelem,TravelTimeHour,Freq,AccumFreq
0,7313,1.0,0.37299806181781087,0.37299806181781087
1,6597,2.0,0.3364786289911252,0.709476690808936
2,5696,3.0,0.29052330919106395,1.0
