,Nelem,TravelTimeHour,Freq,AccumFreq
0,4125,1.0,0.37493183057625884,0.37493183057625884
1,3724,2.0,0.3384839120159971,0.7134157425922559
2,3153,3.0,0.28658425740774407,1.0
