,Nelem,TravelTimeHour,Freq,AccumFreq
0,1347,1.0,0.31115731115731116,0.31115731115731116
1,1631,2.0,0.3767613767613768,0.6879186879186879
2,1351,3.0,0.31208131208131207,1.0
