,Nelem,TravelTimeHour,Freq,AccumFreq
0,3311,1.0,0.4967741935483871,0.4967741935483871
1,1952,2.0,0.29287321830457613,0.7896474118529633
2,1402,3.0,0.21035258814703675,1.0
