,Nelem,TravelTimeHour,Freq,AccumFreq
0,4661,1.0,0.6463735958951602,0.6463735958951602
1,1448,2.0,0.20080432672306198,0.8471779226182221
2,1102,3.0,0.15282207738177783,1.0
