,Nelem,TravelTimeHour,Freq,AccumFreq
0,2389,1,0.5630450153193495,0.5630450153193495
1,1854,2,0.43695498468065047,1.0
