,Nelem,TravelTimeHour,Freq,AccumFreq
0,3247,1,0.597534044902466,0.597534044902466
1,2187,2,0.402465955097534,1.0
