,Nelem,TravelTimeHour,Freq,AccumFreq
0,2491,1,0.648866892419901,0.648866892419901
1,1348,2,0.35113310758009897,1.0
