,Nelem,TravelTimeHour,Freq,AccumFreq
0,2681,1.0,0.5392196299275945,0.5392196299275945
1,1265,2.0,0.25442477876106195,0.7936444086886565
2,1026,3.0,0.2063555913113435,1.0
