,Nelem,TravelTimeHour,Freq,AccumFreq
0,4106,1,0.6215561610656979,0.6215561610656979
1,2500,2,0.37844383893430217,1.0
