,Nelem,TravelTimeHour,Freq,AccumFreq
0,2947,1.0,0.3873045078196872,0.3873045078196872
1,1823,2.0,0.23958470232619267,0.6268892101458798
2,1468,3.0,0.19292942568011565,0.8198186358259955
3,1371,4.0,0.18018136417400446,0.9999999999999999
