,Nelem,TravelTimeHour,Freq,AccumFreq
0,1330,1.0,0.37037037037037035,0.37037037037037035
1,932,2.0,0.25953773322194373,0.6299081035923141
2,1329,3.0,0.37009189640768586,1.0
