,Nelem,TravelTimeHour,Freq,AccumFreq
0,2936,1,0.4868181064500083,0.4868181064500083
1,3095,2,0.5131818935499917,1.0
