,Nelem,TravelTimeHour,Freq,AccumFreq
0,5014,1.0,0.44195680916703395,0.44195680916703395
1,3901,2.0,0.34385191714411634,0.7858087263111503
2,2430,3.0,0.21419127368884971,1.0
