,Nelem,TravelTimeHour,Freq,AccumFreq
0,4271,1,0.6486938031591738,0.6486938031591738
1,2313,2,0.35130619684082626,1.0
