,Nelem,TravelTimeHour,Freq,AccumFreq
0,4350,1.0,0.5875202593192869,0.5875202593192869
1,2072,2.0,0.27984873041599134,0.8673689897352782
2,982,3.0,0.13263101026472177,1.0
