,Nelem,TravelTimeHour,Freq,AccumFreq
0,5253,1,0.6212891780011828,0.6212891780011828
1,3202,2,0.3787108219988173,1.0
