,Nelem,TravelTimeHour,Freq,AccumFreq
0,4316,1.0,0.2639916814484066,0.2639916814484066
1,4237,2.0,0.2591595816257875,0.5231512630741941
2,3974,3.0,0.2430729708239036,0.7662242338980978
3,3822,4.0,0.23377576610190226,1.0
