,Nelem,TravelTimeHour,Freq,AccumFreq
0,2906,1.0,0.4068888266591991,0.4068888266591991
1,1694,2.0,0.23718846261551385,0.644077289274713
2,1448,3.0,0.20274432931951833,0.8468216185942313
3,1094,4.0,0.1531783814057687,1.0
