,Nelem,TravelTimeHour,Freq,AccumFreq
0,1297,1.0,0.35749724366041896,0.35749724366041896
1,1056,2.0,0.29106945975744214,0.648566703417861
2,1275,3.0,0.3514332965821389,1.0
