,Nelem,TravelTimeHour,Freq,AccumFreq
0,3964,1.0,0.5120785428239245,0.5120785428239245
1,2341,2.0,0.3024157085647849,0.8144942513887095
2,1258,3.0,0.16251130344916678,0.9770055548378762
3,178,4.0,0.022994445162123758,1.0
