,Nelem,TravelTimeHour,Freq,AccumFreq
0,5659,1.0,0.48995670995671,0.48995670995671
1,3886,2.0,0.33645021645021644,0.8264069264069265
2,2005,3.0,0.1735930735930736,1.0
