,Nelem,TravelTimeHour,Freq,AccumFreq
0,3992,1,0.5907073098549867,0.5907073098549867
1,2766,2,0.4092926901450133,1.0
