,Nelem,TravelTimeHour,Freq,AccumFreq
0,6116,1.0,0.1406591384742761,0.1406591384742761
1,4724,2.0,0.10864515535521262,0.2493042938294887
2,6721,3.0,0.15457326188450127,0.40387755571399
3,7238,4.0,0.16646351279869367,0.5703410685126836
4,6795,5.0,0.1562751546652561,0.7266162231779397
5,6558,6.0,0.15082449805662243,0.8774407212345622
6,5329,7.0,0.12255927876543778,1.0
