,Nelem,TravelTimeHour,Freq,AccumFreq
0,3388,1,0.6176845943482224,0.6176845943482224
1,2097,2,0.3823154056517776,1.0
