,Nelem,TravelTimeHour,Freq,AccumFreq
0,3723,1.0,0.5296628254374733,0.5296628254374733
1,2187,2.0,0.3111395646606914,0.8408023900981647
2,1119,3.0,0.15919760990183526,1.0
