,Nelem,TravelTimeHour,Freq,AccumFreq
0,2718,1.0,0.318006318006318,0.318006318006318
1,2945,2.0,0.34456534456534454,0.6625716625716626
2,2884,3.0,0.33742833742833744,1.0
