,Nelem,TravelTimeHour,Freq,AccumFreq
0,2729,1,0.6237714285714285,0.6237714285714285
1,1646,2,0.3762285714285714,1.0
