,Nelem,TravelTimeHour,Freq,AccumFreq
0,2549,1,0.6201946472019465,0.6201946472019465
1,1561,2,0.37980535279805355,1.0
