,Nelem,TravelTimeHour,Freq,AccumFreq
0,1836,1,0.4661081492764661,0.4661081492764661
1,2103,2,0.5338918507235338,1.0
