,Nelem,TravelTimeHour,Freq,AccumFreq
0,2229,1,0.5950347036839295,0.5950347036839295
1,1517,2,0.4049652963160705,1.0
