,Nelem,TravelTimeHour,Freq,AccumFreq
0,2266,1,0.5625620655412115,0.5625620655412115
1,1762,2,0.4374379344587885,1.0
