,Nelem,TravelTimeHour,Freq,AccumFreq
0,3735,1,0.8243213418671375,0.8243213418671375
1,796,2,0.17567865813286251,1.0
