,Nelem,TravelTimeHour,Freq,AccumFreq
0,2555,1,0.5848020141908904,0.5848020141908904
1,1814,2,0.41519798580910966,1.0
