,Nelem,TravelTimeHour,Freq,AccumFreq
0,5610,1,0.5948467818895133,0.5948467818895133
1,3821,2,0.4051532181104867,1.0
