,Nelem,TravelTimeHour,Freq,AccumFreq
0,7324,1,0.6278073032744729,0.6278073032744729
1,4342,2,0.3721926967255272,1.0
