,Nelem,TravelTimeHour,Freq,AccumFreq
0,3905,1.0,0.5240907260770367,0.5240907260770367
1,2076,2.0,0.27862031942021204,0.8027110454972487
2,1470,3.0,0.1972889545027513,1.0
