,Nelem,TravelTimeHour,Freq,AccumFreq
0,3462,1.0,0.4104327208061648,0.4104327208061648
1,2593,2.0,0.3074096028452875,0.7178423236514523
2,2380,3.0,0.2821576763485477,1.0
