,Nelem,TravelTimeHour,Freq,AccumFreq
0,4923,1,0.5680821601661666,0.5680821601661666
1,3743,2,0.43191783983383336,1.0
