,Nelem,TravelTimeHour,Freq,AccumFreq
0,3301,1,0.645735524256651,0.645735524256651
1,1811,2,0.35426447574334896,1.0
