,Nelem,TravelTimeHour,Freq,AccumFreq
0,3100,1.0,0.23022651318232454,0.23022651318232454
1,3813,2.0,0.2831786112142592,0.5134051243965837
2,4413,3.0,0.3277385815076123,0.841143705904196
3,2139,4.0,0.15885629409580393,0.9999999999999999
