,Nelem,TravelTimeHour,Freq,AccumFreq
0,3682,1.0,0.3406420575446387,0.3406420575446387
1,4020,2.0,0.37191229530946435,0.7125543528541031
2,3107,3.0,0.28744564714589693,1.0
