,Nelem,TravelTimeHour,Freq,AccumFreq
0,2431,1.0,0.3167014069828035,0.3167014069828035
1,2827,2.0,0.36829077644606567,0.6849921834288693
2,2418,3.0,0.3150078165711308,1.0
