,Nelem,TravelTimeHour,Freq,AccumFreq
0,3462,1.0,0.40396732788798134,0.40396732788798134
1,3111,2.0,0.3630105017502917,0.766977829638273
2,1997,3.0,0.23302217036172695,1.0
