,Nelem,TravelTimeHour,Freq,AccumFreq
0,3973,1.0,0.4205567905155076,0.4205567905155076
1,3299,2.0,0.34921138985921457,0.7697681803747222
2,2175,3.0,0.23023181962527786,1.0
