,Nelem,TravelTimeHour,Freq,AccumFreq
0,3778,1,0.5064343163538874,0.5064343163538874
1,3682,2,0.4935656836461126,1.0
