,Nelem,TravelTimeHour,Freq,AccumFreq
0,9440,1.0,0.13268676646285754,0.13268676646285754
1,10797,2.0,0.15176048914189333,0.28444725560475087
2,10120,3.0,0.14224471150467355,0.4266919671094244
3,10032,4.0,0.1410078009698503,0.5676997680792747
4,8890,5.0,0.12495607562021224,0.692655843699487
5,7241,6.0,0.10177805889380842,0.7944339025932954
6,6766,7.0,0.09510155316606929,0.8895354557593647
7,7859,8.0,0.11046454424063533,1.0
