,Nelem,TravelTimeHour,Freq,AccumFreq
0,2812,1.0,0.40402298850574714,0.40402298850574714
1,1629,2.0,0.23405172413793104,0.6380747126436782
2,1355,3.0,0.19468390804597702,0.8327586206896552
3,1164,4.0,0.16724137931034483,1.0
