,Nelem,TravelTimeHour,Freq,AccumFreq
0,4477,1,0.6011816838995568,0.6011816838995568
1,2970,2,0.3988183161004431,1.0
