,Nelem,TravelTimeHour,Freq,AccumFreq
0,2721,1,0.5605686032138443,0.5605686032138443
1,2133,2,0.4394313967861557,1.0
