,Nelem,TravelTimeHour,Freq,AccumFreq
0,5324,1,0.584733662822625,0.584733662822625
1,3781,2,0.41526633717737504,1.0
