,Nelem,TravelTimeHour,Freq,AccumFreq
0,6457,1,0.5997584989782649,0.5997584989782649
1,4309,2,0.4002415010217351,1.0
