,Nelem,TravelTimeHour,Freq,AccumFreq
0,2164,1,0.5444025157232705,0.5444025157232705
1,1811,2,0.4555974842767296,1.0
