,Nelem,TravelTimeHour,Freq,AccumFreq
0,2372,1,0.5909317389138017,0.5909317389138017
1,1642,2,0.4090682610861983,1.0
