,Nelem,TravelTimeHour,Freq,AccumFreq
0,4352,1.0,0.4027392189524338,0.4027392189524338
1,3484,2.0,0.3224134739959282,0.725152692948362
2,2970,3.0,0.27484730705163796,1.0
