,Nelem,TravelTimeHour,Freq,AccumFreq
0,1048,1.0,0.262,0.262
1,959,2.0,0.23975,0.50175
2,844,3.0,0.211,0.71275
3,1149,4.0,0.28725,1.0
