,Nelem,TravelTimeHour,Freq,AccumFreq
0,6407,1,0.5784579270494763,0.5784579270494763
1,4669,2,0.42154207295052365,1.0
