,Nelem,TravelTimeHour,Freq,AccumFreq
0,3515,1,0.7547777539188318,0.7547777539188318
1,1142,2,0.24522224608116813,1.0
