,Nelem,TravelTimeHour,Freq,AccumFreq
0,2168,1.0,0.39126511460025265,0.39126511460025265
1,1639,2.0,0.2957949828550803,0.6870600974553329
2,1734,3.0,0.312939902544667,1.0
