,Nelem,TravelTimeHour,Freq,AccumFreq
0,6878,1,0.6281852223947393,0.6281852223947393
1,4071,2,0.37181477760526077,1.0
