,Nelem,TravelTimeHour,Freq,AccumFreq
0,4680,1.0,0.18342151675485008,0.18342151675485008
1,4255,2.0,0.16676464824612972,0.35018616500097977
2,3578,3.0,0.14023123652753283,0.4904174015285126
3,3785,4.0,0.14834411130707428,0.6387615128355869
4,3908,5.0,0.15316480501665686,0.7919263178522438
5,3261,6.0,0.1278071722516167,0.9197334901038605
6,2048,7.0,0.08026650989613952,1.0
