,Nelem,TravelTimeHour,Freq,AccumFreq
0,4996,1,0.5797168716639591,0.5797168716639591
1,3622,2,0.42028312833604087,1.0
