,Nelem,TravelTimeHour,Freq,AccumFreq
0,5255,1,0.6157000585823081,0.6157000585823081
1,3280,2,0.38429994141769186,1.0
