,Nelem,TravelTimeHour,Freq,AccumFreq
0,4300,1,0.5546240165097381,0.5546240165097381
1,3453,2,0.4453759834902618,1.0
