,Nelem,TravelTimeHour,Freq,AccumFreq
0,7001,1,0.6528956448755012,0.6528956448755012
1,3722,2,0.3471043551244987,1.0
