,Nelem,TravelTimeHour,Freq,AccumFreq
0,7057,1,0.7371774783244542,0.7371774783244542
1,2516,2,0.2628225216755458,1.0
