,Nelem,TravelTimeHour,Freq,AccumFreq
0,2588,1,0.6041083099906629,0.6041083099906629
1,1696,2,0.39589169000933705,1.0
