,Nelem,TravelTimeHour,Freq,AccumFreq
0,3445,1,0.6815034619188922,0.6815034619188922
1,1610,2,0.31849653808110784,1.0
