,Nelem,TravelTimeHour,Freq,AccumFreq
0,4781,1.0,0.46753373753178173,0.46753373753178173
1,3449,2.0,0.33727752787013493,0.8048112654019166
2,1996,3.0,0.1951887345980833,0.9999999999999999
