,Nelem,TravelTimeHour,Freq,AccumFreq
0,2265,1.0,0.4844919786096257,0.4844919786096257
1,1580,2.0,0.33796791443850266,0.8224598930481284
2,830,3.0,0.17754010695187167,1.0
