,Nelem,TravelTimeHour,Freq,AccumFreq
0,4112,1,0.5143857893420065,0.5143857893420065
1,3882,2,0.4856142106579935,1.0
