,Nelem,TravelTimeHour,Freq,AccumFreq
0,1715,1.0,0.4820123664980326,0.4820123664980326
1,1075,2.0,0.3021360314783586,0.7841483979763912
2,768,3.0,0.21585160202360876,1.0
