,Nelem,TravelTimeHour,Freq,AccumFreq
0,5961,1,0.6295279332558876,0.6295279332558876
1,3508,2,0.37047206674411237,1.0
