,Nelem,TravelTimeHour,Freq,AccumFreq
0,2224,1,0.5757183536111831,0.5757183536111831
1,1639,2,0.424281646388817,1.0
