,Nelem,TravelTimeHour,Freq,AccumFreq
0,1903,1.0,0.33765081618168913,0.33765081618168913
1,1684,2.0,0.29879347054648686,0.636444286728176
2,1421,3.0,0.2521291696238467,0.8885734563520227
3,628,4.0,0.11142654364797729,1.0
