,Nelem,TravelTimeHour,Freq,AccumFreq
0,1726,1.0,0.29965277777777777,0.29965277777777777
1,1270,2.0,0.2204861111111111,0.5201388888888889
2,1344,3.0,0.23333333333333334,0.7534722222222223
3,1420,4.0,0.2465277777777778,1.0
