,Nelem,TravelTimeHour,Freq,AccumFreq
0,6077,1,0.6290239105682641,0.6290239105682641
1,3584,2,0.3709760894317358,1.0
