,Nelem,TravelTimeHour,Freq,AccumFreq
0,3317,1,0.5588879528222409,0.5588879528222409
1,2618,2,0.44111204717775904,1.0
