,Nelem,TravelTimeHour,Freq,AccumFreq
0,3292,1,0.6442270058708415,0.6442270058708415
1,1818,2,0.3557729941291585,1.0
