,Nelem,TravelTimeHour,Freq,AccumFreq
0,5602,1,0.6636654424831181,0.6636654424831181
1,2839,2,0.3363345575168819,1.0
