,Nelem,TravelTimeHour,Freq,AccumFreq
0,3427,1,0.5858119658119658,0.5858119658119658
1,2423,2,0.4141880341880342,1.0
