,Nelem,TravelTimeHour,Freq,AccumFreq
0,2156,1.0,0.399925802263031,0.399925802263031
1,1994,2.0,0.3698757187905769,0.7698015210536079
2,979,3.0,0.18159896123168243,0.9514004822852903
3,210,4.0,0.038953811908736785,0.9903542941940271
4,12,5.0,0.0022259321090706734,0.9925802263030977
5,11,6.0,0.0020404377666481174,0.9946206640697458
6,7,7.0,0.0012984603969578928,0.9959191244667037
7,11,8.0,0.0020404377666481174,0.9979595622333518
8,11,9.0,0.0020404377666481174,0.9999999999999999
