,Nelem,TravelTimeHour,Freq,AccumFreq
0,7597,1,0.5389089877278853,0.5389089877278853
1,6500,2,0.46109101227211463,1.0
