,Nelem,TravelTimeHour,Freq,AccumFreq
0,3292,1,0.5088885453702272,0.5088885453702272
1,3177,2,0.49111145462977274,1.0
