,Nelem,TravelTimeHour,Freq,AccumFreq
0,2900,1,0.6538895152198422,0.6538895152198422
1,1535,2,0.3461104847801578,1.0
