,Nelem,TravelTimeHour,Freq,AccumFreq
0,2852,1,0.7515151515151515,0.7515151515151515
1,943,2,0.24848484848484848,1.0
