,Nelem,TravelTimeHour,Freq,AccumFreq
0,1903,1.0,0.3922902494331066,0.3922902494331066
1,1554,2.0,0.3203463203463203,0.7126365697794269
2,1394,3.0,0.2873634302205731,1.0
