,Nelem,TravelTimeHour,Freq,AccumFreq
0,3990,1.0,0.21923076923076923,0.21923076923076923
1,4445,2.0,0.24423076923076922,0.4634615384615385
2,3995,3.0,0.2195054945054945,0.682967032967033
3,3225,4.0,0.1771978021978022,0.8601648351648352
4,1942,5.0,0.1067032967032967,0.9668681318681319
5,603,6.0,0.03313186813186813,1.0
