,Nelem,TravelTimeHour,Freq,AccumFreq
0,3791,1.0,0.4308444141379702,0.4308444141379702
1,3073,2.0,0.3492442322991249,0.7800886464370951
2,1935,3.0,0.21991135356290487,1.0
