,Nelem,TravelTimeHour,Freq,AccumFreq
0,4122,1.0,0.41059866520569777,0.41059866520569777
1,3437,2.0,0.34236477736826376,0.7529634425739615
2,2480,3.0,0.24703655742603844,1.0
