,Nelem,TravelTimeHour,Freq,AccumFreq
0,3222,1.0,0.3658453502895424,0.3658453502895424
1,3134,2.0,0.3558532985125468,0.7216986488020892
2,2451,3.0,0.2783013511979108,1.0
