,Nelem,TravelTimeHour,Freq,AccumFreq
0,4034,1.0,0.2792468503391942,0.2792468503391942
1,4120,2.0,0.2852000553786515,0.5644469057178457
2,3395,3.0,0.23501315242973833,0.799460058147584
3,2897,4.0,0.2005399418524159,0.9999999999999999
