,Nelem,TravelTimeHour,Freq,AccumFreq
0,1916,1.0,0.44045977011494253,0.44045977011494253
1,1303,2.0,0.29954022988505746,0.74
2,1131,3.0,0.26,1.0
