,Nelem,TravelTimeHour,Freq,AccumFreq
0,4749,1.0,0.30723943844212975,0.30723943844212975
1,5490,2.0,0.35517888335382025,0.6624183217959501
2,5218,3.0,0.33758167820404994,1.0
