,Nelem,TravelTimeHour,Freq,AccumFreq
0,2904,1,0.42543217111046,0.42543217111046
1,3922,2,0.5745678288895399,1.0
