,Nelem,TravelTimeHour,Freq,AccumFreq
0,3244,1.0,0.5604699378023497,0.5604699378023497
1,1760,2.0,0.304077401520387,0.8645473393227366
2,784,3.0,0.1354526606772633,1.0
