,Nelem,TravelTimeHour,Freq,AccumFreq
0,5333,1.0,0.3898676803859931,0.3898676803859931
1,4314,2.0,0.3153739308428979,0.7052416112288911
2,4032,3.0,0.294758388771109,1.0
