,Nelem,TravelTimeHour,Freq,AccumFreq
0,4228,1.0,0.48486238532110093,0.48486238532110093
1,2928,2.0,0.3357798165137615,0.8206422018348625
2,1564,3.0,0.1793577981651376,1.0
