,Nelem,TravelTimeHour,Freq,AccumFreq
0,1553,1.0,0.3435080734350807,0.3435080734350807
1,1566,2.0,0.34638354346383543,0.6898916168989162
2,1402,3.0,0.31010838310108385,1.0
