,Nelem,TravelTimeHour,Freq,AccumFreq
0,1878,1.0,0.5238493723849372,0.5238493723849372
1,1244,2.0,0.34700139470013946,0.8708507670850767
2,463,3.0,0.12914923291492328,1.0
