,Nelem,TravelTimeHour,Freq,AccumFreq
0,3441,1.0,0.41457831325301203,0.41457831325301203
1,2931,2.0,0.3531325301204819,0.7677108433734939
2,1928,3.0,0.232289156626506,1.0
