,Nelem,TravelTimeHour,Freq,AccumFreq
0,4953,1.0,0.43185979597174995,0.43185979597174995
1,4003,2.0,0.34902781410759437,0.7808876100793443
2,2513,3.0,0.21911238992065568,1.0
