,Nelem,TravelTimeHour,Freq,AccumFreq
0,3841,1,0.6365594961882665,0.6365594961882665
1,2193,2,0.3634405038117335,1.0
