,Nelem,TravelTimeHour,Freq,AccumFreq
0,5250,1,0.5367000613371499,0.5367000613371499
1,4532,2,0.46329993866285013,1.0
