,Nelem,TravelTimeHour,Freq,AccumFreq
0,3005,1.0,0.41585939662330473,0.41585939662330473
1,2496,2.0,0.3454193191253806,0.7612787157486853
2,1725,3.0,0.2387212842513147,1.0
