,Nelem,TravelTimeHour,Freq,AccumFreq
0,4303,1.0,0.5065332548557975,0.5065332548557975
1,2330,2.0,0.2742789876397881,0.7808122424955856
2,1862,3.0,0.21918775750441435,0.9999999999999999
