,Nelem,TravelTimeHour,Freq,AccumFreq
0,6702,1,0.5832898172323759,0.5832898172323759
1,4788,2,0.416710182767624,1.0
