,Nelem,TravelTimeHour,Freq,AccumFreq
0,2350,1,0.6406761177753544,0.6406761177753544
1,1318,2,0.35932388222464556,1.0
