,Nelem,TravelTimeHour,Freq,AccumFreq
0,5132,1,0.566696113074205,0.566696113074205
1,3924,2,0.4333038869257951,1.0
