,Nelem,TravelTimeHour,Freq,AccumFreq
0,5571,1,0.5772458812558284,0.5772458812558284
1,4080,2,0.42275411874417157,1.0
