,Nelem,TravelTimeHour,Freq,AccumFreq
0,12646,1.0,0.4878293407398835,0.4878293407398835
1,9233,2.0,0.356170196350731,0.8439995370906145
2,4044,3.0,0.1560004629093855,1.0
