,Nelem,TravelTimeHour,Freq,AccumFreq
0,3262,1,0.6241867585151167,0.6241867585151167
1,1964,2,0.37581324148488326,1.0
