,Nelem,TravelTimeHour,Freq,AccumFreq
0,2710,1.0,0.523065045358039,0.523065045358039
1,1699,2.0,0.3279289712410732,0.8509940165991121
2,772,3.0,0.14900598340088786,1.0
