,Nelem,TravelTimeHour,Freq,AccumFreq
0,6874,1,0.5531949138902301,0.5531949138902301
1,5552,2,0.4468050861097698,1.0
