,Nelem,TravelTimeHour,Freq,AccumFreq
0,1272,1.0,0.2634631317315659,0.2634631317315659
1,1714,2.0,0.35501242750621376,0.6184755592377796
2,1842,3.0,0.38152444076222036,1.0
