,Nelem,TravelTimeHour,Freq,AccumFreq
0,3408,1.0,0.43709118891881493,0.43709118891881493
1,2554,2.0,0.32756188277542647,0.7646530716942415
2,1220,3.0,0.15647043734769783,0.9211235090419393
3,615,4.0,0.07887649095806079,1.0
