,Nelem,TravelTimeHour,Freq,AccumFreq
0,3574,1.0,0.4514906518443658,0.4514906518443658
1,2428,2.0,0.30672056594239516,0.758211217786761
2,1914,3.0,0.24178878221323902,1.0
