,Nelem,TravelTimeHour,Freq,AccumFreq
0,4581,1.0,0.3390068822615259,0.3390068822615259
1,4679,2.0,0.3462591578479982,0.6852660401095241
2,4253,3.0,0.3147339598904758,0.9999999999999999
