,Nelem,TravelTimeHour,Freq,AccumFreq
0,4927,1.0,0.40325748895072844,0.40325748895072844
1,3858,2.0,0.3157636274349321,0.7190211163856606
2,3433,3.0,0.2809788836143395,1.0
