,Nelem,TravelTimeHour,Freq,AccumFreq
0,3820,1,0.565842097467042,0.565842097467042
1,2931,2,0.4341579025329581,1.0
