,Nelem,TravelTimeHour,Freq,AccumFreq
0,2967,1.0,0.39798792756539236,0.39798792756539236
1,2231,2.0,0.2992622401073105,0.6972501676727029
2,2257,3.0,0.30274983232729713,1.0
