,Nelem,TravelTimeHour,Freq,AccumFreq
0,1969,1,0.5385667396061269,0.5385667396061269
1,1687,2,0.4614332603938731,1.0
