,Nelem,TravelTimeHour,Freq,AccumFreq
0,3313,1.0,0.40886091571023075,0.40886091571023075
1,2836,2.0,0.34999382944588425,0.758854745156115
2,1954,3.0,0.241145254843885,1.0
