,Nelem,TravelTimeHour,Freq,AccumFreq
0,1377,1.0,0.23069190819232702,0.23069190819232702
1,1306,2.0,0.21879711844530073,0.44948902663762774
2,963,3.0,0.16133355670966662,0.6108225833472943
3,1138,4.0,0.19065170045233706,0.8014742837996314
4,1185,5.0,0.19852571620036857,1.0
