,Nelem,TravelTimeHour,Freq,AccumFreq
0,2942,1.0,0.3584307992202729,0.3584307992202729
1,3014,2.0,0.3672027290448343,0.7256335282651072
2,2252,3.0,0.2743664717348928,1.0
