,Nelem,TravelTimeHour,Freq,AccumFreq
0,3166,1,0.5832719233603537,0.5832719233603537
1,2262,2,0.4167280766396463,1.0
