,Nelem,TravelTimeHour,Freq,AccumFreq
0,2890,1,0.6037184040108627,0.6037184040108627
1,1897,2,0.39628159598913726,1.0
