,Nelem,TravelTimeHour,Freq,AccumFreq
0,11145,1.0,0.3525225367705203,0.3525225367705203
1,11643,2.0,0.36827455321840896,0.7207970899889293
2,8827,3.0,0.27920291001107067,1.0
