,Nelem,TravelTimeHour,Freq,AccumFreq
0,6116,1.0,0.40683828909731923,0.40683828909731923
1,4509,2.0,0.2999401317102375,0.7067784208075567
2,2556,3.0,0.17002594292556375,0.8768043637331204
3,1852,4.0,0.12319563626687953,1.0
