,Nelem,TravelTimeHour,Freq,AccumFreq
0,3048,1.0,0.4272497897392767,0.4272497897392767
1,2439,2.0,0.34188393608074014,0.7691337258200168
2,1647,3.0,0.23086627417998318,1.0
