,Nelem,TravelTimeHour,Freq,AccumFreq
0,4170,1.0,0.2701827134896981,0.2701827134896981
1,2937,2.0,0.19029415576001038,0.46047686924970843
2,2592,3.0,0.16794090967992742,0.6284177789296359
3,1669,4.0,0.10813787741350266,0.7365556563431386
4,2148,5.0,0.13917325385512505,0.8757289101982636
5,1918,6.0,0.12427108980173643,1.0
