,Nelem,TravelTimeHour,Freq,AccumFreq
0,6993,1,0.5393752410335518,0.5393752410335518
1,5972,2,0.4606247589664481,1.0
