,Nelem,TravelTimeHour,Freq,AccumFreq
0,1981,1.0,0.2954511558538404,0.2954511558538404
1,2356,2.0,0.35137956748695004,0.6468307233407904
2,2368,3.0,0.35316927665920955,1.0
