,Nelem,TravelTimeHour,Freq,AccumFreq
0,3783,1,0.4687732342007435,0.4687732342007435
1,4287,2,0.5312267657992565,1.0
