,Nelem,TravelTimeHour,Freq,AccumFreq
0,1995,1.0,0.5462760131434831,0.5462760131434831
1,1303,2.0,0.3567907995618839,0.9030668127053669
2,354,3.0,0.09693318729463307,1.0
