,Nelem,TravelTimeHour,Freq,AccumFreq
0,2711,1,0.6105855855855856,0.6105855855855856
1,1729,2,0.38941441441441443,1.0
