,Nelem,TravelTimeHour,Freq,AccumFreq
0,3829,1,0.6037527593818984,0.6037527593818984
1,2513,2,0.39624724061810157,1.0
