,Nelem,TravelTimeHour,Freq,AccumFreq
0,2765,1,0.6094335463962971,0.6094335463962971
1,1772,2,0.3905664536037029,1.0
