,Nelem,TravelTimeHour,Freq,AccumFreq
0,8743,1,0.5649392607909021,0.5649392607909021
1,6733,2,0.43506073920909794,1.0
