,Nelem,TravelTimeHour,Freq,AccumFreq
0,3146,1.0,0.22060164083865086,0.22060164083865086
1,3403,2.0,0.23862281747423042,0.4592244583128813
2,3884,3.0,0.27235116751980926,0.7315756258326905
3,3828,4.0,0.26842437416730947,1.0
