,Nelem,TravelTimeHour,Freq,AccumFreq
0,4497,1.0,0.4599570420374348,0.4599570420374348
1,3156,2.0,0.3227984044185333,0.7827554464559681
2,2124,3.0,0.2172445535440319,1.0
