,Nelem,TravelTimeHour,Freq,AccumFreq
0,2878,1.0,0.4002781641168289,0.4002781641168289
1,2846,2.0,0.39582753824756606,0.7961057023643949
2,1466,3.0,0.20389429763560502,1.0
