,Nelem,TravelTimeHour,Freq,AccumFreq
0,6673,1,0.6020389750992422,0.6020389750992422
1,4411,2,0.39796102490075785,1.0
