,Nelem,TravelTimeHour,Freq,AccumFreq
0,7402,1.0,0.3876813491855654,0.3876813491855654
1,6285,2.0,0.32917823286021053,0.7168595820457759
2,5406,3.0,0.28314041795422407,1.0
