,Nelem,TravelTimeHour,Freq,AccumFreq
0,6659,1.0,0.598292902066487,0.598292902066487
1,2962,2.0,0.2661275831087152,0.8644204851752022
2,1509,3.0,0.13557951482479785,1.0
