,Nelem,TravelTimeHour,Freq,AccumFreq
0,2144,1,0.5605228758169934,0.5605228758169934
1,1681,2,0.43947712418300655,1.0
