,Nelem,TravelTimeHour,Freq,AccumFreq
0,3503,1,0.527163280662152,0.527163280662152
1,3142,2,0.472836719337848,1.0
