,Nelem,TravelTimeHour,Freq,AccumFreq
0,4033,1,0.4919492559160771,0.4919492559160771
1,4165,2,0.5080507440839229,1.0
