,Nelem,TravelTimeHour,Freq,AccumFreq
0,3820,1,0.538787023977433,0.538787023977433
1,3270,2,0.461212976022567,1.0
