,Nelem,TravelTimeHour,Freq,AccumFreq
0,3020,1.0,0.40106241699867196,0.40106241699867196
1,2576,2.0,0.34209827357237715,0.743160690571049
2,1934,3.0,0.2568393094289509,1.0
