,Nelem,TravelTimeHour,Freq,AccumFreq
0,5027,1,0.46314722682881887,0.46314722682881887
1,5827,2,0.5368527731711812,1.0
