,Nelem,TravelTimeHour,Freq,AccumFreq
0,3042,1,0.7193189879404115,0.7193189879404115
1,1187,2,0.28068101205958856,1.0
