,Nelem,TravelTimeHour,Freq,AccumFreq
0,2531,1,0.5752272727272727,0.5752272727272727
1,1869,2,0.42477272727272725,1.0
