,Nelem,TravelTimeHour,Freq,AccumFreq
0,5091,1,0.5473016555579445,0.5473016555579445
1,4211,2,0.4526983444420555,1.0
