,Nelem,TravelTimeHour,Freq,AccumFreq
0,1751,1,0.48951635448700026,0.48951635448700026
1,1826,2,0.5104836455129997,1.0
