,Nelem,TravelTimeHour,Freq,AccumFreq
0,3696,1,0.6384522370012092,0.6384522370012092
1,2093,2,0.3615477629987908,1.0
