,Nelem,TravelTimeHour,Freq,AccumFreq
0,4787,1.0,0.34428941311852707,0.34428941311852707
1,3343,2.0,0.2404344073647871,0.5847238204833142
2,2488,3.0,0.17894131185270426,0.7636651323360184
3,1890,4.0,0.13593210586881474,0.8995972382048332
4,1396,5.0,0.10040276179516686,1.0
