,Nelem,TravelTimeHour,Freq,AccumFreq
0,2714,1,0.47282229965156797,0.47282229965156797
1,3026,2,0.527177700348432,1.0
