,Nelem,TravelTimeHour,Freq,AccumFreq
0,4901,1.0,0.4025131406044678,0.4025131406044678
1,4255,2.0,0.349457950065703,0.7519710906701709
2,3020,3.0,0.24802890932982918,1.0
