,Nelem,TravelTimeHour,Freq,AccumFreq
0,5464,1.0,0.48664054150338437,0.48664054150338437
1,2362,2.0,0.2103669397933737,0.697007481296758
2,1778,3.0,0.15835411471321695,0.855361596009975
3,1624,4.0,0.14463840399002495,0.9999999999999999
