,Nelem,TravelTimeHour,Freq,AccumFreq
0,3114,1.0,0.30911256700416917,0.30911256700416917
1,2566,2.0,0.25471510819932497,0.5638276752034941
2,2111,3.0,0.20954933492158032,0.7733770101250744
3,2283,4.0,0.22662298987492555,1.0
