,Nelem,TravelTimeHour,Freq,AccumFreq
0,4364,1.0,0.37225966049646,0.37225966049646
1,3915,2.0,0.33395888424464726,0.7062185447411072
2,2133,3.0,0.18195001279535955,0.8881685575364668
3,1311,4.0,0.11183144246353323,1.0
