,Nelem,TravelTimeHour,Freq,AccumFreq
0,7113,1.0,0.27073421383169033,0.27073421383169033
1,5247,2.0,0.19971072964640504,0.4704449434780954
2,3343,3.0,0.12724089369314506,0.5976858371712405
3,3415,4.0,0.12998134967457084,0.7276671868458113
4,3856,5.0,0.14676664256080388,0.8744338294066152
5,3299,6.0,0.12556617059338485,1.0
