,Nelem,TravelTimeHour,Freq,AccumFreq
0,8389,1.0,0.5174242891506815,0.5174242891506815
1,4954,2.0,0.30555726885832357,0.8229815580090051
2,2870,3.0,0.17701844199099487,1.0
