,Nelem,TravelTimeHour,Freq,AccumFreq
0,3047,1.0,0.35111776907121456,0.35111776907121456
1,3208,2.0,0.369670430974879,0.7207882000460936
2,2423,3.0,0.27921179995390644,1.0
