,Nelem,TravelTimeHour,Freq,AccumFreq
0,4520,1,0.6050870147255689,0.6050870147255689
1,2950,2,0.3949129852744311,1.0
