,Nelem,TravelTimeHour,Freq,AccumFreq
0,7649,1.0,0.4765435175378481,0.4765435175378481
1,5461,2.0,0.3402280231761261,0.8167715407139742
2,2941,3.0,0.1832284592860258,1.0
