,Nelem,TravelTimeHour,Freq,AccumFreq
0,1540,1,0.47051634586006724,0.47051634586006724
1,1733,2,0.5294836541399328,1.0
