,Nelem,TravelTimeHour,Freq,AccumFreq
0,3532,1.0,0.2793419803859538,0.2793419803859538
1,3277,2.0,0.2591743119266055,0.5385162923125593
2,3518,3.0,0.2782347358430876,0.8167510281556469
3,2317,4.0,0.18324897184435304,1.0
