,Nelem,TravelTimeHour,Freq,AccumFreq
0,3251,1.0,0.3663098591549296,0.3663098591549296
1,3108,2.0,0.35019718309859155,0.7165070422535211
2,2516,3.0,0.28349295774647887,1.0
