,Nelem,TravelTimeHour,Freq,AccumFreq
0,6668,1,0.6331181162172427,0.6331181162172427
1,3864,2,0.3668818837827573,1.0
