,Nelem,TravelTimeHour,Freq,AccumFreq
0,2958,1.0,0.47586872586872586,0.47586872586872586
1,1572,2.0,0.2528957528957529,0.7287644787644787
2,1686,3.0,0.27123552123552125,1.0
