,Nelem,TravelTimeHour,Freq,AccumFreq
0,3898,1,0.5878449705926708,0.5878449705926708
1,2733,2,0.41215502940732923,1.0
