,Nelem,TravelTimeHour,Freq,AccumFreq
0,3267,1.0,0.427505888510861,0.427505888510861
1,2302,2.0,0.30123004449097096,0.7287359330018319
2,2073,3.0,0.271264066998168,1.0
