,Nelem,TravelTimeHour,Freq,AccumFreq
0,8664,1.0,0.4987910189982729,0.4987910189982729
1,5943,2.0,0.34214162348877375,0.8409326424870467
2,2763,3.0,0.15906735751295337,1.0
