,Nelem,TravelTimeHour,Freq,AccumFreq
0,2245,1,0.6377840909090909,0.6377840909090909
1,1275,2,0.3622159090909091,1.0
