,Nelem,TravelTimeHour,Freq,AccumFreq
0,2402,1,0.552819332566168,0.552819332566168
1,1943,2,0.447180667433832,1.0
