,Nelem,TravelTimeHour,Freq,AccumFreq
0,3424,1.0,0.47318960751796574,0.47318960751796574
1,2519,2.0,0.34812050856826976,0.8213101160862355
2,1293,3.0,0.1786898839137645,1.0
