,Nelem,TravelTimeHour,Freq,AccumFreq
0,5297,1.0,0.2636241477131339,0.2636241477131339
1,5308,2.0,0.26417160205046536,0.5277957497635992
2,5056,3.0,0.251629920867964,0.7794256706315632
3,3223,4.0,0.16040412083810282,0.939829791469666
4,1209,5.0,0.060170208530333946,1.0
