,Nelem,TravelTimeHour,Freq,AccumFreq
0,5626,1.0,0.42310295555388433,0.42310295555388433
1,4635,2.0,0.34857486651124314,0.7716778220651275
2,3036,3.0,0.22832217793487253,1.0
