,Nelem,TravelTimeHour,Freq,AccumFreq
0,3922,1.0,0.354803690971594,0.354803690971594
1,4628,2.0,0.41867197394608285,0.7734756649176768
2,2504,3.0,0.22652433508232314,1.0
