,Nelem,TravelTimeHour,Freq,AccumFreq
0,5451,1,0.5720432364361423,0.5720432364361423
1,4078,2,0.4279567635638577,1.0
