,Nelem,TravelTimeHour,Freq,AccumFreq
0,2564,1,0.7226606538895152,0.7226606538895152
1,984,2,0.2773393461104848,1.0
