,Nelem,TravelTimeHour,Freq,AccumFreq
0,2719,1.0,0.3461930226636109,0.3461930226636109
1,3229,2.0,0.4111280875986758,0.7573211102622868
2,1906,3.0,0.24267888973771326,1.0
