,Nelem,TravelTimeHour,Freq,AccumFreq
0,7505,1.0,0.45963988241058307,0.45963988241058307
1,4873,2.0,0.2984443900048996,0.7580842724154826
2,2197,3.0,0.13455414012738853,0.8926384125428711
3,1753,4.0,0.10736158745712886,1.0
