,Nelem,TravelTimeHour,Freq,AccumFreq
0,2154,1,0.578255033557047,0.578255033557047
1,1571,2,0.421744966442953,1.0
