,Nelem,TravelTimeHour,Freq,AccumFreq
0,2751,1.0,0.35918527222875046,0.35918527222875046
1,2704,2.0,0.35304870087478785,0.7122339731035383
2,2204,3.0,0.2877660268964617,1.0
