,Nelem,TravelTimeHour,Freq,AccumFreq
0,4671,1.0,0.42401960784313725,0.42401960784313725
1,3832,2.0,0.3478576615831518,0.771877269426289
2,2513,3.0,0.22812273057371096,1.0
