,Nelem,TravelTimeHour,Freq,AccumFreq
0,2440,1.0,0.41313918049441245,0.41313918049441245
1,1973,2.0,0.33406705045716223,0.7472062309515747
2,1493,3.0,0.2527937690484253,1.0
