,Nelem,TravelTimeHour,Freq,AccumFreq
0,6527,1,0.6359738867777452,0.6359738867777452
1,3736,2,0.3640261132222547,1.0
