,Nelem,TravelTimeHour,Freq,AccumFreq
0,2809,1.0,0.38516385575209106,0.38516385575209106
1,2293,2.0,0.3144110791169615,0.6995749348690525
2,1103,3.0,0.1512409159467983,0.8508158508158509
3,1088,4.0,0.14918414918414918,1.0
