,Nelem,TravelTimeHour,Freq,AccumFreq
0,5238,1,0.5353091466530404,0.5353091466530404
1,4547,2,0.46469085334695964,1.0
