,Nelem,TravelTimeHour,Freq,AccumFreq
0,8324,1.0,0.376022044540814,0.376022044540814
1,6446,2.0,0.2911867009983286,0.6672087455391427
2,4617,3.0,0.20856484618511995,0.8757735917242626
3,2750,4.0,0.12422640827573746,1.0
