,Nelem,TravelTimeHour,Freq,AccumFreq
0,2340,1.0,0.48507462686567165,0.48507462686567165
1,1677,2.0,0.347636815920398,0.8327114427860697
2,807,3.0,0.16728855721393035,1.0
