,Nelem,TravelTimeHour,Freq,AccumFreq
0,2982,1.0,0.41514687456494503,0.41514687456494503
1,2213,2.0,0.3080885423917583,0.7232354169567033
2,1098,3.0,0.15286092162049283,0.8760963385771962
3,890,4.0,0.12390366142280385,1.0
