,Nelem,TravelTimeHour,Freq,AccumFreq
0,2340,1,0.6615776081424937,0.6615776081424937
1,1197,2,0.3384223918575064,1.0
