,Nelem,TravelTimeHour,Freq,AccumFreq
0,3131,1.0,0.3664559925093633,0.3664559925093633
1,3362,2.0,0.3934925093632959,0.7599485018726592
2,2051,3.0,0.24005149812734083,1.0
