,Nelem,TravelTimeHour,Freq,AccumFreq
0,3324,1,0.5755844155844155,0.5755844155844155
1,2451,2,0.4244155844155844,1.0
