,Nelem,TravelTimeHour,Freq,AccumFreq
0,5330,1.0,0.3812044056644257,0.3812044056644257
1,5083,2.0,0.36353883564583034,0.744743241310256
2,3569,3.0,0.25525675868974396,1.0
