,Nelem,TravelTimeHour,Freq,AccumFreq
0,6812,1.0,0.3448939294212951,0.3448939294212951
1,6263,2.0,0.3170978684623563,0.6619917978836514
2,3901,3.0,0.1975089868867399,0.8595007847703913
3,2775,4.0,0.14049921522960862,0.9999999999999999
