,Nelem,TravelTimeHour,Freq,AccumFreq
0,4239,1,0.6862554638173871,0.6862554638173871
1,1938,2,0.31374453618261294,1.0
