,Nelem,TravelTimeHour,Freq,AccumFreq
0,1751,1.0,0.33479923518164434,0.33479923518164434
1,1784,2.0,0.3411089866156788,0.6759082217973231
2,1695,3.0,0.3240917782026769,1.0
