,Nelem,TravelTimeHour,Freq,AccumFreq
0,7675,1.0,0.3471593993124661,0.3471593993124661
1,6888,2.0,0.3115614257282432,0.6587208250407093
2,4989,3.0,0.22566491767685906,0.8843857427175683
3,2556,4.0,0.1156142572824317,1.0
