,Nelem,TravelTimeHour,Freq,AccumFreq
0,2869,1,0.5915463917525773,0.5915463917525773
1,1981,2,0.40845360824742266,1.0
