,Nelem,TravelTimeHour,Freq,AccumFreq
0,4422,1,0.6364421416234888,0.6364421416234888
1,2526,2,0.3635578583765112,1.0
