,Nelem,TravelTimeHour,Freq,AccumFreq
0,7336,1.0,0.5045045045045045,0.5045045045045045
1,4278,2.0,0.294202599546111,0.7987071040506155
2,2927,3.0,0.2012928959493845,1.0
