,Nelem,TravelTimeHour,Freq,AccumFreq
0,2592,1.0,0.6305035271223547,0.6305035271223547
1,938,2.0,0.22816832887375335,0.8586718559961081
2,581,3.0,0.141328144003892,1.0
