,Nelem,TravelTimeHour,Freq,AccumFreq
0,3645,1,0.6482304819491375,0.6482304819491375
1,1978,2,0.35176951805086254,1.0
