,Nelem,TravelTimeHour,Freq,AccumFreq
0,2845,1,0.5640364789849326,0.5640364789849326
1,2199,2,0.4359635210150674,1.0
