,Nelem,TravelTimeHour,Freq,AccumFreq
0,4353,1.0,0.43996361431170405,0.43996361431170405
1,3086,2.0,0.3119062057812816,0.7518698200929856
2,2455,3.0,0.24813017990701436,1.0
