,Nelem,TravelTimeHour,Freq,AccumFreq
0,2346,1.0,0.3647955216918053,0.3647955216918053
1,2565,2.0,0.39884932358886643,0.7636448452806717
2,1520,3.0,0.23635515471932825,0.9999999999999999
