,Nelem,TravelTimeHour,Freq,AccumFreq
0,5502,1,0.5601710445937691,0.5601710445937691
1,4320,2,0.4398289554062309,1.0
