,Nelem,TravelTimeHour,Freq,AccumFreq
0,3810,1,0.46817399852543623,0.46817399852543623
1,4328,2,0.5318260014745638,1.0
