,Nelem,TravelTimeHour,Freq,AccumFreq
0,3650,1.0,0.4904595538833647,0.4904595538833647
1,2296,2.0,0.30851921526471376,0.7989787691480785
2,1496,3.0,0.20102123085192153,1.0
