,Nelem,TravelTimeHour,Freq,AccumFreq
0,5545,1,0.48555166374781084,0.48555166374781084
1,5875,2,0.5144483362521891,1.0
