,Nelem,TravelTimeHour,Freq,AccumFreq
0,11037,1.0,0.09595555632835458,0.09595555632835458
1,11847,2.0,0.10299768739893238,0.19895324372728695
2,15022,3.0,0.13060110239780215,0.3295543461250891
3,18911,4.0,0.16441202552555165,0.4939663716506407
4,19538,5.0,0.16986315661351742,0.6638295282641582
5,20404,6.0,0.17739215106675243,0.8412216793309106
6,18263,7.0,0.1587783206690894,1.0
