,Nelem,TravelTimeHour,Freq,AccumFreq
0,5726,1,0.5478377344048986,0.5478377344048986
1,4726,2,0.4521622655951014,1.0
