,Nelem,TravelTimeHour,Freq,AccumFreq
0,3687,1.0,0.32127919135587313,0.32127919135587313
1,3257,2.0,0.28380968978738236,0.6050888811432555
2,2675,3.0,0.23309515510630882,0.8381840362495644
3,1857,4.0,0.1618159637504357,1.0
