,Nelem,TravelTimeHour,Freq,AccumFreq
0,3077,1,0.5492681185290967,0.5492681185290967
1,2525,2,0.45073188147090326,1.0
