,Nelem,TravelTimeHour,Freq,AccumFreq
0,2957,1,0.48403994107055165,0.48403994107055165
1,3152,2,0.5159600589294484,1.0
