,Nelem,TravelTimeHour,Freq,AccumFreq
0,1121,1,0.4831896551724138,0.4831896551724138
1,1199,2,0.5168103448275863,1.0
