,Nelem,TravelTimeHour,Freq,AccumFreq
0,4836,1.0,0.46733668341708545,0.46733668341708545
1,3721,2.0,0.3595863935059915,0.8269230769230769
2,1791,3.0,0.17307692307692307,1.0
