,Nelem,TravelTimeHour,Freq,AccumFreq
0,1756,1.0,0.47925764192139736,0.47925764192139736
1,1075,2.0,0.2933951965065502,0.7726528384279476
2,833,3.0,0.2273471615720524,1.0
