,Nelem,TravelTimeHour,Freq,AccumFreq
0,4546,1,0.5762454049942959,0.5762454049942959
1,3343,2,0.42375459500570417,1.0
