,Nelem,TravelTimeHour,Freq,AccumFreq
0,3657,1,0.6186770428015564,0.6186770428015564
1,2254,2,0.38132295719844356,1.0
