,Nelem,TravelTimeHour,Freq,AccumFreq
0,3260,1,0.5854885057471264,0.5854885057471264
1,2308,2,0.41451149425287354,1.0
