,Nelem,TravelTimeHour,Freq,AccumFreq
0,5229,1.0,0.40353449606420744,0.40353449606420744
1,5159,2.0,0.39813242784380304,0.8016669239080105
2,2570,3.0,0.1983330760919895,1.0
