,Nelem,TravelTimeHour,Freq,AccumFreq
0,3269,1,0.5690165361183638,0.5690165361183638
1,2476,2,0.4309834638816362,1.0
