,Nelem,TravelTimeHour,Freq,AccumFreq
0,2058,1,0.5761478163493841,0.5761478163493841
1,1514,2,0.4238521836506159,1.0
