,Nelem,TravelTimeHour,Freq,AccumFreq
0,3535,1.0,0.560488346281909,0.560488346281909
1,1700,2.0,0.2695417789757412,0.8300301252576503
2,1072,3.0,0.16996987474234976,1.0
