,Nelem,TravelTimeHour,Freq,AccumFreq
0,4481,1,0.5428225317989097,0.5428225317989097
1,3774,2,0.45717746820109023,1.0
