,Nelem,TravelTimeHour,Freq,AccumFreq
0,5182,1,0.5556508685395668,0.5556508685395668
1,4144,2,0.4443491314604332,1.0
