,Nelem,TravelTimeHour,Freq,AccumFreq
0,1595,1,0.4605833092694196,0.4605833092694196
1,1868,2,0.5394166907305804,1.0
