,Nelem,TravelTimeHour,Freq,AccumFreq
0,5333,1,0.6310495799313691,0.6310495799313691
1,3118,2,0.36895042006863094,1.0
