,Nelem,TravelTimeHour,Freq,AccumFreq
0,3906,1.0,0.6666666666666666,0.6666666666666666
1,1350,2.0,0.2304147465437788,0.8970814132104454
2,603,3.0,0.10291858678955453,1.0
