,Nelem,TravelTimeHour,Freq,AccumFreq
0,7523,1.0,0.4724018838304553,0.4724018838304553
1,4782,2.0,0.30028257456828883,0.7726844583987441
2,3620,3.0,0.2273155416012559,1.0
