,Nelem,TravelTimeHour,Freq,AccumFreq
0,3136,1,0.635589785164167,0.635589785164167
1,1798,2,0.36441021483583297,1.0
