,Nelem,TravelTimeHour,Freq,AccumFreq
0,3798,1,0.5574636723910171,0.5574636723910171
1,3015,2,0.4425363276089828,1.0
