,Nelem,TravelTimeHour,Freq,AccumFreq
0,7088,1,0.6656024039815945,0.6656024039815945
1,3561,2,0.33439759601840546,1.0
