,Nelem,TravelTimeHour,Freq,AccumFreq
0,6162,1,0.5490999821778649,0.5490999821778649
1,5060,2,0.45090001782213507,1.0
