,Nelem,TravelTimeHour,Freq,AccumFreq
0,6105,1,0.619482496194825,0.619482496194825
1,3750,2,0.380517503805175,1.0
