,Nelem,TravelTimeHour,Freq,AccumFreq
0,1796,1.0,0.3479945746948266,0.3479945746948266
1,1834,2.0,0.3553574888587483,0.7033520635535748
2,1531,3.0,0.2966479364464251,1.0
