,Nelem,TravelTimeHour,Freq,AccumFreq
0,4884,1.0,0.4750510650714911,0.4750510650714911
1,3070,2.0,0.2986090847193853,0.7736601497908764
2,2327,3.0,0.22633985020912362,1.0
