,Nelem,TravelTimeHour,Freq,AccumFreq
0,6082,1.0,0.3358180111534427,0.3358180111534427
1,4849,2.0,0.2677378388824471,0.6035558500358897
2,4079,3.0,0.2252222406272431,0.8287780906631328
3,3101,4.0,0.1712219093368671,0.9999999999999999
