,Nelem,TravelTimeHour,Freq,AccumFreq
0,4333,1.0,0.4838637632607482,0.4838637632607482
1,3160,2.0,0.3528754885538805,0.8367392518146287
2,1462,3.0,0.1632607481853713,1.0
