,Nelem,TravelTimeHour,Freq,AccumFreq
0,2491,1.0,0.207514161946018,0.207514161946018
1,3252,2.0,0.27090969676774407,0.47842385871376203
2,1945,3.0,0.16202932355881372,0.6404531822725757
3,1680,4.0,0.13995334888370542,0.7804065311562811
4,1862,5.0,0.1551149616794402,0.9355214928357213
5,774,6.0,0.06447850716427857,0.9999999999999999
