,Nelem,TravelTimeHour,Freq,AccumFreq
0,1801,1.0,0.30812660393498714,0.30812660393498714
1,1450,2.0,0.24807527801539778,0.5562018819503849
2,1343,3.0,0.22976903336184773,0.7859709153122326
3,1251,4.0,0.21402908468776732,1.0
