,Nelem,TravelTimeHour,Freq,AccumFreq
0,1805,1.0,0.3068162502124766,0.3068162502124766
1,1503,2.0,0.25548189699133095,0.5622981472038076
2,1313,3.0,0.22318544960054393,0.7854835968043514
3,1262,4.0,0.2145164031956485,0.9999999999999999
