,Nelem,TravelTimeHour,Freq,AccumFreq
0,3941,1.0,0.5144237044772223,0.5144237044772223
1,2117,2.0,0.27633468215637647,0.7907583866335988
2,1603,3.0,0.20924161336640126,1.0
