,Nelem,TravelTimeHour,Freq,AccumFreq
0,8680,1.0,0.5294297041781031,0.5294297041781031
1,4534,2.0,0.27654772796584326,0.8059774321439463
2,3181,3.0,0.19402256785605368,1.0
