,Nelem,TravelTimeHour,Freq,AccumFreq
0,5485,1,0.5708190238318244,0.5708190238318244
1,4124,2,0.4291809761681757,1.0
