,Nelem,TravelTimeHour,Freq,AccumFreq
0,2386,1.0,0.44456866033165643,0.44456866033165643
1,1765,2.0,0.32886156139370226,0.7734302217253587
2,1216,3.0,0.22656977827464134,1.0
