,Nelem,TravelTimeHour,Freq,AccumFreq
0,10451,1.0,0.4110036180588328,0.4110036180588328
1,9387,2.0,0.36915998112317133,0.7801635991820042
2,5590,3.0,0.2198364008179959,1.0
