,Nelem,TravelTimeHour,Freq,AccumFreq
0,3797,1.0,0.49698952879581154,0.49698952879581154
1,2498,2.0,0.32696335078534033,0.8239528795811519
2,1345,3.0,0.17604712041884818,1.0
