,Nelem,TravelTimeHour,Freq,AccumFreq
0,3034,1.0,0.37863471858230374,0.37863471858230374
1,2948,2.0,0.3679021589916386,0.7465368775739423
2,2031,3.0,0.2534631224260577,1.0
