,Nelem,TravelTimeHour,Freq,AccumFreq
0,5842,1,0.6161147437249526,0.6161147437249526
1,3640,2,0.38388525627504744,1.0
