,Nelem,TravelTimeHour,Freq,AccumFreq
0,3757,1.0,0.5174931129476584,0.5174931129476584
1,2342,2.0,0.32258953168044074,0.8400826446280991
2,1161,3.0,0.15991735537190083,1.0
