,Nelem,TravelTimeHour,Freq,AccumFreq
0,3313,1.0,0.43132404634813176,0.43132404634813176
1,2378,2.0,0.309595104804062,0.7409191511521938
2,1990,3.0,0.2590808488478063,1.0
