,Nelem,TravelTimeHour,Freq,AccumFreq
0,7643,1.0,0.42981666854122147,0.42981666854122147
1,6229,2.0,0.3502980542121246,0.780114722753346
2,3910,3.0,0.2198852772466539,1.0
