,Nelem,TravelTimeHour,Freq,AccumFreq
0,1634,1.0,0.32831022704440427,0.32831022704440427
1,1199,2.0,0.24090817761703837,0.5692184046614426
2,1039,3.0,0.2087602973678923,0.777978702029335
3,1105,4.0,0.22202129797066505,1.0
