,Nelem,TravelTimeHour,Freq,AccumFreq
0,3158,1,0.6269604923565615,0.6269604923565615
1,1879,2,0.3730395076434386,1.0
