,Nelem,TravelTimeHour,Freq,AccumFreq
0,3832,1,0.6187631196512191,0.6187631196512191
1,2361,2,0.3812368803487809,1.0
