,Nelem,TravelTimeHour,Freq,AccumFreq
0,1090,1.0,0.3082579185520362,0.3082579185520362
1,1165,2.0,0.3294683257918552,0.6377262443438914
2,1281,3.0,0.3622737556561086,1.0
