,Nelem,TravelTimeHour,Freq,AccumFreq
0,1582,1.0,0.27460510328068044,0.27460510328068044
1,1577,2.0,0.27373719840305505,0.5483423016837354
2,952,3.0,0.1652490886998785,0.713591390383614
3,649,4.0,0.11265405311577852,0.8262454434993924
4,1001,5.0,0.17375455650060753,1.0
