,Nelem,TravelTimeHour,Freq,AccumFreq
0,3579,1,0.44365935291930086,0.44365935291930086
1,4488,2,0.5563406470806992,1.0
