,Nelem,TravelTimeHour,Freq,AccumFreq
0,3032,1.0,0.3036858974358974,0.3036858974358974
1,3590,2.0,0.35957532051282054,0.663261217948718
2,3362,3.0,0.33673878205128205,1.0
