,Nelem,TravelTimeHour,Freq,AccumFreq
0,7446,1,0.711310661062285,0.711310661062285
1,3022,2,0.2886893389377149,1.0
