,Nelem,TravelTimeHour,Freq,AccumFreq
0,4936,1,0.5971449310428261,0.5971449310428261
1,3330,2,0.402855068957174,1.0
