,Nelem,TravelTimeHour,Freq,AccumFreq
0,3655,1.0,0.39428263214670983,0.39428263214670983
1,3115,2.0,0.3360302049622438,0.7303128371089536
2,2500,3.0,0.2696871628910464,1.0
