,Nelem,TravelTimeHour,Freq,AccumFreq
0,4338,1.0,0.46515119022088786,0.46515119022088786
1,2748,2.0,0.2946600900707699,0.7598112802916577
2,2240,3.0,0.24018871970834227,1.0
