,Nelem,TravelTimeHour,Freq,AccumFreq
0,1773,1.0,0.38779527559055116,0.38779527559055116
1,1534,2.0,0.33552055993000873,0.7233158355205599
2,1265,3.0,0.27668416447944005,1.0
