,Nelem,TravelTimeHour,Freq,AccumFreq
0,4350,1.0,0.41499713795077275,0.41499713795077275
1,3528,2.0,0.3365769891242129,0.7515741270749856
2,2604,3.0,0.2484258729250143,0.9999999999999999
