,Nelem,TravelTimeHour,Freq,AccumFreq
0,2959,1,0.6192967768940979,0.6192967768940979
1,1819,2,0.38070322310590204,1.0
