,Nelem,TravelTimeHour,Freq,AccumFreq
0,6333,1,0.5654969193678007,0.5654969193678007
1,4866,2,0.4345030806321993,1.0
