,Nelem,TravelTimeHour,Freq,AccumFreq
0,2146,1,0.5424671385237614,0.5424671385237614
1,1810,2,0.4575328614762386,1.0
