,Nelem,TravelTimeHour,Freq,AccumFreq
0,3069,1,0.7183988764044944,0.7183988764044944
1,1203,2,0.2816011235955056,1.0
