,Nelem,TravelTimeHour,Freq,AccumFreq
0,2604,1,0.6514886164623468,0.6514886164623468
1,1393,2,0.34851138353765326,1.0
