,Nelem,TravelTimeHour,Freq,AccumFreq
0,3693,1,0.6327964359150103,0.6327964359150103
1,2143,2,0.3672035640849897,1.0
