,Nelem,TravelTimeHour,Freq,AccumFreq
0,3077,1.0,0.31633597203659913,0.31633597203659913
1,3663,2.0,0.37658065179397554,0.6929166238305746
2,2987,3.0,0.3070833761694253,1.0
