,Nelem,TravelTimeHour,Freq,AccumFreq
0,5588,1,0.6885165105963529,0.6885165105963529
1,2528,2,0.3114834894036471,1.0
