,Nelem,TravelTimeHour,Freq,AccumFreq
0,5061,1.0,0.5345373891001267,0.5345373891001267
1,2992,2.0,0.3160118293198141,0.8505492184199408
2,1415,3.0,0.14945078158005914,1.0
