,Nelem,TravelTimeHour,Freq,AccumFreq
0,1795,1,0.45558375634517767,0.45558375634517767
1,2145,2,0.5444162436548223,1.0
