,Nelem,TravelTimeHour,Freq,AccumFreq
0,3344,1.0,0.4171656686626746,0.4171656686626746
1,2741,2.0,0.34194111776447106,0.7591067864271457
2,1931,3.0,0.2408932135728543,1.0
