,Nelem,TravelTimeHour,Freq,AccumFreq
0,7122,1,0.5961329203984264,0.5961329203984264
1,4825,2,0.40386707960157364,1.0
