,Nelem,TravelTimeHour,Freq,AccumFreq
0,5227,1.0,0.48113033873343153,0.48113033873343153
1,4188,2.0,0.3854933726067747,0.8666237113402062
2,1449,3.0,0.1333762886597938,1.0
