,Nelem,TravelTimeHour,Freq,AccumFreq
0,2977,1,0.6768985902683038,0.6768985902683038
1,1421,2,0.3231014097316962,1.0
