,Nelem,TravelTimeHour,Freq,AccumFreq
0,1167,1.0,0.28407984420642646,0.28407984420642646
1,1381,2.0,0.33617332035053554,0.620253164556962
2,542,3.0,0.13193768257059396,0.752190847127556
3,329,4.0,0.08008763388510223,0.8322784810126582
4,280,5.0,0.06815968841285297,0.9004381694255112
5,291,6.0,0.07083739045764362,0.9712755598831548
6,118,7.0,0.02872444011684518,1.0
