,Nelem,TravelTimeHour,Freq,AccumFreq
0,1653,1.0,0.3165453849099962,0.3165453849099962
1,1426,2.0,0.27307545001914973,0.5896208349291459
2,1401,3.0,0.26828801225584065,0.8579088471849865
3,742,4.0,0.14209115281501342,0.9999999999999999
