,Nelem,TravelTimeHour,Freq,AccumFreq
0,5313,1.0,0.36308344153625366,0.36308344153625366
1,5634,2.0,0.38502015991252647,0.7481036014487801
2,3686,3.0,0.25189639855121987,1.0
