,Nelem,TravelTimeHour,Freq,AccumFreq
0,4721,1,0.6718371993738438,0.6718371993738438
1,2306,2,0.32816280062615627,1.0
