,Nelem,TravelTimeHour,Freq,AccumFreq
0,6029,1.0,0.39055515968128524,0.39055515968128524
1,5182,2.0,0.3356869858133057,0.7262421454945909
2,2587,3.0,0.16758437520243571,0.8938265206970266
3,1639,4.0,0.10617347930297337,1.0
