,Nelem,TravelTimeHour,Freq,AccumFreq
0,4567,1,0.5387519169517518,0.5387519169517518
1,3910,2,0.4612480830482482,1.0
