,Nelem,TravelTimeHour,Freq,AccumFreq
0,2714,1.0,0.17845870594423988,0.17845870594423988
1,4017,2.0,0.2641372961599158,0.44259600210415573
2,4317,3.0,0.28386375591793794,0.7264597580220937
3,4160,4.0,0.2735402419779064,1.0
