,Nelem,TravelTimeHour,Freq,AccumFreq
0,6273,1,0.731630510846746,0.731630510846746
1,2301,2,0.26836948915325404,1.0
