,Nelem,TravelTimeHour,Freq,AccumFreq
0,3638,1,0.5694161840663641,0.5694161840663641
1,2751,2,0.4305838159336359,1.0
