,Nelem,TravelTimeHour,Freq,AccumFreq
0,2286,1,0.5262430939226519,0.5262430939226519
1,2058,2,0.47375690607734805,1.0
