,Nelem,TravelTimeHour,Freq,AccumFreq
0,1882,1,0.5401836969001148,0.5401836969001148
1,1602,2,0.4598163030998852,1.0
