,Nelem,TravelTimeHour,Freq,AccumFreq
0,6327,1,0.5968867924528302,0.5968867924528302
1,4273,2,0.40311320754716984,1.0
