,Nelem,TravelTimeHour,Freq,AccumFreq
0,3185,1,0.5663229018492176,0.5663229018492176
1,2439,2,0.43367709815078237,1.0
