,Nelem,TravelTimeHour,Freq,AccumFreq
0,3826,1.0,0.47287109133605243,0.47287109133605243
1,2452,2.0,0.30305277468792485,0.7759238660239773
2,1813,3.0,0.22407613397602275,1.0
