,Nelem,TravelTimeHour,Freq,AccumFreq
0,3997,1.0,0.45138339920948617,0.45138339920948617
1,3032,2.0,0.3424054206662902,0.7937888198757763
2,1826,3.0,0.2062111801242236,0.9999999999999999
