,Nelem,TravelTimeHour,Freq,AccumFreq
0,4835,1.0,0.27009664264566224,0.27009664264566224
1,4792,2.0,0.26769454220434613,0.5377911848500083
2,3639,3.0,0.2032847326964974,0.7410759175465057
3,2413,4.0,0.13479693871850734,0.8758728562650131
4,2222,5.0,0.12412714373498687,1.0
