,Nelem,TravelTimeHour,Freq,AccumFreq
0,3315,1.0,0.46003330557868444,0.46003330557868444
1,2470,2.0,0.3427699139605884,0.8028032195392729
2,1421,3.0,0.19719678046072717,1.0
