,Nelem,TravelTimeHour,Freq,AccumFreq
0,3035,1,0.6337439966590103,0.6337439966590103
1,1754,2,0.3662560033409898,1.0
