,Nelem,TravelTimeHour,Freq,AccumFreq
0,3974,1.0,0.431534368552503,0.431534368552503
1,3334,2.0,0.36203713758279943,0.7935715061353024
2,1901,3.0,0.20642849386469758,1.0
