,Nelem,TravelTimeHour,Freq,AccumFreq
0,1196,1.0,0.3440736478711162,0.3440736478711162
1,1172,2.0,0.33716915995397007,0.6812428078250863
2,1108,3.0,0.3187571921749137,1.0
