,Nelem,TravelTimeHour,Freq,AccumFreq
0,4357,1.0,0.3909727207465901,0.3909727207465901
1,3833,2.0,0.3439519023689878,0.7349246231155779
2,2954,3.0,0.2650753768844221,1.0
