,Nelem,TravelTimeHour,Freq,AccumFreq
0,3771,1,0.7935606060606061,0.7935606060606061
1,981,2,0.20643939393939395,1.0
