,Nelem,TravelTimeHour,Freq,AccumFreq
0,3614,1,0.570031545741325,0.570031545741325
1,2726,2,0.4299684542586751,1.0
