,Nelem,TravelTimeHour,Freq,AccumFreq
0,5486,1,0.5198521747370416,0.5198521747370416
1,5067,2,0.4801478252629584,1.0
