,Nelem,TravelTimeHour,Freq,AccumFreq
0,7136,1.0,0.46808789767136766,0.46808789767136766
1,4697,2.0,0.3081010167267957,0.7761889143981633
2,3412,3.0,0.22381108560183666,1.0
