,Nelem,TravelTimeHour,Freq,AccumFreq
0,2902,1.0,0.3265811388701328,0.3265811388701328
1,2602,2.0,0.29282016655413007,0.6194013054242629
2,1941,3.0,0.21843349088453748,0.8378347963088003
3,1441,4.0,0.16216520369119963,1.0
