,Nelem,TravelTimeHour,Freq,AccumFreq
0,2572,1,0.6791655664114075,0.6791655664114075
1,1215,2,0.32083443358859254,1.0
