,Nelem,TravelTimeHour,Freq,AccumFreq
0,3875,1.0,0.3644657637321294,0.3644657637321294
1,3229,2.0,0.30370579382994733,0.6681715575620768
2,2187,3.0,0.20569977426636568,0.8738713318284425
3,1341,4.0,0.12612866817155757,1.0
