,Nelem,TravelTimeHour,Freq,AccumFreq
0,3927,1.0,0.08022144141199543,0.08022144141199543
1,4338,2.0,0.08861742114724629,0.16883886255924171
2,4240,3.0,0.0866154600424906,0.2554543226017323
3,5457,4.0,0.11147654845563,0.3669308710573623
4,6733,5.0,0.13754289916653048,0.5044737702238927
5,8269,6.0,0.168920575257395,0.6733943454812877
6,8775,7.0,0.17925723157378656,0.8526515770550743
7,7213,8.0,0.14734842294492564,1.0
