,Nelem,TravelTimeHour,Freq,AccumFreq
0,2293,1,0.6894167167769092,0.6894167167769092
1,1033,2,0.3105832832230908,1.0
