,Nelem,TravelTimeHour,Freq,AccumFreq
0,2382,1,0.5325285043594903,0.5325285043594903
1,2091,2,0.4674714956405097,1.0
