,Nelem,TravelTimeHour,Freq,AccumFreq
0,4234,1.0,0.38613771089831284,0.38613771089831284
1,3595,2.0,0.3278613771089831,0.713999088007296
2,3136,3.0,0.28600091199270405,1.0
