,Nelem,TravelTimeHour,Freq,AccumFreq
0,3175,1,0.6376782486443061,0.6376782486443061
1,1804,2,0.3623217513556939,1.0
