,Nelem,TravelTimeHour,Freq,AccumFreq
0,4739,1.0,0.38350732378408997,0.38350732378408997
1,4411,2.0,0.35696366431981874,0.7404709881039087
2,3207,3.0,0.2595290118960913,1.0
