,Nelem,TravelTimeHour,Freq,AccumFreq
0,4132,1,0.6362796427471512,0.6362796427471512
1,2362,2,0.3637203572528488,1.0
