,Nelem,TravelTimeHour,Freq,AccumFreq
0,4883,1,0.7671641791044777,0.7671641791044777
1,1482,2,0.23283582089552238,1.0
