,Nelem,TravelTimeHour,Freq,AccumFreq
0,4256,1.0,0.44644917654463445,0.44644917654463445
1,3132,2.0,0.32854295604741424,0.7749921325920487
2,2145,3.0,0.22500786740795134,1.0
