,Nelem,TravelTimeHour,Freq,AccumFreq
0,1845,1,0.5092464808170025,0.5092464808170025
1,1778,2,0.49075351918299753,1.0
