,Nelem,TravelTimeHour,Freq,AccumFreq
0,6091,1,0.7678053699735283,0.7678053699735283
1,1842,2,0.2321946300264717,1.0
