,Nelem,TravelTimeHour,Freq,AccumFreq
0,4533,1.0,0.47396486825595985,0.47396486825595985
1,2680,2.0,0.2802174822250105,0.7541823504809704
2,2351,3.0,0.2458176495190297,1.0
