,Nelem,TravelTimeHour,Freq,AccumFreq
0,2974,1,0.5799531981279251,0.5799531981279251
1,2154,2,0.4200468018720749,1.0
