,Nelem,TravelTimeHour,Freq,AccumFreq
0,2626,1,0.5686444348202685,0.5686444348202685
1,1992,2,0.4313555651797315,1.0
