,Nelem,TravelTimeHour,Freq,AccumFreq
0,1731,1,0.5064365125804564,0.5064365125804564
1,1687,2,0.4935634874195436,1.0
