,Nelem,TravelTimeHour,Freq,AccumFreq
0,4998,1.0,0.30945452293975606,0.30945452293975606
1,4371,2.0,0.2706333973128599,0.5800879202526159
2,3569,3.0,0.22097702928611232,0.8010649495387282
3,3213,4.0,0.19893505046127175,1.0
