,Nelem,TravelTimeHour,Freq,AccumFreq
0,6970,1.0,0.3929195557810474,0.3929195557810474
1,4179,2.0,0.23558261457804835,0.6285021703590958
2,2821,3.0,0.15902813010879982,0.7875303004678956
3,1900,4.0,0.10710863070071594,0.8946389311686116
4,1869,5.0,0.10536106883138846,1.0
