,Nelem,TravelTimeHour,Freq,AccumFreq
0,5945,1.0,0.39805825242718446,0.39805825242718446
1,4910,2.0,0.3287579511215266,0.7268162035487111
2,4080,3.0,0.27318379645128893,1.0
