,Nelem,TravelTimeHour,Freq,AccumFreq
0,4361,1,0.569916361735494,0.569916361735494
1,3291,2,0.430083638264506,1.0
