,Nelem,TravelTimeHour,Freq,AccumFreq
0,3960,1.0,0.4714847005595904,0.4714847005595904
1,2466,2.0,0.29360638171210857,0.765091082271699
2,1973,3.0,0.234908917728301,1.0
