,Nelem,TravelTimeHour,Freq,AccumFreq
0,3375,1.0,0.6512929370899266,0.6512929370899266
1,1248,2.0,0.24083365495947512,0.8921265920494017
2,559,3.0,0.10787340795059823,0.9999999999999999
