,Nelem,TravelTimeHour,Freq,AccumFreq
0,4786,1,0.641727004558863,0.641727004558863
1,2672,2,0.35827299544113705,1.0
