,Nelem,TravelTimeHour,Freq,AccumFreq
0,4256,1.0,0.35008636999259685,0.35008636999259685
1,4292,2.0,0.353047626881632,0.7031339968742288
2,2168,3.0,0.17833347042855968,0.8814674673027885
3,1441,4.0,0.11853253269721148,1.0
