,Nelem,TravelTimeHour,Freq,AccumFreq
0,3567,1,0.6595784023668639,0.6595784023668639
1,1841,2,0.3404215976331361,1.0
