,Nelem,TravelTimeHour,Freq,AccumFreq
0,3660,1,0.6127574083375188,0.6127574083375188
1,2313,2,0.38724259166248115,1.0
