,Nelem,TravelTimeHour,Freq,AccumFreq
0,4582,1,0.5295273315613083,0.5295273315613083
1,4071,2,0.4704726684386918,1.0
