,Nelem,TravelTimeHour,Freq,AccumFreq
0,2973,1.0,0.4077629954738719,0.4077629954738719
1,2360,2.0,0.3236867370731038,0.7314497325469758
2,1958,3.0,0.2685502674530243,1.0
