,Nelem,TravelTimeHour,Freq,AccumFreq
0,5032,1.0,0.43312101910828027,0.43312101910828027
1,3795,2.0,0.3266483043553107,0.7597693234635909
2,2791,3.0,0.24023067653640903,1.0
