,Nelem,TravelTimeHour,Freq,AccumFreq
0,3161,1.0,0.49865909449439977,0.49865909449439977
1,1707,2.0,0.2692853762423095,0.7679444707367094
2,1471,3.0,0.23205552926329073,1.0
