,Nelem,TravelTimeHour,Freq,AccumFreq
0,4339,1,0.5849285521703963,0.5849285521703963
1,3079,2,0.41507144782960365,1.0
