,Nelem,TravelTimeHour,Freq,AccumFreq
0,2181,1.0,0.3725657669969252,0.3725657669969252
1,2105,2.0,0.35958319098052616,0.7321489579774514
2,1568,3.0,0.26785104202254867,1.0
