,Nelem,TravelTimeHour,Freq,AccumFreq
0,2682,1,0.6244470314318975,0.6244470314318975
1,1613,2,0.37555296856810244,1.0
