,Nelem,TravelTimeHour,Freq,AccumFreq
0,3263,1.0,0.42431729518855654,0.42431729518855654
1,2803,2.0,0.3644993498049415,0.788816644993498
2,1624,3.0,0.21118335500650195,1.0
