,Nelem,TravelTimeHour,Freq,AccumFreq
0,4432,1.0,0.4714893617021277,0.4714893617021277
1,3052,2.0,0.32468085106382977,0.7961702127659575
2,1916,3.0,0.20382978723404255,1.0
