,Nelem,TravelTimeHour,Freq,AccumFreq
0,4238,1,0.5570452155625657,0.5570452155625657
1,3370,2,0.4429547844374343,1.0
