,Nelem,TravelTimeHour,Freq,AccumFreq
0,5636,1.0,0.5860455443485495,0.5860455443485495
1,2635,2.0,0.2739939690132058,0.8600395133617553
2,1346,3.0,0.13996048663824479,1.0
