,Nelem,TravelTimeHour,Freq,AccumFreq
0,3349,1,0.651049766718507,0.651049766718507
1,1795,2,0.348950233281493,1.0
