,Nelem,TravelTimeHour,Freq,AccumFreq
0,1864,1.0,0.38914405010438413,0.38914405010438413
1,1839,2.0,0.38392484342379957,0.7730688935281838
2,1087,3.0,0.22693110647181627,1.0
