,Nelem,TravelTimeHour,Freq,AccumFreq
0,2132,1,0.5812431842966194,0.5812431842966194
1,1536,2,0.4187568157033806,1.0
