,Nelem,TravelTimeHour,Freq,AccumFreq
0,1946,1,0.44490169181527206,0.44490169181527206
1,2428,2,0.5550983081847279,1.0
