,Nelem,TravelTimeHour,Freq,AccumFreq
0,2822,1.0,0.38197076340010827,0.38197076340010827
1,2314,2.0,0.31321061180292364,0.6951813752030319
2,2252,3.0,0.30481862479696803,1.0
