,Nelem,TravelTimeHour,Freq,AccumFreq
0,3882,1.0,0.46181299072091364,0.46181299072091364
1,3169,2.0,0.3769926243159648,0.8388056150368784
2,1355,3.0,0.16119438496312158,1.0
