,Nelem,TravelTimeHour,Freq,AccumFreq
0,1379,1.0,0.40511163337250294,0.40511163337250294
1,1175,2.0,0.34518213866039954,0.7502937720329025
2,850,3.0,0.24970622796709754,1.0
