,Nelem,TravelTimeHour,Freq,AccumFreq
0,4721,1,0.5835599505562423,0.5835599505562423
1,3369,2,0.41644004944375773,1.0
