,Nelem,TravelTimeHour,Freq,AccumFreq
0,3608,1.0,0.47972344103177766,0.47972344103177766
1,2426,2.0,0.32256348889775294,0.8022869299295305
2,1487,3.0,0.19771307007046934,0.9999999999999999
