,Nelem,TravelTimeHour,Freq,AccumFreq
0,2631,1,0.667766497461929,0.667766497461929
1,1309,2,0.33223350253807105,1.0
