,Nelem,TravelTimeHour,Freq,AccumFreq
0,2574,1.0,0.3229205871283402,0.3229205871283402
1,2673,2.0,0.33534060971019947,0.6582611968385397
2,2724,3.0,0.34173880316146027,1.0
