,Nelem,TravelTimeHour,Freq,AccumFreq
0,3128,1.0,0.4037170882808467,0.4037170882808467
1,1880,2.0,0.24264326277749096,0.6463603510583377
2,1510,3.0,0.19488900361383582,0.8412493546721735
3,1230,4.0,0.15875064532782654,1.0
