,Nelem,TravelTimeHour,Freq,AccumFreq
0,1269,1.0,0.33985002678093196,0.33985002678093196
1,1201,2.0,0.3216389930369577,0.6614890198178897
2,1264,3.0,0.33851098018211034,1.0
