,Nelem,TravelTimeHour,Freq,AccumFreq
0,2024,1,0.5216494845360825,0.5216494845360825
1,1856,2,0.47835051546391755,1.0
