,Nelem,TravelTimeHour,Freq,AccumFreq
0,2734,1,0.7453653217011995,0.7453653217011995
1,934,2,0.25463467829880043,1.0
