,Nelem,TravelTimeHour,Freq,AccumFreq
0,3239,1.0,0.4317515329245534,0.4317515329245534
1,2711,2.0,0.3613703012529992,0.7931218341775526
2,1552,3.0,0.20687816582244734,0.9999999999999999
