,Nelem,TravelTimeHour,Freq,AccumFreq
0,3321,1,0.5387735236859182,0.5387735236859182
1,2843,2,0.46122647631408176,1.0
