,Nelem,TravelTimeHour,Freq,AccumFreq
0,2668,1.0,0.24389797970564037,0.24389797970564037
1,2506,2.0,0.22908858213730687,0.47298656184294724
2,2653,3.0,0.24252673919005394,0.7155133010330011
3,3112,4.0,0.2844866989669988,1.0
