,Nelem,TravelTimeHour,Freq,AccumFreq
0,2367,1,0.7108108108108108,0.7108108108108108
1,963,2,0.2891891891891892,1.0
