,Nelem,TravelTimeHour,Freq,AccumFreq
0,3449,1.0,0.5222592368261659,0.5222592368261659
1,2101,2.0,0.3181405208964264,0.8403997577225923
2,1054,3.0,0.15960024227740763,1.0
