,Nelem,TravelTimeHour,Freq,AccumFreq
0,2714,1,0.8152598377891259,0.8152598377891259
1,615,2,0.18474016221087414,1.0
