,Nelem,TravelTimeHour,Freq,AccumFreq
0,5517,1.0,0.29178125661095833,0.29178125661095833
1,5045,2.0,0.2668182779775756,0.558599534588534
2,3442,3.0,0.18203934842394753,0.7406388830124815
3,1772,4.0,0.09371694520837741,0.8343558282208589
4,1531,5.0,0.08097101755870531,0.9153268457795641
5,1601,6.0,0.0846731542204358,0.9999999999999999
