,Nelem,TravelTimeHour,Freq,AccumFreq
0,1516,1.0,0.3127062706270627,0.3127062706270627
1,1899,2.0,0.3917079207920792,0.704414191419142
2,1433,3.0,0.2955858085808581,1.0
