,Nelem,TravelTimeHour,Freq,AccumFreq
0,1642,1.0,0.38230500582072174,0.38230500582072174
1,1640,2.0,0.3818393480791618,0.7641443538998836
2,1013,3.0,0.23585564610011642,1.0
