,Nelem,TravelTimeHour,Freq,AccumFreq
0,5180,1,0.6114980521780191,0.6114980521780191
1,3291,2,0.3885019478219809,1.0
