,Nelem,TravelTimeHour,Freq,AccumFreq
0,2852,1,0.6462723770677543,0.6462723770677543
1,1561,2,0.35372762293224563,1.0
