,Nelem,TravelTimeHour,Freq,AccumFreq
0,4001,1.0,0.43669504475005455,0.43669504475005455
1,3175,2.0,0.3465400567561668,0.7832351015062213
2,1142,3.0,0.12464527395765117,0.9078803754638725
3,844,4.0,0.09211962453612749,1.0
