,Nelem,TravelTimeHour,Freq,AccumFreq
0,4106,1.0,0.3210320562939797,0.3210320562939797
1,5011,2.0,0.39179046129788897,0.7128225175918687
2,3673,3.0,0.28717748240813135,1.0
