,Nelem,TravelTimeHour,Freq,AccumFreq
0,4262,1.0,0.2706547278846764,0.2706547278846764
1,4415,2.0,0.2803708642916111,0.5510255921762875
2,4142,3.0,0.2630342287419826,0.8140598209182701
3,2928,4.0,0.18594017908172986,1.0
