,Nelem,TravelTimeHour,Freq,AccumFreq
0,5798,1.0,0.35531315112146095,0.35531315112146095
1,5844,2.0,0.3581321240348082,0.7134452751562692
2,4676,3.0,0.28655472484373085,1.0
