,Nelem,TravelTimeHour,Freq,AccumFreq
0,4043,1.0,0.3612724510767581,0.3612724510767581
1,4411,2.0,0.394156018228934,0.7554284693056921
2,2737,3.0,0.24457153069430793,1.0
