,Nelem,TravelTimeHour,Freq,AccumFreq
0,7209,1.0,0.3956206783009549,0.3956206783009549
1,6082,2.0,0.3337723630775985,0.7293930413785534
2,4931,3.0,0.2706069586214466,1.0
