,Nelem,TravelTimeHour,Freq,AccumFreq
0,2834,1.0,0.2582467650811008,0.2582467650811008
1,3128,2.0,0.2850373610351741,0.5432841261162749
2,3001,3.0,0.2734645525788227,0.8167486786950975
3,2011,4.0,0.1832513213049025,1.0
