,Nelem,TravelTimeHour,Freq,AccumFreq
0,4240,1.0,0.4034636977828528,0.4034636977828528
1,3681,2.0,0.3502711961176135,0.7537348939004662
2,2588,3.0,0.24626510609953373,1.0
