,Nelem,TravelTimeHour,Freq,AccumFreq
0,7154,1,0.6908072614909231,0.6908072614909231
1,3202,2,0.30919273850907686,1.0
