,Nelem,TravelTimeHour,Freq,AccumFreq
0,5281,1,0.6585609178201771,0.6585609178201771
1,2738,2,0.34143908217982294,1.0
