,Nelem,TravelTimeHour,Freq,AccumFreq
0,2706,1,0.5590909090909091,0.5590909090909091
1,2134,2,0.4409090909090909,1.0
