,Nelem,TravelTimeHour,Freq,AccumFreq
0,2533,1,0.5228070175438596,0.5228070175438596
1,2312,2,0.47719298245614034,1.0
