,Nelem,TravelTimeHour,Freq,AccumFreq
0,2525,1,0.5068245684464071,0.5068245684464071
1,2457,2,0.49317543155359295,1.0
