,Nelem,TravelTimeHour,Freq,AccumFreq
0,12379,1.0,0.3082497074130332,0.3082497074130332
1,11330,2.0,0.28212853905724744,0.5903782464702807
2,9743,3.0,0.24261062277447148,0.8329888692447522
3,6707,4.0,0.1670111307552479,1.0000000000000002
