,Nelem,TravelTimeHour,Freq,AccumFreq
0,1983,1.0,0.2973013493253373,0.2973013493253373
1,2414,2.0,0.36191904047976015,0.6592203898050975
2,2273,3.0,0.34077961019490255,1.0
