,Nelem,TravelTimeHour,Freq,AccumFreq
0,5674,1,0.6147345612134345,0.6147345612134345
1,3556,2,0.38526543878656555,1.0
