,Nelem,TravelTimeHour,Freq,AccumFreq
0,2720,1.0,0.49000180147721134,0.49000180147721134
1,1628,2.0,0.29328049000180145,0.7832822914790127
2,779,3.0,0.14033507476130427,0.923617366240317
3,424,4.0,0.07638263375968295,0.9999999999999999
