,Nelem,TravelTimeHour,Freq,AccumFreq
0,5576,1,0.5977060778218458,0.5977060778218458
1,3753,2,0.40229392217815413,1.0
