,Nelem,TravelTimeHour,Freq,AccumFreq
0,6611,1,0.6533254274137761,0.6533254274137761
1,3508,2,0.3466745725862239,1.0
