,Nelem,TravelTimeHour,Freq,AccumFreq
0,4720,1.0,0.5467392563419438,0.5467392563419438
1,2340,2.0,0.27105293640681105,0.8177921927487548
2,1573,3.0,0.18220780725124522,1.0
