,Nelem,TravelTimeHour,Freq,AccumFreq
0,1314,1.0,0.29508196721311475,0.29508196721311475
1,1117,2.0,0.2508421289018639,0.5459240961149787
2,1230,3.0,0.2762182798113631,0.8221423759263418
3,792,4.0,0.1778576240736582,1.0
