,Nelem,TravelTimeHour,Freq,AccumFreq
0,2730,1,0.6595796086011114,0.6595796086011114
1,1409,2,0.34042039139888863,1.0
