,Nelem,TravelTimeHour,Freq,AccumFreq
0,5300,1,0.668769716088328,0.668769716088328
1,2625,2,0.3312302839116719,1.0
