,Nelem,TravelTimeHour,Freq,AccumFreq
0,1920,1,0.5293631100082713,0.5293631100082713
1,1707,2,0.4706368899917287,1.0
