,Nelem,TravelTimeHour,Freq,AccumFreq
0,3803,1.0,0.5049794184039305,0.5049794184039305
1,2369,2.0,0.3145664586376311,0.8195458770415616
2,1359,3.0,0.18045412295843846,1.0
