,Nelem,TravelTimeHour,Freq,AccumFreq
0,7691,1,0.7347153228888039,0.7347153228888039
1,2777,2,0.265284677111196,1.0
