,Nelem,TravelTimeHour,Freq,AccumFreq
0,5539,1,0.5641103982075568,0.5641103982075568
1,4280,2,0.43588960179244324,1.0
