,Nelem,TravelTimeHour,Freq,AccumFreq
0,2441,1,0.6273451554870213,0.6273451554870213
1,1450,2,0.37265484451297864,1.0
