,Nelem,TravelTimeHour,Freq,AccumFreq
0,4736,1.0,0.48945845390657294,0.48945845390657294
1,2814,2.0,0.2908226539892518,0.7802811078958247
2,2126,3.0,0.21971889210417528,1.0
