,Nelem,TravelTimeHour,Freq,AccumFreq
0,2443,1.0,0.3578962789334896,0.3578962789334896
1,2798,2.0,0.40990331087020215,0.7677995898036918
2,1585,3.0,0.23220041019630824,1.0
