,Nelem,TravelTimeHour,Freq,AccumFreq
0,3725,1.0,0.491165611814346,0.491165611814346
1,1458,2.0,0.19224683544303797,0.6834124472573839
2,1052,3.0,0.13871308016877637,0.8221255274261603
3,586,4.0,0.07726793248945148,0.8993934599156118
4,336,5.0,0.04430379746835443,0.9436972573839663
5,427,6.0,0.056302742616033755,1.0
