,Nelem,TravelTimeHour,Freq,AccumFreq
0,5557,1.0,0.37287794403811314,0.37287794403811314
1,5450,2.0,0.3656981815741797,0.7385761256122929
2,3896,3.0,0.2614238743877072,1.0
