,Nelem,TravelTimeHour,Freq,AccumFreq
0,2314,1,0.6083070452155626,0.6083070452155626
1,1490,2,0.39169295478443744,1.0
