,Nelem,TravelTimeHour,Freq,AccumFreq
0,2072,1.0,0.5032790867136264,0.5032790867136264
1,963,2.0,0.23390818557201845,0.7371872722856448
2,1082,3.0,0.2628127277143551,1.0
