,Nelem,TravelTimeHour,Freq,AccumFreq
0,3288,1.0,0.40180862764267383,0.40180862764267383
1,3331,2.0,0.40706342417206404,0.8088720518147379
2,1564,3.0,0.19112794818526213,1.0
