,Nelem,TravelTimeHour,Freq,AccumFreq
0,5558,1.0,0.4450316278324926,0.4450316278324926
1,4025,2.0,0.32228360957642727,0.7673152374089198
2,2906,3.0,0.23268476259108015,1.0
