,Nelem,TravelTimeHour,Freq,AccumFreq
0,3640,1.0,0.3111111111111111,0.3111111111111111
1,4159,2.0,0.35547008547008546,0.6665811965811965
2,3901,3.0,0.3334188034188034,1.0
