,Nelem,TravelTimeHour,Freq,AccumFreq
0,2525,1.0,0.23425178587995177,0.23425178587995177
1,2145,2.0,0.19899805176732535,0.4332498376472771
2,2729,3.0,0.2531774747193617,0.6864273123666388
3,2378,4.0,0.22061415715743576,0.9070414695240745
4,1002,5.0,0.09295853047592541,0.9999999999999999
