,Nelem,TravelTimeHour,Freq,AccumFreq
0,4260,1.0,0.32324152060095607,0.32324152060095607
1,4495,2.0,0.34107291903786324,0.6643144396388193
2,2926,3.0,0.22201988011229987,0.8863343197511192
3,1498,4.0,0.1136656802488808,1.0
