,Nelem,TravelTimeHour,Freq,AccumFreq
0,4082,1,0.7706248820086842,0.7706248820086842
1,1215,2,0.22937511799131585,1.0
