,Nelem,TravelTimeHour,Freq,AccumFreq
0,5104,1.0,0.4166190515059995,0.4166190515059995
1,3503,2.0,0.28593584197208394,0.7025548934780834
2,3644,3.0,0.2974451065219166,1.0
