,Nelem,TravelTimeHour,Freq,AccumFreq
0,3835,1.0,0.5269304754053311,0.5269304754053311
1,2405,2.0,0.3304479252541907,0.8573784006595218
2,1038,3.0,0.14262159934047816,0.9999999999999999
