,Nelem,TravelTimeHour,Freq,AccumFreq
0,2215,1,0.5939930276213462,0.5939930276213462
1,1514,2,0.4060069723786538,1.0
