,Nelem,TravelTimeHour,Freq,AccumFreq
0,2761,1,0.6191971294012111,0.6191971294012111
1,1698,2,0.380802870598789,1.0
