,Nelem,TravelTimeHour,Freq,AccumFreq
0,5166,1,0.5420776495278069,0.5420776495278069
1,4364,2,0.4579223504721931,1.0
