,Nelem,TravelTimeHour,Freq,AccumFreq
0,5673,1,0.5966554480437526,0.5966554480437526
1,3835,2,0.40334455195624735,1.0
