,Nelem,TravelTimeHour,Freq,AccumFreq
0,8629,1.0,0.3875589490231305,0.3875589490231305
1,8270,2.0,0.3714349876487761,0.7589939366719065
2,5366,3.0,0.24100606332809343,1.0
