,Nelem,TravelTimeHour,Freq,AccumFreq
0,2889,1,0.5697101163478604,0.5697101163478604
1,2182,2,0.4302898836521396,1.0
