,Nelem,TravelTimeHour,Freq,AccumFreq
0,2424,1,0.6426299045599152,0.6426299045599152
1,1348,2,0.35737009544008486,1.0
