,Nelem,TravelTimeHour,Freq,AccumFreq
0,2381,1,0.5338565022421524,0.5338565022421524
1,2079,2,0.4661434977578475,1.0
