,Nelem,TravelTimeHour,Freq,AccumFreq
0,5898,1,0.7496187086934418,0.7496187086934418
1,1970,2,0.25038129130655823,1.0
