,Nelem,TravelTimeHour,Freq,AccumFreq
0,6738,1.0,0.45100401606425705,0.45100401606425705
1,3047,2.0,0.2039491298527443,0.6549531459170014
2,1758,3.0,0.1176706827309237,0.7726238286479251
3,1632,4.0,0.10923694779116466,0.8818607764390898
4,1765,5.0,0.1181392235609103,1.0
