,Nelem,TravelTimeHour,Freq,AccumFreq
0,4602,1,0.5603994154895275,0.5603994154895275
1,3610,2,0.43960058451047246,1.0
