,Nelem,TravelTimeHour,Freq,AccumFreq
0,2442,1.0,0.299668671002577,0.299668671002577
1,3265,2.0,0.400662657994846,0.700331328997423
2,2442,3.0,0.299668671002577,1.0
