,Nelem,TravelTimeHour,Freq,AccumFreq
0,4363,1.0,0.3924973011874775,0.3924973011874775
1,4163,2.0,0.37450521770421014,0.7670025188916876
2,2590,3.0,0.23299748110831234,0.9999999999999999
