,Nelem,TravelTimeHour,Freq,AccumFreq
0,5019,1.0,0.48662012798138454,0.48662012798138454
1,3259,2.0,0.31597828194686833,0.8025984099282528
2,2036,3.0,0.19740159007174715,1.0
