,Nelem,TravelTimeHour,Freq,AccumFreq
0,5864,1.0,0.24523251923720307,0.24523251923720307
1,7278,2.0,0.3043660086985614,0.5495985279357645
2,6767,3.0,0.28299598527935765,0.8325945132151221
3,4003,4.0,0.16740548678487788,1.0
