,Nelem,TravelTimeHour,Freq,AccumFreq
0,3408,1.0,0.4966482075196736,0.4966482075196736
1,1422,2.0,0.20722821334887787,0.7038764208685515
2,1094,3.0,0.15942873797726612,0.8633051588458176
3,938,4.0,0.13669484115418246,1.0
