,Nelem,TravelTimeHour,Freq,AccumFreq
0,3944,1.0,0.559353283222238,0.559353283222238
1,1615,2.0,0.22904552545738194,0.7883988086796199
2,1492,3.0,0.21160119132038008,1.0
