,Nelem,TravelTimeHour,Freq,AccumFreq
0,6158,1.0,0.43941772513201083,0.43941772513201083
1,5033,2.0,0.35914085914085914,0.79855858427287
2,2823,3.0,0.20144141572713,1.0
