,Nelem,TravelTimeHour,Freq,AccumFreq
0,4723,1,0.5842404750123701,0.5842404750123701
1,3361,2,0.4157595249876299,1.0
