,Nelem,TravelTimeHour,Freq,AccumFreq
0,3844,1.0,0.31908358927533825,0.31908358927533825
1,3159,2.0,0.26222296007304724,0.5813065493483855
2,2479,3.0,0.205777371959824,0.7870839213082096
3,2565,4.0,0.2129160786917905,1.0
