,Nelem,TravelTimeHour,Freq,AccumFreq
0,3994,1.0,0.41993481232257385,0.41993481232257385
1,3053,2.0,0.3209967406161287,0.7409315529387026
2,2464,3.0,0.25906844706129745,1.0
