,Nelem,TravelTimeHour,Freq,AccumFreq
0,2197,1,0.5885346905973747,0.5885346905973747
1,1536,2,0.4114653094026252,1.0
