,Nelem,TravelTimeHour,Freq,AccumFreq
0,2133,1,0.5864723673357163,0.5864723673357163
1,1504,2,0.4135276326642838,1.0
