,Nelem,TravelTimeHour,Freq,AccumFreq
0,1617,1,0.46412169919632607,0.46412169919632607
1,1867,2,0.5358783008036739,1.0
