,Nelem,TravelTimeHour,Freq,AccumFreq
0,2253,1,0.47481559536354057,0.47481559536354057
1,2492,2,0.5251844046364594,1.0
