,Nelem,TravelTimeHour,Freq,AccumFreq
0,3810,1,0.5279933481152993,0.5279933481152993
1,3406,2,0.47200665188470065,1.0
