,Nelem,TravelTimeHour,Freq,AccumFreq
0,3749,1,0.7612182741116751,0.7612182741116751
1,1176,2,0.23878172588832489,1.0
