,Nelem,TravelTimeHour,Freq,AccumFreq
0,1939,1.0,0.3699675634420912,0.3699675634420912
1,1682,2.0,0.32093112001526425,0.6908986834573554
2,1620,3.0,0.30910131654264456,1.0
