,Nelem,TravelTimeHour,Freq,AccumFreq
0,2138,1,0.6383995222454464,0.6383995222454464
1,1211,2,0.3616004777545536,1.0
