,Nelem,TravelTimeHour,Freq,AccumFreq
0,7801,1.0,0.3554472137421971,0.3554472137421971
1,7384,2.0,0.3364468947919989,0.6918941085341961
2,6762,3.0,0.30810589146580397,1.0
