,Nelem,TravelTimeHour,Freq,AccumFreq
0,1694,1,0.518677281077771,0.518677281077771
1,1572,2,0.48132271892222905,1.0
