,Nelem,TravelTimeHour,Freq,AccumFreq
0,7051,1.0,0.14805871112697647,0.14805871112697647
1,8802,2.0,0.18482665938727086,0.3328853705142473
2,9202,3.0,0.19322596224513366,0.5261113327593809
3,11505,4.0,0.24158494844927872,0.7676962812086596
4,11063,5.0,0.23230371879134032,1.0
