,Nelem,TravelTimeHour,Freq,AccumFreq
0,2215,1,0.617335562987737,0.617335562987737
1,1373,2,0.3826644370122631,1.0
