,Nelem,TravelTimeHour,Freq,AccumFreq
0,6650,1,0.5717479150545954,0.5717479150545954
1,4981,2,0.4282520849454045,1.0
