,Nelem,TravelTimeHour,Freq,AccumFreq
0,7575,1,0.57135314527078,0.57135314527078
1,5683,2,0.4286468547292201,1.0
