,Nelem,TravelTimeHour,Freq,AccumFreq
0,3168,1.0,0.3356999046307089,0.3356999046307089
1,3322,2.0,0.3520186499947017,0.6877185546254106
2,2947,3.0,0.3122814453745894,1.0
