,Nelem,TravelTimeHour,Freq,AccumFreq
0,3160,1.0,0.4176579434311393,0.4176579434311393
1,2619,2.0,0.34615384615384615,0.7638117895849854
2,1787,3.0,0.23618821041501453,1.0
