,Nelem,TravelTimeHour,Freq,AccumFreq
0,6893,1.0,0.47871379956941457,0.47871379956941457
1,4874,2.0,0.3384957288700604,0.8172095284394749
2,2632,3.0,0.18279047156052503,1.0
