,Nelem,TravelTimeHour,Freq,AccumFreq
0,6094,1,0.65774419859687,0.65774419859687
1,3171,2,0.34225580140313006,1.0
