,Nelem,TravelTimeHour,Freq,AccumFreq
0,5751,1,0.5730941704035875,0.5730941704035875
1,4284,2,0.42690582959641254,1.0
