,Nelem,TravelTimeHour,Freq,AccumFreq
0,2518,1.0,0.5078660750302542,0.5078660750302542
1,1561,2.0,0.31484469544171034,0.8227107704719645
2,879,3.0,0.1772892295280355,1.0
