,Nelem,TravelTimeHour,Freq,AccumFreq
0,7150,1,0.7647876778265055,0.7647876778265055
1,2199,2,0.2352123221734945,1.0
