,Nelem,TravelTimeHour,Freq,AccumFreq
0,6258,1,0.6594309799789252,0.6594309799789252
1,3232,2,0.3405690200210748,1.0
