,Nelem,TravelTimeHour,Freq,AccumFreq
0,2019,1.0,0.43710759904741286,0.43710759904741286
1,1769,2.0,0.3829833297250487,0.8200909287724616
2,831,3.0,0.17990907122753844,1.0
