,Nelem,TravelTimeHour,Freq,AccumFreq
0,2473,1,0.6467050209205021,0.6467050209205021
1,1351,2,0.3532949790794979,1.0
