,Nelem,TravelTimeHour,Freq,AccumFreq
0,2260,1,0.5595444416934885,0.5595444416934885
1,1779,2,0.4404555583065115,1.0
