,Nelem,TravelTimeHour,Freq,AccumFreq
0,6378,1,0.7042066909572706,0.7042066909572706
1,2679,2,0.2957933090427294,1.0
