,Nelem,TravelTimeHour,Freq,AccumFreq
0,6133,1,0.5643691911291064,0.5643691911291064
1,4734,2,0.4356308088708935,1.0
