,Nelem,TravelTimeHour,Freq,AccumFreq
0,1913,1.0,0.48838396732193007,0.48838396732193007
1,698,2.0,0.17819760020423794,0.666581567526168
2,106,3.0,0.027061526678580545,0.6936430942047486
3,35,4.0,0.008935409752361501,0.7025785039571101
4,8,5.0,0.0020423793719683433,0.7046208833290785
5,10,6.0,0.0025529742149604288,0.7071738575440389
6,21,7.0,0.005361245851416901,0.7125351033954559
7,512,8.0,0.13071227980597397,0.8432473832014299
8,614,9.0,0.15675261679857033,1.0000000000000002
