,Nelem,TravelTimeHour,Freq,AccumFreq
0,3388,1,0.5000738007380073,0.5000738007380073
1,3387,2,0.4999261992619926,1.0
