,Nelem,TravelTimeHour,Freq,AccumFreq
0,4829,1,0.8383680555555556,0.8383680555555556
1,931,2,0.16163194444444445,1.0
