,Nelem,TravelTimeHour,Freq,AccumFreq
0,2617,1,0.6318203766296475,0.6318203766296475
1,1525,2,0.3681796233703525,1.0
