,Nelem,TravelTimeHour,Freq,AccumFreq
0,3097,1.0,0.43712067748765,0.43712067748765
1,2514,2.0,0.3548341566690191,0.7919548341566691
2,1474,3.0,0.208045165843331,1.0
