,Nelem,TravelTimeHour,Freq,AccumFreq
0,2302,1,0.5882954255047278,0.5882954255047278
1,1611,2,0.41170457449527215,1.0
