,Nelem,TravelTimeHour,Freq,AccumFreq
0,3175,1.0,0.399120050282841,0.399120050282841
1,2895,2.0,0.3639220615964802,0.7630421118793211
2,1885,3.0,0.2369578881206788,1.0
