,Nelem,TravelTimeHour,Freq,AccumFreq
0,2880,1.0,0.3683335464893209,0.3683335464893209
1,2625,2.0,0.3357206803939123,0.7040542268832332
2,2314,3.0,0.29594577311676684,1.0
