,Nelem,TravelTimeHour,Freq,AccumFreq
0,3041,1,0.5524069028156222,0.5524069028156222
1,2464,2,0.44759309718437784,1.0
