,Nelem,TravelTimeHour,Freq,AccumFreq
0,3694,1.0,0.42304168575355017,0.42304168575355017
1,2859,2.0,0.32741639945029777,0.7504580852038479
2,2179,3.0,0.2495419147961521,1.0
