,Nelem,TravelTimeHour,Freq,AccumFreq
0,5150,1,0.49372064039881125,0.49372064039881125
1,5281,2,0.5062793596011887,1.0
