,Nelem,TravelTimeHour,Freq,AccumFreq
0,2362,1,0.5182097411145239,0.5182097411145239
1,2196,2,0.4817902588854761,1.0
