,Nelem,TravelTimeHour,Freq,AccumFreq
0,2977,1.0,0.5554104477611941,0.5554104477611941
1,1390,2.0,0.2593283582089552,0.8147388059701492
2,993,3.0,0.18526119402985075,1.0
