,Nelem,TravelTimeHour,Freq,AccumFreq
0,5093,1.0,0.5120136724640595,0.5120136724640595
1,3125,2.0,0.31416507489695383,0.8261787473610134
2,1729,3.0,0.17382125263898662,1.0
