,Nelem,TravelTimeHour,Freq,AccumFreq
0,3699,1,0.5911778807735336,0.5911778807735336
1,2558,2,0.4088221192264664,1.0
