,Nelem,TravelTimeHour,Freq,AccumFreq
0,9003,1.0,0.43302390457409456,0.43302390457409456
1,6208,2.0,0.29859073637631667,0.7316146409504112
2,5580,3.0,0.26838535904958877,1.0
