,Nelem,TravelTimeHour,Freq,AccumFreq
0,1296,1.0,0.29663538567177844,0.29663538567177844
1,1365,2.0,0.31242847333485924,0.6090638590066377
2,1708,3.0,0.3909361409933623,1.0
