,Nelem,TravelTimeHour,Freq,AccumFreq
0,2087,1,0.4867070895522388,0.4867070895522388
1,2201,2,0.5132929104477612,1.0
