,Nelem,TravelTimeHour,Freq,AccumFreq
0,3370,1.0,0.41671818968715224,0.41671818968715224
1,2778,2.0,0.3435142821812786,0.7602324718684308
2,1939,3.0,0.23976752813156918,1.0
