,Nelem,TravelTimeHour,Freq,AccumFreq
0,4239,1.0,0.42041059208568876,0.42041059208568876
1,3837,2.0,0.3805415055043142,0.800952097590003
2,2007,3.0,0.19904790240999704,1.0
