,Nelem,TravelTimeHour,Freq,AccumFreq
0,3931,1,0.6500744170663139,0.6500744170663139
1,2116,2,0.34992558293368614,1.0
