,Nelem,TravelTimeHour,Freq,AccumFreq
0,1830,1,0.5325960419091967,0.5325960419091967
1,1606,2,0.46740395809080326,1.0
