,Nelem,TravelTimeHour,Freq,AccumFreq
0,4345,1.0,0.3748274672187716,0.3748274672187716
1,4559,2.0,0.39328847481021395,0.7681159420289856
2,2688,3.0,0.2318840579710145,1.0
