,Nelem,TravelTimeHour,Freq,AccumFreq
0,4496,1.0,0.3450763681019265,0.3450763681019265
1,2151,2.0,0.16509325351139764,0.5101696216133241
2,2199,3.0,0.16877734285056412,0.6789469644638882
3,1911,4.0,0.14667280681556527,0.8256197712794535
4,2272,5.0,0.17438022872054648,1.0
