,Nelem,TravelTimeHour,Freq,AccumFreq
0,1912,1.0,0.32177717940087514,0.32177717940087514
1,2152,2.0,0.3621676203298553,0.6839447997307304
2,1878,3.0,0.3160552002692696,1.0
