,Nelem,TravelTimeHour,Freq,AccumFreq
0,2783,1,0.6259559154295996,0.6259559154295996
1,1663,2,0.37404408457040034,1.0
