,Nelem,TravelTimeHour,Freq,AccumFreq
0,4807,1.0,0.5171597633136095,0.5171597633136095
1,2621,2.0,0.2819795589026358,0.7991393222162453
2,1867,3.0,0.20086067778375472,1.0
