,Nelem,TravelTimeHour,Freq,AccumFreq
0,2005,1.0,0.3174980205859066,0.3174980205859066
1,2272,2.0,0.359778305621536,0.6772763262074426
2,2038,3.0,0.3227236737925574,1.0
