,Nelem,TravelTimeHour,Freq,AccumFreq
0,5304,1.0,0.48266448266448264,0.48266448266448264
1,3808,2.0,0.3465283465283465,0.8291928291928292
2,1877,3.0,0.1708071708071708,1.0
