,Nelem,TravelTimeHour,Freq,AccumFreq
0,1786,1,0.4632944228274968,0.4632944228274968
1,2069,2,0.5367055771725032,1.0
