,Nelem,TravelTimeHour,Freq,AccumFreq
0,4277,1.0,0.26352433764633393,0.26352433764633393
1,5155,2.0,0.31762168823166975,0.5811460258780037
2,4129,3.0,0.25440542205791744,0.8355514479359212
3,2669,4.0,0.16444855206407888,1.0
