,Nelem,TravelTimeHour,Freq,AccumFreq
0,3182,1,0.5154705977644581,0.5154705977644581
1,2991,2,0.48452940223554186,1.0
