,Nelem,TravelTimeHour,Freq,AccumFreq
0,1941,1,0.5192616372391653,0.5192616372391653
1,1797,2,0.48073836276083465,1.0
