,Nelem,TravelTimeHour,Freq,AccumFreq
0,6660,1,0.5331412103746398,0.5331412103746398
1,5832,2,0.4668587896253602,1.0
