,Nelem,TravelTimeHour,Freq,AccumFreq
0,2549,1.0,0.3970404984423676,0.3970404984423676
1,2370,2.0,0.3691588785046729,0.7661993769470405
2,1501,3.0,0.2338006230529595,1.0
