,Nelem,TravelTimeHour,Freq,AccumFreq
0,4035,1,0.5522857924993156,0.5522857924993156
1,3271,2,0.44771420750068436,1.0
