,Nelem,TravelTimeHour,Freq,AccumFreq
0,2344,1,0.6030357602263957,0.6030357602263957
1,1543,2,0.39696423977360434,1.0
