,Nelem,TravelTimeHour,Freq,AccumFreq
0,933,1.0,0.2458498023715415,0.2458498023715415
1,1266,2.0,0.33359683794466405,0.5794466403162055
2,1596,3.0,0.4205533596837945,1.0
