,Nelem,TravelTimeHour,Freq,AccumFreq
0,3545,1.0,0.42705698108661605,0.42705698108661605
1,2765,2.0,0.3330923985062041,0.7601493795928201
2,1991,3.0,0.23985062040717986,1.0
