,Nelem,TravelTimeHour,Freq,AccumFreq
0,3656,1,0.5315498691480082,0.5315498691480082
1,3222,2,0.46845013085199183,1.0
