,Nelem,TravelTimeHour,Freq,AccumFreq
0,5131,1.0,0.43241193325467725,0.43241193325467725
1,4226,2.0,0.35614360357323444,0.7885555368279117
2,2509,3.0,0.21144446317208831,1.0
