,Nelem,TravelTimeHour,Freq,AccumFreq
0,1940,1.0,0.3072050673000792,0.3072050673000792
1,1498,2.0,0.23721298495645288,0.5444180522565321
2,1189,3.0,0.1882818685669042,0.7326999208234363
3,824,4.0,0.13048297703879652,0.8631828978622328
4,864,5.0,0.1368171021377672,1.0
