,Nelem,TravelTimeHour,Freq,AccumFreq
0,4671,1.0,0.1078528712276894,0.1078528712276894
1,6483,2.0,0.1496917499826826,0.25754462121037197
2,7666,3.0,0.17700708859590386,0.43455170980627583
3,7374,4.0,0.17026484102611467,0.6048165508323905
4,6513,5.0,0.1503844466508116,0.7552009974832021
5,5666,6.0,0.13082731072063544,0.8860283082038376
6,4936,7.0,0.11397169179616246,1.0
