,Nelem,TravelTimeHour,Freq,AccumFreq
0,5193,1,0.5681619256017505,0.5681619256017505
1,3947,2,0.43183807439824945,1.0
