,Nelem,TravelTimeHour,Freq,AccumFreq
0,5125,1.0,0.47001100513573,0.47001100513573
1,3438,2.0,0.3152971386647102,0.7853081438004402
2,2341,3.0,0.2146918561995598,1.0
