,Nelem,TravelTimeHour,Freq,AccumFreq
0,5059,1,0.5993365714962682,0.5993365714962682
1,3382,2,0.40066342850373177,1.0
