,Nelem,TravelTimeHour,Freq,AccumFreq
0,3068,1.0,0.4681825118266443,0.4681825118266443
1,1825,2.0,0.2784983976804517,0.746680909507096
2,1660,3.0,0.253319090492904,1.0
