,Nelem,TravelTimeHour,Freq,AccumFreq
0,6098,1,0.6315898498187468,0.6315898498187468
1,3557,2,0.3684101501812532,1.0
