,Nelem,TravelTimeHour,Freq,AccumFreq
0,1971,1,0.5155636934344755,0.5155636934344755
1,1852,2,0.48443630656552444,1.0
