,Nelem,TravelTimeHour,Freq,AccumFreq
0,5443,1.0,0.40683160176395844,0.40683160176395844
1,5050,2.0,0.377457209058973,0.7842888108229314
2,2886,3.0,0.21571118917706855,1.0
