,Nelem,TravelTimeHour,Freq,AccumFreq
0,1638,1.0,0.35294117647058826,0.35294117647058826
1,1331,2.0,0.2867916397328162,0.6397328162034044
2,1672,3.0,0.36026718379659556,1.0
