,Nelem,TravelTimeHour,Freq,AccumFreq
0,3701,1.0,0.4061676909569798,0.4061676909569798
1,2781,2.0,0.3052019315188762,0.711369622475856
2,2630,3.0,0.288630377524144,1.0
