,Nelem,TravelTimeHour,Freq,AccumFreq
0,2846,1.0,0.48984509466437176,0.48984509466437176
1,1808,2.0,0.3111876075731497,0.8010327022375214
2,1156,3.0,0.19896729776247848,0.9999999999999999
