,Nelem,TravelTimeHour,Freq,AccumFreq
0,775,1.0,0.167821567778259,0.167821567778259
1,1302,2.0,0.2819402338674751,0.4497618016457341
2,1301,3.0,0.28172368990905156,0.7314854915547857
3,1240,4.0,0.2685145084452144,1.0
