,Nelem,TravelTimeHour,Freq,AccumFreq
0,3004,1,0.559612518628912,0.559612518628912
1,2364,2,0.4403874813710879,1.0
