,Nelem,TravelTimeHour,Freq,AccumFreq
0,3654,1,0.5918367346938775,0.5918367346938775
1,2520,2,0.40816326530612246,1.0
