,Nelem,TravelTimeHour,Freq,AccumFreq
0,3624,1.0,0.31559696943307497,0.31559696943307497
1,3539,2.0,0.30819472263345815,0.6237916920665332
2,2696,3.0,0.23478185143255248,0.8585735434990857
3,1624,4.0,0.1414264565009144,1.0
