,Nelem,TravelTimeHour,Freq,AccumFreq
0,1675,1.0,0.43147861926841835,0.43147861926841835
1,1202,2.0,0.30963420917053064,0.741112828438949
2,1005,3.0,0.258887171561051,1.0
