,Nelem,TravelTimeHour,Freq,AccumFreq
0,1781,1.0,0.26334466952535857,0.26334466952535857
1,1787,2.0,0.26423184977081177,0.5275765192961703
2,1397,3.0,0.2065651338163537,0.734141653112524
3,1798,4.0,0.26585834688747595,1.0
