,Nelem,TravelTimeHour,Freq,AccumFreq
0,4121,1.0,0.5286722257857601,0.5286722257857601
1,2355,2.0,0.3021167415009622,0.8307889672867224
2,1319,3.0,0.16921103271327775,1.0
