,Nelem,TravelTimeHour,Freq,AccumFreq
0,6125,1.0,0.4175187457396046,0.4175187457396046
1,5193,2.0,0.3539877300613497,0.7715064758009543
2,3352,3.0,0.22849352419904567,1.0
