,Nelem,TravelTimeHour,Freq,AccumFreq
0,4181,1,0.5388581002706534,0.5388581002706534
1,3578,2,0.46114189972934655,1.0
