,Nelem,TravelTimeHour,Freq,AccumFreq
0,21917,1.0,0.26224349386778345,0.26224349386778345
1,19712,2.0,0.2358600059826503,0.4981034998504338
2,16186,3.0,0.1936703559676937,0.6917738558181274
3,14278,4.0,0.17084056236912953,0.862614418187257
4,11482,5.0,0.13738558181274305,1.0
