,Nelem,TravelTimeHour,Freq,AccumFreq
0,3234,1.0,0.4239087691702713,0.4239087691702713
1,2302,2.0,0.30174334775199896,0.7256521169222703
2,2093,3.0,0.2743478830777297,1.0
