,Nelem,TravelTimeHour,Freq,AccumFreq
0,1717,1.0,0.2713337547408344,0.2713337547408344
1,2446,2.0,0.3865360303413401,0.6578697850821744
2,2165,3.0,0.3421302149178255,1.0
