,Nelem,TravelTimeHour,Freq,AccumFreq
0,4641,1.0,0.41063528579012565,0.41063528579012565
1,3668,2.0,0.3245443284374447,0.7351796142275704
2,2079,3.0,0.18394974340824632,0.9191293576358167
3,914,4.0,0.08087064236418333,1.0
