,Nelem,TravelTimeHour,Freq,AccumFreq
0,2320,1.0,0.2749466698269732,0.2749466698269732
1,2960,2.0,0.350794027020621,0.6257406968475943
2,3158,3.0,0.3742593031524058,1.0
