,Nelem,TravelTimeHour,Freq,AccumFreq
0,1774,1,0.5512740832815414,0.5512740832815414
1,1444,2,0.4487259167184587,1.0
