,Nelem,TravelTimeHour,Freq,AccumFreq
0,3501,1,0.550298648223829,0.550298648223829
1,2861,2,0.449701351776171,1.0
