,Nelem,TravelTimeHour,Freq,AccumFreq
0,5482,1.0,0.36747553291325913,0.36747553291325913
1,4758,2.0,0.31894355811771014,0.6864190910309693
2,4678,3.0,0.3135809089690307,1.0
