,Nelem,TravelTimeHour,Freq,AccumFreq
0,2803,1,0.5924751638131474,0.5924751638131474
1,1928,2,0.4075248361868527,1.0
