,Nelem,TravelTimeHour,Freq,AccumFreq
0,6000,1,0.6898137502874224,0.6898137502874224
1,2698,2,0.3101862497125776,1.0
