,Nelem,TravelTimeHour,Freq,AccumFreq
0,2486,1.0,0.3288359788359788,0.3288359788359788
1,1689,2.0,0.22341269841269842,0.5522486772486772
2,1458,3.0,0.19285714285714287,0.74510582010582
3,1927,4.0,0.2548941798941799,1.0
