,Nelem,TravelTimeHour,Freq,AccumFreq
0,1606,1.0,0.14004185559818627,0.14004185559818627
1,995,2.0,0.08676316707359609,0.22680502267178237
2,1080,3.0,0.09417509591907917,0.32098011859086156
3,1212,4.0,0.10568538542029997,0.42666550401116154
4,828,5.0,0.07220090687129403,0.4988664108824556
5,1240,6.0,0.10812696198116498,0.6069933728636205
6,2287,7.0,0.19942448552493897,0.8064178583885595
7,2220,8.0,0.19358214161144052,1.0
