,Nelem,TravelTimeHour,Freq,AccumFreq
0,1903,1,0.5895291201982652,0.5895291201982652
1,1325,2,0.4104708798017348,1.0
