,Nelem,TravelTimeHour,Freq,AccumFreq
0,1596,1.0,0.21394101876675603,0.21394101876675603
1,1230,2.0,0.1648793565683646,0.37882037533512064
2,1364,3.0,0.18284182305630026,0.561662198391421
3,1370,4.0,0.1836461126005362,0.7453083109919572
4,1900,5.0,0.2546916890080429,1.0
