,Nelem,TravelTimeHour,Freq,AccumFreq
0,1704,1.0,0.37148463047743624,0.37148463047743624
1,1942,2.0,0.4233703945934162,0.7948550250708524
2,941,3.0,0.2051449749291476,1.0
