,Nelem,TravelTimeHour,Freq,AccumFreq
0,2550,1,0.6087371687753641,0.6087371687753641
1,1639,2,0.39126283122463595,1.0
