,Nelem,TravelTimeHour,Freq,AccumFreq
0,9677,1,0.5197099892588615,0.5197099892588615
1,8943,2,0.4802900107411386,1.0
