,Nelem,TravelTimeHour,Freq,AccumFreq
0,2312,1.0,0.2896517163618141,0.2896517163618141
1,3088,2.0,0.3868704585316963,0.6765221748935104
2,2582,3.0,0.3234778251064896,1.0
