,Nelem,TravelTimeHour,Freq,AccumFreq
0,3088,1.0,0.36744407425035697,0.36744407425035697
1,2390,2.0,0.2843883864826273,0.6518324607329843
2,2926,3.0,0.3481675392670157,1.0
