,Nelem,TravelTimeHour,Freq,AccumFreq
0,3969,1.0,0.48331709693132,0.48331709693132
1,2095,2.0,0.25511446663419385,0.7384315635655139
2,1214,3.0,0.14783244033122261,0.8862640038967364
3,934,4.0,0.11373599610326351,1.0
