,Nelem,TravelTimeHour,Freq,AccumFreq
0,5357,1.0,0.5215655729724467,0.5215655729724467
1,3054,2.0,0.297342030960958,0.8189076039334047
2,1860,3.0,0.18109239606659527,1.0
