,Nelem,TravelTimeHour,Freq,AccumFreq
0,6596,1.0,0.3712709670156479,0.3712709670156479
1,6807,2.0,0.38314758527524484,0.7544185522908927
2,4363,3.0,0.24558144770910728,1.0
