,Nelem,TravelTimeHour,Freq,AccumFreq
0,3375,1,0.4849137931034483,0.4849137931034483
1,3585,2,0.5150862068965517,1.0
