,Nelem,TravelTimeHour,Freq,AccumFreq
0,5179,1,0.5810613710310782,0.5810613710310782
1,3734,2,0.4189386289689218,1.0
