,Nelem,TravelTimeHour,Freq,AccumFreq
0,5356,1.0,0.3311897106109325,0.3311897106109325
1,4546,2.0,0.2811031412317586,0.6122928518426911
2,3695,3.0,0.2284813257482068,0.8407741775908979
3,2575,4.0,0.15922582240910216,1.0
