,Nelem,TravelTimeHour,Freq,AccumFreq
0,1450,1.0,0.43543543543543545,0.43543543543543545
1,1061,2.0,0.3186186186186186,0.7540540540540541
2,819,3.0,0.24594594594594596,1.0
