,Nelem,TravelTimeHour,Freq,AccumFreq
0,1566,1.0,0.4257748776508972,0.4257748776508972
1,1305,2.0,0.3548123980424144,0.7805872756933117
2,807,3.0,0.21941272430668843,1.0
