,Nelem,TravelTimeHour,Freq,AccumFreq
0,7993,1.0,0.3520525017618041,0.3520525017618041
1,7238,2.0,0.3187984496124031,0.6708509513742071
2,7473,3.0,0.3291490486257928,1.0
