,Nelem,TravelTimeHour,Freq,AccumFreq
0,8116,1,0.6095381149079985,0.6095381149079985
1,5199,2,0.3904618850920015,1.0
