,Nelem,TravelTimeHour,Freq,AccumFreq
0,5162,1.0,0.31664826401668505,0.31664826401668505
1,5135,2.0,0.3149920255183413,0.6316402895350264
2,3895,3.0,0.23892773892773891,0.8705680284627653
3,2110,4.0,0.1294319715372347,1.0
