,Nelem,TravelTimeHour,Freq,AccumFreq
0,2115,1.0,0.41972613613812265,0.41972613613812265
1,1921,2.0,0.3812264338162334,0.800952569954356
2,1003,3.0,0.19904743004564399,1.0
