,Nelem,TravelTimeHour,Freq,AccumFreq
0,5585,1,0.5766649457924625,0.5766649457924625
1,4100,2,0.4233350542075374,1.0
