,Nelem,TravelTimeHour,Freq,AccumFreq
0,3796,1.0,0.4243711570709894,0.4243711570709894
1,2697,2.0,0.30150922302962546,0.7258803801006148
2,1650,3.0,0.184460592509782,0.9103409726103968
3,802,4.0,0.08965902738960313,1.0
