,Nelem,TravelTimeHour,Freq,AccumFreq
0,3101,1,0.4798823893531414,0.4798823893531414
1,3361,2,0.5201176106468586,1.0
