,Nelem,TravelTimeHour,Freq,AccumFreq
0,3508,1.0,0.38351372034546843,0.38351372034546843
1,2971,2.0,0.32480594730512735,0.7083196676505958
2,2668,3.0,0.29168033234940416,1.0
