,Nelem,TravelTimeHour,Freq,AccumFreq
0,2768,1,0.6086191732629728,0.6086191732629728
1,1780,2,0.3913808267370273,1.0
