,Nelem,TravelTimeHour,Freq,AccumFreq
0,3187,1.0,0.37340363210310484,0.37340363210310484
1,3262,2.0,0.38219097832454596,0.7555946104276507
2,2086,3.0,0.24440538957234914,0.9999999999999999
