,Nelem,TravelTimeHour,Freq,AccumFreq
0,4298,1,0.5597811930190154,0.5597811930190154
1,3380,2,0.44021880698098464,1.0
