,Nelem,TravelTimeHour,Freq,AccumFreq
0,2011,1,0.5864683581219015,0.5864683581219015
1,1418,2,0.41353164187809854,1.0
