,Nelem,TravelTimeHour,Freq,AccumFreq
0,1356,1.0,0.1504994450610433,0.1504994450610433
1,1328,2.0,0.14739178690344062,0.2978912319644839
2,1523,3.0,0.16903440621531632,0.46692563817980026
3,1401,4.0,0.15549389567147615,0.6224195338512764
4,1700,5.0,0.18867924528301888,0.8110987791342952
5,1702,6.0,0.18890122086570477,1.0
