,Nelem,TravelTimeHour,Freq,AccumFreq
0,4446,1,0.6422999133198497,0.6422999133198497
1,2476,2,0.35770008668015024,1.0
