,Nelem,TravelTimeHour,Freq,AccumFreq
0,4086,1,0.5543345543345544,0.5543345543345544
1,3285,2,0.4456654456654457,1.0
