,Nelem,TravelTimeHour,Freq,AccumFreq
0,9968,1.0,0.20407829006633363,0.20407829006633363
1,9044,2.0,0.18516092048153304,0.3892392105478667
2,7643,3.0,0.15647776594873475,0.5457169764966014
3,6128,4.0,0.12546065023339611,0.6711776267299976
4,5828,5.0,0.11931864712144788,0.7904962738514455
5,5333,6.0,0.10918434198673327,0.8996806158381787
6,4900,7.0,0.1003193841618213,1.0
