,Nelem,TravelTimeHour,Freq,AccumFreq
0,2151,1.0,0.23246514643899277,0.23246514643899277
1,2758,2.0,0.2980654922727764,0.5305306387117692
2,2358,3.0,0.254836269318059,0.7853669080298282
3,1986,4.0,0.21463309197017183,1.0
