,Nelem,TravelTimeHour,Freq,AccumFreq
0,8998,1,0.5154084087524344,0.5154084087524344
1,8460,2,0.48459159124756557,1.0
