,Nelem,TravelTimeHour,Freq,AccumFreq
0,2486,1.0,0.4017453135100194,0.4017453135100194
1,1854,2.0,0.299612152553329,0.7013574660633484
2,1848,3.0,0.2986425339366516,1.0
