,Nelem,TravelTimeHour,Freq,AccumFreq
0,5681,1.0,0.3519826517967782,0.3519826517967782
1,5463,2.0,0.33847583643122675,0.6904584882280049
2,3263,3.0,0.20216852540272615,0.892627013630731
3,1733,4.0,0.1073729863692689,1.0
