,Nelem,TravelTimeHour,Freq,AccumFreq
0,3626,1,0.5865415723066969,0.5865415723066969
1,2556,2,0.41345842769330315,1.0
