,Nelem,TravelTimeHour,Freq,AccumFreq
0,4583,1.0,0.45848339335734295,0.45848339335734295
1,3513,2.0,0.3514405762304922,0.8099239695878351
2,1900,3.0,0.19007603041216486,1.0
