,Nelem,TravelTimeHour,Freq,AccumFreq
0,7097,1,0.6442447349310094,0.6442447349310094
1,3919,2,0.3557552650689906,1.0
