,Nelem,TravelTimeHour,Freq,AccumFreq
0,1354,1.0,0.38216200959638724,0.38216200959638724
1,1386,2.0,0.3911939034716342,0.7733559130680214
2,803,3.0,0.22664408693197854,1.0
