,Nelem,TravelTimeHour,Freq,AccumFreq
0,4985,1,0.5674445076835515,0.5674445076835515
1,3800,2,0.43255549231644846,1.0
