,Nelem,TravelTimeHour,Freq,AccumFreq
0,6970,1,0.5697237207781592,0.5697237207781592
1,5264,2,0.43027627922184075,1.0
