,Nelem,TravelTimeHour,Freq,AccumFreq
0,6885,1,0.6025730789427621,0.6025730789427621
1,4541,2,0.39742692105723787,1.0
