,Nelem,TravelTimeHour,Freq,AccumFreq
0,4048,1.0,0.47843044557380926,0.47843044557380926
1,2970,2.0,0.35102233778513175,0.829452783358941
2,1443,3.0,0.17054721664105899,1.0
