,Nelem,TravelTimeHour,Freq,AccumFreq
0,4063,1,0.5631323631323631,0.5631323631323631
1,3152,2,0.43686763686763685,1.0
