,Nelem,TravelTimeHour,Freq,AccumFreq
0,3487,1.0,0.42012048192771084,0.42012048192771084
1,2694,2.0,0.32457831325301206,0.7446987951807229
2,2119,3.0,0.2553012048192771,1.0
