,Nelem,TravelTimeHour,Freq,AccumFreq
0,2452,1,0.5503928170594837,0.5503928170594837
1,2003,2,0.44960718294051627,1.0
