,Nelem,TravelTimeHour,Freq,AccumFreq
0,7217,1.0,0.31341468710644027,0.31341468710644027
1,4758,2.0,0.20662700308333695,0.5200416901897772
2,2906,3.0,0.12619967863812045,0.6462413688278976
3,2534,4.0,0.11004473009944847,0.7562860989273461
4,2635,5.0,0.11443088548225995,0.8707169844096061
5,2977,6.0,0.12928301559039387,1.0
