,Nelem,TravelTimeHour,Freq,AccumFreq
0,8828,1.0,0.33983908842437544,0.33983908842437544
1,7638,2.0,0.2940293336412981,0.6338684220656735
2,5686,3.0,0.21888593756014937,0.8527543596258229
3,3825,4.0,0.14724564037417714,1.0
