,Nelem,TravelTimeHour,Freq,AccumFreq
0,3497,1,0.7022088353413655,0.7022088353413655
1,1483,2,0.29779116465863453,1.0
