,Nelem,TravelTimeHour,Freq,AccumFreq
0,4240,1.0,0.366845474995674,0.366845474995674
1,4442,2.0,0.38432254715348674,0.7511680221491608
2,2876,3.0,0.24883197785083924,1.0
