,Nelem,TravelTimeHour,Freq,AccumFreq
0,2975,1,0.5470761309304891,0.5470761309304891
1,2463,2,0.4529238690695109,1.0
