,Nelem,TravelTimeHour,Freq,AccumFreq
0,6977,1,0.6400917431192661,0.6400917431192661
1,3923,2,0.35990825688073397,1.0
