,Nelem,TravelTimeHour,Freq,AccumFreq
0,1019,1.0,0.2807936070542849,0.2807936070542849
1,903,2.0,0.24882887847891982,0.5296224855332048
2,800,3.0,0.22044640396803528,0.7500688895012401
3,907,4.0,0.24993111049876,1.0
