,Nelem,TravelTimeHour,Freq,AccumFreq
0,1877,1.0,0.26605244507441533,0.26605244507441533
1,1283,2.0,0.18185683912119063,0.44790928419560594
2,1665,3.0,0.23600283486888732,0.6839121190644932
3,1447,4.0,0.20510276399716512,0.8890148830616583
4,783,5.0,0.11098511693834161,0.9999999999999999
