,Nelem,TravelTimeHour,Freq,AccumFreq
0,4025,1.0,0.4659643435980551,0.4659643435980551
1,2962,2.0,0.3429034498726557,0.8088677934707108
2,1651,3.0,0.1911322065292892,1.0
