,Nelem,TravelTimeHour,Freq,AccumFreq
0,3629,1,0.5626356589147287,0.5626356589147287
1,2821,2,0.43736434108527134,1.0
