,Nelem,TravelTimeHour,Freq,AccumFreq
0,3337,1,0.6699457940172656,0.6699457940172656
1,1644,2,0.3300542059827344,1.0
