,Nelem,TravelTimeHour,Freq,AccumFreq
0,4673,1,0.5852222917971196,0.5852222917971196
1,3312,2,0.4147777082028804,1.0
