,Nelem,TravelTimeHour,Freq,AccumFreq
0,2690,1.0,0.3502604166666667,0.3502604166666667
1,2905,2.0,0.3782552083333333,0.728515625
2,2085,3.0,0.271484375,1.0
