,Nelem,TravelTimeHour,Freq,AccumFreq
0,9482,1.0,0.2663483146067416,0.2663483146067416
1,7971,2.0,0.22390449438202248,0.49025280898876405
2,7527,3.0,0.2114325842696629,0.7016853932584269
3,5391,4.0,0.1514325842696629,0.8531179775280898
4,5229,5.0,0.14688202247191012,1.0
