,Nelem,TravelTimeHour,Freq,AccumFreq
0,3357,1,0.5537776311448367,0.5537776311448367
1,2705,2,0.4462223688551633,1.0
