,Nelem,TravelTimeHour,Freq,AccumFreq
0,6065,1,0.635344646972554,0.635344646972554
1,3481,2,0.36465535302744606,1.0
