,Nelem,TravelTimeHour,Freq,AccumFreq
0,4799,1,0.4874060532195816,0.4874060532195816
1,5047,2,0.5125939467804185,1.0
