,Nelem,TravelTimeHour,Freq,AccumFreq
0,3609,1.0,0.40369127516778525,0.40369127516778525
1,3289,2.0,0.3678970917225951,0.7715883668903804
2,2042,3.0,0.22841163310961968,1.0
