,Nelem,TravelTimeHour,Freq,AccumFreq
0,2497,1.0,0.4637815750371471,0.4637815750371471
1,1573,2.0,0.2921619613670134,0.7559435364041605
2,1314,3.0,0.24405646359583952,1.0
