,Nelem,TravelTimeHour,Freq,AccumFreq
0,4701,1,0.5345082433200682,0.5345082433200682
1,4094,2,0.46549175667993176,1.0
