,Nelem,TravelTimeHour,Freq,AccumFreq
0,3413,1,0.5249961544377788,0.5249961544377788
1,3088,2,0.4750038455622212,1.0
