,Nelem,TravelTimeHour,Freq,AccumFreq
0,2420,1.0,0.35463071512309496,0.35463071512309496
1,1483,2.0,0.21732121922626027,0.5719519343493552
2,1227,3.0,0.1798065650644783,0.7517584994138335
3,1694,4.0,0.24824150058616648,1.0
