,Nelem,TravelTimeHour,Freq,AccumFreq
0,2953,1.0,0.5039249146757679,0.5039249146757679
1,1743,2.0,0.29744027303754267,0.8013651877133106
2,1164,3.0,0.19863481228668942,1.0
