,Nelem,TravelTimeHour,Freq,AccumFreq
0,3587,1,0.6199446940891807,0.6199446940891807
1,2199,2,0.3800553059108192,1.0
