,Nelem,TravelTimeHour,Freq,AccumFreq
0,3051,1,0.518348623853211,0.518348623853211
1,2835,2,0.481651376146789,1.0
