,Nelem,TravelTimeHour,Freq,AccumFreq
0,2646,1.0,0.39107301211942064,0.39107301211942064
1,2506,2.0,0.3703813183564883,0.7614543304759089
2,1614,3.0,0.23854566952409104,1.0
