,Nelem,TravelTimeHour,Freq,AccumFreq
0,5229,1.0,0.35101027052426664,0.35101027052426664
1,5427,2.0,0.3643015372222595,0.7153118077465261
2,4241,3.0,0.28468819225347386,1.0
