,Nelem,TravelTimeHour,Freq,AccumFreq
0,3454,1.0,0.24669666452396258,0.24669666452396258
1,3347,2.0,0.23905435326048138,0.48575101778444396
2,3713,3.0,0.26519534318977217,0.7509463609742162
3,1654,4.0,0.11813441897007357,0.8690807799442898
4,1833,5.0,0.1309192200557103,1.0
