,Nelem,TravelTimeHour,Freq,AccumFreq
0,5723,1,0.5728155339805825,0.5728155339805825
1,4268,2,0.42718446601941745,1.0
