,Nelem,TravelTimeHour,Freq,AccumFreq
0,5549,1.0,0.4257326990946755,0.4257326990946755
1,4142,2.0,0.3177842565597668,0.7435169556544423
2,3343,3.0,0.2564830443455578,1.0
