,Nelem,TravelTimeHour,Freq,AccumFreq
0,2436,1,0.6776077885952713,0.6776077885952713
1,1159,2,0.3223922114047288,1.0
