,Nelem,TravelTimeHour,Freq,AccumFreq
0,4676,1,0.5815197114786718,0.5815197114786718
1,3365,2,0.4184802885213282,1.0
