,Nelem,TravelTimeHour,Freq,AccumFreq
0,4345,1.0,0.41149730088076525,0.41149730088076525
1,2759,2.0,0.26129368311393125,0.6727909839946965
2,2086,3.0,0.19755658679799223,0.8703475707926888
3,1369,4.0,0.1296524292073113,1.0
