,Nelem,TravelTimeHour,Freq,AccumFreq
0,4437,1,0.5077239958805355,0.5077239958805355
1,4302,2,0.4922760041194645,1.0
