,Nelem,TravelTimeHour,Freq,AccumFreq
0,2099,1.0,0.3579467939972715,0.3579467939972715
1,2176,2.0,0.3710777626193724,0.7290245566166439
2,1589,3.0,0.27097544338335605,1.0
