,Nelem,TravelTimeHour,Freq,AccumFreq
0,4810,1,0.7159869008633521,0.7159869008633521
1,1908,2,0.2840130991366478,1.0
