,Nelem,TravelTimeHour,Freq,AccumFreq
0,2123,1.0,0.3421985815602837,0.3421985815602837
1,2305,2.0,0.3715344938749194,0.7137330754352031
2,1776,3.0,0.2862669245647969,1.0
