,Nelem,TravelTimeHour,Freq,AccumFreq
0,5108,1.0,0.5612570047247555,0.5612570047247555
1,2384,2.0,0.2619492363476541,0.8232062410724096
2,1609,3.0,0.17679375892759036,1.0
