,Nelem,TravelTimeHour,Freq,AccumFreq
0,3664,1.0,0.34045716409589294,0.34045716409589294
1,4153,2.0,0.38589481509013196,0.7263519791860249
2,2945,3.0,0.2736480208139751,1.0
