,Nelem,TravelTimeHour,Freq,AccumFreq
0,4877,1.0,0.4649632948803508,0.4649632948803508
1,3586,2.0,0.341881971589284,0.8068452664696348
2,2026,3.0,0.19315473353036514,1.0
