,Nelem,TravelTimeHour,Freq,AccumFreq
0,5491,1.0,0.3799211236421504,0.3799211236421504
1,4666,2.0,0.3228395488825849,0.7027606725247353
2,4296,3.0,0.29723932747526466,1.0
