,Nelem,TravelTimeHour,Freq,AccumFreq
0,2203,1,0.47797786938598397,0.47797786938598397
1,2406,2,0.522022130614016,1.0
