,Nelem,TravelTimeHour,Freq,AccumFreq
0,7953,1.0,0.2240723522948187,0.2240723522948187
1,9507,2.0,0.2678556335051982,0.4919279858000169
2,9195,3.0,0.2590651677795622,0.7509931535795791
3,8838,4.0,0.24900684642042092,1.0
