,Nelem,TravelTimeHour,Freq,AccumFreq
0,6278,1,0.5953532479848269,0.5953532479848269
1,4267,2,0.4046467520151731,1.0
