,Nelem,TravelTimeHour,Freq,AccumFreq
0,7641,1,0.6066211495712924,0.6066211495712924
1,4955,2,0.3933788504287075,1.0
