,Nelem,TravelTimeHour,Freq,AccumFreq
0,3184,1.0,0.4336692999182784,0.4336692999182784
1,2461,2.0,0.3351947698174884,0.7688640697357668
2,1697,3.0,0.23113593026423318,1.0
