,Nelem,TravelTimeHour,Freq,AccumFreq
0,4548,1,0.6034231126442882,0.6034231126442882
1,2989,2,0.39657688735571184,1.0
