,Nelem,TravelTimeHour,Freq,AccumFreq
0,2859,1.0,0.41804357362187455,0.41804357362187455
1,2031,2.0,0.29697324170200323,0.7150168153238778
2,1949,3.0,0.2849831846761222,1.0
