,Nelem,TravelTimeHour,Freq,AccumFreq
0,2527,1,0.4950048971596474,0.4950048971596474
1,2578,2,0.5049951028403526,1.0
