,Nelem,TravelTimeHour,Freq,AccumFreq
0,3451,1,0.6478318002628121,0.6478318002628121
1,1876,2,0.35216819973718794,1.0
