,Nelem,TravelTimeHour,Freq,AccumFreq
0,1154,1.0,0.30773333333333336,0.30773333333333336
1,1564,2.0,0.41706666666666664,0.7248
2,1032,3.0,0.2752,1.0
