,Nelem,TravelTimeHour,Freq,AccumFreq
0,6570,1,0.5470896827379466,0.5470896827379466
1,5439,2,0.45291031726205344,1.0
