,Nelem,TravelTimeHour,Freq,AccumFreq
0,3059,1,0.5541666666666667,0.5541666666666667
1,2461,2,0.44583333333333336,1.0
