,Nelem,TravelTimeHour,Freq,AccumFreq
0,5116,1.0,0.46888461185959124,0.46888461185959124
1,3451,2.0,0.31628631656126843,0.7851709284208597
2,2344,3.0,0.21482907157914033,1.0
