,Nelem,TravelTimeHour,Freq,AccumFreq
0,1622,1.0,0.3749422098936662,0.3749422098936662
1,1467,2.0,0.3391123439667129,0.7140545538603791
2,1237,3.0,0.2859454461396209,1.0
