,Nelem,TravelTimeHour,Freq,AccumFreq
0,3205,1,0.617533718689788,0.617533718689788
1,1985,2,0.38246628131021193,1.0
