,Nelem,TravelTimeHour,Freq,AccumFreq
0,5737,1,0.659576914233157,0.659576914233157
1,2961,2,0.34042308576684294,1.0
