,Nelem,TravelTimeHour,Freq,AccumFreq
0,6706,1.0,0.43893179735567484,0.43893179735567484
1,5172,2.0,0.3385259850765807,0.7774577824322555
2,3400,3.0,0.22254221756774448,1.0
