,Nelem,TravelTimeHour,Freq,AccumFreq
0,5403,1,0.6119605844376487,0.6119605844376487
1,3426,2,0.38803941556235133,1.0
