,Nelem,TravelTimeHour,Freq,AccumFreq
0,8069,1.0,0.34918642894235763,0.34918642894235763
1,6954,2.0,0.30093474121516356,0.6501211701575211
2,5132,3.0,0.22208758871386533,0.8722087588713865
3,2953,4.0,0.12779124112861348,1.0
