,Nelem,TravelTimeHour,Freq,AccumFreq
0,3361,1.0,0.43860107007699334,0.43860107007699334
1,2462,2.0,0.32128409239201355,0.7598851624690068
2,1840,3.0,0.24011483753099308,0.9999999999999999
