,Nelem,TravelTimeHour,Freq,AccumFreq
0,3772,1.0,0.35645435645435647,0.35645435645435647
1,3170,2.0,0.2995652995652996,0.6560196560196561
2,1999,3.0,0.1889056889056889,0.844925344925345
3,1641,4.0,0.15507465507465507,1.0
