,Nelem,TravelTimeHour,Freq,AccumFreq
0,4001,1,0.5632831198085316,0.5632831198085316
1,3102,2,0.43671688019146837,1.0
