,Nelem,TravelTimeHour,Freq,AccumFreq
0,5270,1,0.5786757439332382,0.5786757439332382
1,3837,2,0.4213242560667618,1.0
