,Nelem,TravelTimeHour,Freq,AccumFreq
0,6132,1,0.5889924118720584,0.5889924118720584
1,4279,2,0.4110075881279416,1.0
