,Nelem,TravelTimeHour,Freq,AccumFreq
0,1845,1.0,0.35790494665373423,0.35790494665373423
1,1782,2.0,0.34568380213385064,0.7035887487875849
2,1528,3.0,0.2964112512124151,1.0
