,Nelem,TravelTimeHour,Freq,AccumFreq
0,5483,1.0,0.4564982099741903,0.4564982099741903
1,4290,2.0,0.35717259179085836,0.8136708017650487
2,2238,3.0,0.18632919823495128,1.0
