,Nelem,TravelTimeHour,Freq,AccumFreq
0,5312,1,0.6261935635977838,0.6261935635977838
1,3171,2,0.3738064364022162,1.0
