,Nelem,TravelTimeHour,Freq,AccumFreq
0,2349,1,0.5304878048780488,0.5304878048780488
1,2079,2,0.4695121951219512,1.0
