,Nelem,TravelTimeHour,Freq,AccumFreq
0,5432,1.0,0.4967081199707388,0.4967081199707388
1,4157,2.0,0.3801207022677396,0.8768288222384784
2,1347,3.0,0.12317117776152157,0.9999999999999999
