,Nelem,TravelTimeHour,Freq,AccumFreq
0,2997,1.0,0.36931608133086874,0.36931608133086874
1,2972,2.0,0.36623536660505235,0.7355514479359211
2,2146,3.0,0.26444855206407886,1.0
