,Nelem,TravelTimeHour,Freq,AccumFreq
0,6774,1.0,0.41395746761183083,0.41395746761183083
1,5023,2.0,0.3069542899046688,0.7209117575164996
2,4567,3.0,0.2790882424835004,1.0
