,Nelem,TravelTimeHour,Freq,AccumFreq
0,4320,1,0.5369127516778524,0.5369127516778524
1,3726,2,0.46308724832214765,1.0
