,Nelem,TravelTimeHour,Freq,AccumFreq
0,3819,1.0,0.4369565217391304,0.4369565217391304
1,2999,2.0,0.3431350114416476,0.7800915331807781
2,1922,3.0,0.21990846681922196,1.0
