,Nelem,TravelTimeHour,Freq,AccumFreq
0,3045,1.0,0.36202591844013793,0.36202591844013793
1,2872,2.0,0.3414576150279396,0.7034835334680776
2,2494,3.0,0.2965164665319225,1.0
