,Nelem,TravelTimeHour,Freq,AccumFreq
0,5428,1.0,0.43749496252115744,0.43749496252115744
1,4314,2.0,0.34770693963085353,0.7852019021520109
2,2665,3.0,0.21479809784798903,1.0
