,Nelem,TravelTimeHour,Freq,AccumFreq
0,1599,1.0,0.29088593778424593,0.29088593778424593
1,1340,2.0,0.24376932872475895,0.5346552665090049
2,1256,3.0,0.2284882663270875,0.7631435328360924
3,906,4.0,0.16481717300345644,0.9279607058395488
4,396,5.0,0.07203929416045116,1.0
