,Nelem,TravelTimeHour,Freq,AccumFreq
0,2232,1,0.5311756306520704,0.5311756306520704
1,1970,2,0.46882436934792954,1.0
