,Nelem,TravelTimeHour,Freq,AccumFreq
0,7243,1,0.5702251613919068,0.5702251613919068
1,5459,2,0.42977483860809323,1.0
