,Nelem,TravelTimeHour,Freq,AccumFreq
0,4184,1,0.5012579369833473,0.5012579369833473
1,4163,2,0.4987420630166527,1.0
