,Nelem,TravelTimeHour,Freq,AccumFreq
0,5481,1,0.5936315390447309,0.5936315390447309
1,3752,2,0.40636846095526913,1.0
