,Nelem,TravelTimeHour,Freq,AccumFreq
0,3266,1,0.5399239543726235,0.5399239543726235
1,2783,2,0.4600760456273764,1.0
