,Nelem,TravelTimeHour,Freq,AccumFreq
0,4706,1.0,0.4149545895423684,0.4149545895423684
1,4261,2.0,0.37571642712282866,0.7906710166651971
2,2374,3.0,0.20932898333480293,1.0
