,Nelem,TravelTimeHour,Freq,AccumFreq
0,4439,1,0.5557781394766496,0.5557781394766496
1,3548,2,0.44422186052335044,1.0
