,Nelem,TravelTimeHour,Freq,AccumFreq
0,3491,1,0.5899949298631063,0.5899949298631063
1,2426,2,0.4100050701368937,1.0
