,Nelem,TravelTimeHour,Freq,AccumFreq
0,4354,1,0.5481556087120735,0.5481556087120735
1,3589,2,0.4518443912879265,1.0
