,Nelem,TravelTimeHour,Freq,AccumFreq
0,6144,1.0,0.40691436518974766,0.40691436518974766
1,4373,2.0,0.2896218292602159,0.6965361944499635
2,2893,3.0,0.19160209285383137,0.8881382873037948
3,1689,4.0,0.11186171269620504,0.9999999999999999
