,Nelem,TravelTimeHour,Freq,AccumFreq
0,5366,1,0.6547096144460712,0.6547096144460712
1,2830,2,0.34529038555392877,1.0
