,Nelem,TravelTimeHour,Freq,AccumFreq
0,5767,1,0.574402390438247,0.574402390438247
1,4273,2,0.42559760956175297,1.0
