,Nelem,TravelTimeHour,Freq,AccumFreq
0,1193,1.0,0.34095455844527006,0.34095455844527006
1,751,2.0,0.21463275221491854,0.5555873106601886
2,1555,3.0,0.4444126893398114,1.0
