,Nelem,TravelTimeHour,Freq,AccumFreq
0,3558,1.0,0.4400197872866683,0.4400197872866683
1,3131,2.0,0.38721246599060105,0.8272322532772693
2,1397,3.0,0.17276774672273065,1.0
