,Nelem,TravelTimeHour,Freq,AccumFreq
0,3921,1,0.6213946117274168,0.6213946117274168
1,2389,2,0.3786053882725832,1.0
