,Nelem,TravelTimeHour,Freq,AccumFreq
0,2735,1.0,0.34316185696361357,0.34316185696361357
1,1909,2.0,0.23952321204516938,0.5826850690087829
2,1702,3.0,0.2135508155583438,0.7962358845671267
3,1624,4.0,0.2037641154328733,1.0
