,Nelem,TravelTimeHour,Freq,AccumFreq
0,4169,1,0.5542408933794204,0.5542408933794204
1,3353,2,0.44575910662057966,1.0
