,Nelem,TravelTimeHour,Freq,AccumFreq
0,5129,1,0.6203434929850025,0.6203434929850025
1,3139,2,0.3796565070149976,1.0
