,Nelem,TravelTimeHour,Freq,AccumFreq
0,7415,1,0.5738275808698344,0.5738275808698344
1,5507,2,0.4261724191301656,1.0
