,Nelem,TravelTimeHour,Freq,AccumFreq
0,7608,1,0.6089810293764508,0.6089810293764508
1,4885,2,0.3910189706235492,1.0
