,Nelem,TravelTimeHour,Freq,AccumFreq
0,3901,1,0.6874008810572687,0.6874008810572687
1,1774,2,0.3125991189427313,1.0
