,Nelem,TravelTimeHour,Freq,AccumFreq
0,3886,1,0.5647434965847987,0.5647434965847987
1,2995,2,0.4352565034152013,1.0
