,Nelem,TravelTimeHour,Freq,AccumFreq
0,3734,1.0,0.36340632603406325,0.36340632603406325
1,2729,2.0,0.2655961070559611,0.6290024330900243
2,1854,3.0,0.18043795620437955,0.8094403892944039
3,1958,4.0,0.1905596107055961,1.0
