,Nelem,TravelTimeHour,Freq,AccumFreq
0,4241,1,0.6176813282842994,0.6176813282842994
1,2625,2,0.38231867171570055,1.0
