,Nelem,TravelTimeHour,Freq,AccumFreq
0,5416,1,0.5446500402252614,0.5446500402252614
1,4528,2,0.4553499597747385,1.0
