,Nelem,TravelTimeHour,Freq,AccumFreq
0,2420,1.0,0.44176706827309237,0.44176706827309237
1,1743,2.0,0.3181818181818182,0.7599488864549105
2,1315,3.0,0.24005111354508946,1.0
