,Nelem,TravelTimeHour,Freq,AccumFreq
0,3719,1,0.5912559618441972,0.5912559618441972
1,2571,2,0.40874403815580285,1.0
