,Nelem,TravelTimeHour,Freq,AccumFreq
0,2258,1.0,0.33441943127962087,0.33441943127962087
1,1735,2.0,0.25696090047393366,0.5913803317535545
2,1536,3.0,0.22748815165876776,0.8188684834123223
3,1223,4.0,0.18113151658767773,1.0
