,Nelem,TravelTimeHour,Freq,AccumFreq
0,4932,1.0,0.495678391959799,0.495678391959799
1,3022,2.0,0.3037185929648241,0.7993969849246232
2,1996,3.0,0.2006030150753769,1.0
