,Nelem,TravelTimeHour,Freq,AccumFreq
0,1978,1.0,0.4213890072432893,0.4213890072432893
1,1268,2.0,0.27013208351086493,0.6915210907541542
2,1448,3.0,0.30847890924584576,1.0
