,Nelem,TravelTimeHour,Freq,AccumFreq
0,8814,1.0,0.12745466639673772,0.12745466639673772
1,11545,2.0,0.1669462359371837,0.2944009023339214
2,13104,3.0,0.189490123492495,0.4838910258264164
3,12568,4.0,0.18173930647540273,0.6656303323018191
4,12107,5.0,0.17507302542152298,0.840703357723342
5,11016,6.0,0.1592966422766579,1.0
