,Nelem,TravelTimeHour,Freq,AccumFreq
0,3339,1.0,0.4262190451876436,0.4262190451876436
1,2843,2.0,0.36290528465662497,0.7891243298442685
2,1652,3.0,0.21087567015573142,0.9999999999999999
