,Nelem,TravelTimeHour,Freq,AccumFreq
0,3387,1.0,0.6129207383279045,0.6129207383279045
1,1506,2.0,0.2725298588490771,0.8854505971769816
2,633,3.0,0.11454940282301845,1.0
