,Nelem,TravelTimeHour,Freq,AccumFreq
0,3101,1.0,0.37191172943151835,0.37191172943151835
1,2576,2.0,0.30894698968577594,0.6808587191172943
2,2661,3.0,0.31914128088270566,1.0
