,Nelem,TravelTimeHour,Freq,AccumFreq
0,2769,1.0,0.4081061164333088,0.4081061164333088
1,2101,2.0,0.309653647752395,0.7177597641857039
2,1915,3.0,0.28224023581429625,1.0
