,Nelem,TravelTimeHour,Freq,AccumFreq
0,1377,1.0,0.3842075892857143,0.3842075892857143
1,840,2.0,0.234375,0.6185825892857143
2,1367,3.0,0.3814174107142857,1.0
