,Nelem,TravelTimeHour,Freq,AccumFreq
0,2648,1.0,0.47651610581248877,0.47651610581248877
1,1763,2.0,0.3172575130466079,0.7937736188590967
2,1146,3.0,0.20622638114090336,1.0
