,Nelem,TravelTimeHour,Freq,AccumFreq
0,5281,1.0,0.45905771905424203,0.45905771905424203
1,3964,2.0,0.3445757997218359,0.8036335187760779
2,2259,3.0,0.1963664812239221,1.0
