,Nelem,TravelTimeHour,Freq,AccumFreq
0,16686,1.0,0.10168685859152182,0.10168685859152182
1,22592,2.0,0.13767886307681057,0.2393657216683324
2,28137,3.0,0.17147088218804085,0.4108366038563732
3,30258,4.0,0.18439655802842309,0.5952331618847964
4,26943,5.0,0.16419447626940983,0.7594276381542062
5,22026,6.0,0.13422957852911782,0.8936572166833241
6,17450,7.0,0.10634278331667602,1.0
