,Nelem,TravelTimeHour,Freq,AccumFreq
0,5227,1,0.5990144396057758,0.5990144396057758
1,3499,2,0.40098556039422417,1.0
