,Nelem,TravelTimeHour,Freq,AccumFreq
0,4150,1.0,0.3663488700564972,0.3663488700564972
1,3934,2.0,0.3472810734463277,0.7136299435028248
2,3244,3.0,0.2863700564971751,1.0
