,Nelem,TravelTimeHour,Freq,AccumFreq
0,4429,1,0.5305462386200287,0.5305462386200287
1,3919,2,0.46945376137997125,1.0
