,Nelem,TravelTimeHour,Freq,AccumFreq
0,7268,1.0,0.4414480077745384,0.4414480077745384
1,5633,2.0,0.3421404275996113,0.7835884353741497
2,3563,3.0,0.21641156462585034,1.0
