,Nelem,TravelTimeHour,Freq,AccumFreq
0,2300,1,0.5662235352043329,0.5662235352043329
1,1762,2,0.43377646479566717,1.0
