,Nelem,TravelTimeHour,Freq,AccumFreq
0,4017,1,0.49666172106824924,0.49666172106824924
1,4071,2,0.5033382789317508,1.0
