,Nelem,TravelTimeHour,Freq,AccumFreq
0,3580,1.0,0.4835877347021478,0.4835877347021478
1,2099,2.0,0.2835337025530191,0.7671214372551669
2,1724,3.0,0.23287856274483318,1.0
