,Nelem,TravelTimeHour,Freq,AccumFreq
0,2971,1.0,0.3691141756739968,0.3691141756739968
1,2760,2.0,0.3428997390980246,0.7120139147720215
2,1466,3.0,0.1821344266368493,0.8941483414088708
3,852,4.0,0.10585165859112933,1.0
