,Nelem,TravelTimeHour,Freq,AccumFreq
0,5140,1.0,0.4975798644724105,0.4975798644724105
1,3144,2.0,0.30435624394966115,0.8019361084220716
2,2046,3.0,0.19806389157792836,1.0
