,Nelem,TravelTimeHour,Freq,AccumFreq
0,2720,1,0.6031042128603105,0.6031042128603105
1,1790,2,0.3968957871396896,1.0
