,Nelem,TravelTimeHour,Freq,AccumFreq
0,4706,1.0,0.39599461460787616,0.39599461460787616
1,3638,2.0,0.3061258835408953,0.7021204981487714
2,3540,3.0,0.2978795018512285,1.0
