,Nelem,TravelTimeHour,Freq,AccumFreq
0,5171,1,0.647427068987104,0.647427068987104
1,2816,2,0.35257293101289594,1.0
