,Nelem,TravelTimeHour,Freq,AccumFreq
0,9369,1,0.6004614497212074,0.6004614497212074
1,6234,2,0.39953855027879254,1.0
