,Nelem,TravelTimeHour,Freq,AccumFreq
0,4559,1.0,0.4424495341614907,0.4424495341614907
1,3240,2.0,0.3144409937888199,0.7568905279503106
2,2505,3.0,0.24310947204968944,1.0
