,Nelem,TravelTimeHour,Freq,AccumFreq
0,2197,1,0.5780057879505394,0.5780057879505394
1,1604,2,0.4219942120494607,1.0
