,Nelem,TravelTimeHour,Freq,AccumFreq
0,2196,1,0.5928725701943844,0.5928725701943844
1,1508,2,0.40712742980561556,1.0
