,Nelem,TravelTimeHour,Freq,AccumFreq
0,4539,1.0,0.4117753787535154,0.4117753787535154
1,3363,2.0,0.3050893586138075,0.7168647373673229
2,3121,3.0,0.28313526263267713,1.0
