,Nelem,TravelTimeHour,Freq,AccumFreq
0,1729,1.0,0.3599084096586178,0.3599084096586178
1,1524,2.0,0.3172356369691923,0.6771440466278101
2,1551,3.0,0.32285595337218986,1.0
