,Nelem,TravelTimeHour,Freq,AccumFreq
0,4527,1.0,0.43308141203482253,0.43308141203482253
1,3539,2.0,0.3385630919353296,0.771644503970152
2,2387,3.0,0.2283554960298479,1.0
