,Nelem,TravelTimeHour,Freq,AccumFreq
0,3703,1.0,0.3877892973086187,0.3877892973086187
1,3316,2.0,0.347261493350089,0.7350507906587077
2,2530,3.0,0.2649492093412923,1.0
