,Nelem,TravelTimeHour,Freq,AccumFreq
0,7244,1.0,0.5044919562643638,0.5044919562643638
1,5093,2.0,0.3546904380527892,0.859182394317153
2,2022,3.0,0.14081760568284699,1.0
