,Nelem,TravelTimeHour,Freq,AccumFreq
0,2833,1,0.5873937383371346,0.5873937383371346
1,1990,2,0.41260626166286546,1.0
