,Nelem,TravelTimeHour,Freq,AccumFreq
0,6790,1,0.7707150964812712,0.7707150964812712
1,2020,2,0.2292849035187287,1.0
