,Nelem,TravelTimeHour,Freq,AccumFreq
0,5066,1.0,0.39243938337593925,0.39243938337593925
1,4583,2.0,0.35502362692695016,0.7474630103028894
2,3260,3.0,0.2525369896971105,1.0
