,Nelem,TravelTimeHour,Freq,AccumFreq
0,911,1.0,0.2594702363998861,0.2594702363998861
1,1420,2.0,0.40444317858160067,0.6639134149814867
2,1180,3.0,0.33608658501851324,1.0
