,Nelem,TravelTimeHour,Freq,AccumFreq
0,9307,1.0,0.47236461452570677,0.47236461452570677
1,4958,2.0,0.2516368065776785,0.7240014211033853
2,2662,3.0,0.13510632898543368,0.8591077500888189
3,2776,4.0,0.14089224991118104,1.0
