,Nelem,TravelTimeHour,Freq,AccumFreq
0,2978,1,0.5009251471825064,0.5009251471825064
1,2967,2,0.4990748528174937,1.0
