,Nelem,TravelTimeHour,Freq,AccumFreq
0,4814,1,0.55544017537787,0.55544017537787
1,3853,2,0.4445598246221299,1.0
