,Nelem,TravelTimeHour,Freq,AccumFreq
0,2484,1.0,0.4588104913188031,0.4588104913188031
1,1910,2.0,0.3527890653860362,0.8115995567048393
2,1020,3.0,0.1884004432951607,1.0
