,Nelem,TravelTimeHour,Freq,AccumFreq
0,2115,1.0,0.37249031349066575,0.37249031349066575
1,2131,2.0,0.3753082071151814,0.7477985206058472
2,1432,3.0,0.2522014793941529,1.0
