,Nelem,TravelTimeHour,Freq,AccumFreq
0,6430,1,0.7189980990718998,0.7189980990718998
1,2513,2,0.2810019009281002,1.0
