,Nelem,TravelTimeHour,Freq,AccumFreq
0,2093,1,0.5784964068546158,0.5784964068546158
1,1525,2,0.4215035931453842,1.0
