,Nelem,TravelTimeHour,Freq,AccumFreq
0,6644,1.0,0.3661816578483245,0.3661816578483245
1,6278,2.0,0.34600970017636684,0.7121913580246914
2,5222,3.0,0.28780864197530864,1.0
