,Nelem,TravelTimeHour,Freq,AccumFreq
0,3823,1,0.6866020114942529,0.6866020114942529
1,1745,2,0.3133979885057471,1.0
