,Nelem,TravelTimeHour,Freq,AccumFreq
0,1633,1,0.5120727500783945,0.5120727500783945
1,1556,2,0.4879272499216055,1.0
