,Nelem,TravelTimeHour,Freq,AccumFreq
0,2999,1.0,0.37084209224681586,0.37084209224681586
1,2375,2.0,0.2936812167676518,0.6645233090144677
2,2713,3.0,0.33547669098553234,1.0
