,Nelem,TravelTimeHour,Freq,AccumFreq
0,2953,1.0,0.6077382177402758,0.6077382177402758
1,1140,2.0,0.23461617616793579,0.8423543939082117
2,766,3.0,0.15764560609178843,1.0
