,Nelem,TravelTimeHour,Freq,AccumFreq
0,5112,1.0,0.4449860724233983,0.4449860724233983
1,3320,2.0,0.2889972144846797,0.733983286908078
2,3056,3.0,0.266016713091922,1.0
