,Nelem,TravelTimeHour,Freq,AccumFreq
0,4683,1.0,0.4395532194480946,0.4395532194480946
1,3723,2.0,0.34944621738314247,0.7889994368312371
2,2248,3.0,0.2110005631687629,1.0
