,Nelem,TravelTimeHour,Freq,AccumFreq
0,2600,1,0.6394490900147565,0.6394490900147565
1,1466,2,0.3605509099852435,1.0
