,Nelem,TravelTimeHour,Freq,AccumFreq
0,3629,1.0,0.38143788101744797,0.38143788101744797
1,3706,2.0,0.3895312171536683,0.7709690981711163
2,2179,3.0,0.22903090182888375,1.0
