,Nelem,TravelTimeHour,Freq,AccumFreq
0,4991,1,0.6277197836750095,0.6277197836750095
1,2960,2,0.3722802163249906,1.0
