,Nelem,TravelTimeHour,Freq,AccumFreq
0,1116,1,0.46871062578748424,0.46871062578748424
1,1265,2,0.5312893742125158,1.0
