,Nelem,TravelTimeHour,Freq,AccumFreq
0,2173,1,0.6368698710433763,0.6368698710433763
1,1239,2,0.36313012895662367,1.0
