,Nelem,TravelTimeHour,Freq,AccumFreq
0,6330,1,0.5495745789199514,0.5495745789199514
1,5188,2,0.4504254210800486,1.0
