,Nelem,TravelTimeHour,Freq,AccumFreq
0,3821,1.0,0.32082283795130145,0.32082283795130145
1,2054,2.0,0.17246011754827875,0.49328295549958023
2,2617,3.0,0.2197313182199832,0.7130142737195635
3,1661,4.0,0.13946263643996643,0.85247691015953
4,1757,5.0,0.1475230898404702,1.0000000000000002
