,Nelem,TravelTimeHour,Freq,AccumFreq
0,3194,1.0,0.3958849776896381,0.3958849776896381
1,2641,2.0,0.3273425880019831,0.7232275656916212
2,2233,3.0,0.2767724343083788,1.0
