,Nelem,TravelTimeHour,Freq,AccumFreq
0,2598,1,0.49732006125574274,0.49732006125574274
1,2626,2,0.5026799387442573,1.0
