,Nelem,TravelTimeHour,Freq,AccumFreq
0,3650,1,0.5314502038439138,0.5314502038439138
1,3218,2,0.4685497961560862,1.0
