,Nelem,TravelTimeHour,Freq,AccumFreq
0,1410,1.0,0.3868312757201646,0.3868312757201646
1,1095,2.0,0.3004115226337449,0.6872427983539096
2,1140,3.0,0.31275720164609055,1.0
