,Nelem,TravelTimeHour,Freq,AccumFreq
0,2252,1,0.5938818565400844,0.5938818565400844
1,1540,2,0.4061181434599156,1.0
