,Nelem,TravelTimeHour,Freq,AccumFreq
0,6378,1.0,0.5120835006021678,0.5120835006021678
1,3963,2.0,0.3181854676836612,0.830268968285829
2,2114,3.0,0.169731031714171,1.0
