,Nelem,TravelTimeHour,Freq,AccumFreq
0,2078,1,0.6318029796290666,0.6318029796290666
1,1211,2,0.36819702037093344,1.0
