,Nelem,TravelTimeHour,Freq,AccumFreq
0,2009,1,0.5654376583169153,0.5654376583169153
1,1544,2,0.4345623416830847,1.0
