,Nelem,TravelTimeHour,Freq,AccumFreq
0,1655,1.0,0.422517232575951,0.422517232575951
1,1447,2.0,0.36941536890477406,0.7919326014807251
2,815,3.0,0.20806739851927494,1.0
