,Nelem,TravelTimeHour,Freq,AccumFreq
0,1792,1.0,0.5556589147286821,0.5556589147286821
1,935,2.0,0.289922480620155,0.8455813953488371
2,498,3.0,0.15441860465116278,0.9999999999999999
