,Nelem,TravelTimeHour,Freq,AccumFreq
0,3684,1,0.6089256198347107,0.6089256198347107
1,2366,2,0.3910743801652893,1.0
