,Nelem,TravelTimeHour,Freq,AccumFreq
0,8205,1.0,0.5562334756965629,0.5562334756965629
1,4730,2.0,0.32065622669649513,0.876889702393058
2,1816,3.0,0.1231102976069419,0.9999999999999999
