,Nelem,TravelTimeHour,Freq,AccumFreq
0,4924,1.0,0.2881385686699046,0.2881385686699046
1,5296,2.0,0.30990695769208265,0.5980455263619873
2,2961,3.0,0.17326935455556206,0.7713148809175493
3,2026,4.0,0.11855579612616303,0.8898706770437124
4,1882,5.0,0.11012932295628768,1.0
