,Nelem,TravelTimeHour,Freq,AccumFreq
0,2491,1,0.5128680255301626,0.5128680255301626
1,2366,2,0.48713197446983736,1.0
