,Nelem,TravelTimeHour,Freq,AccumFreq
0,3607,1.0,0.5061035498807352,0.5061035498807352
1,2306,2.0,0.32355829942472286,0.8296618493054582
2,1214,3.0,0.1703381506945419,1.0
