,Nelem,TravelTimeHour,Freq,AccumFreq
0,2152,1,0.599609919197548,0.599609919197548
1,1437,2,0.4003900808024519,1.0
