,Nelem,TravelTimeHour,Freq,AccumFreq
0,8235,1.0,0.4036368983432997,0.4036368983432997
1,7382,2.0,0.3618272718360945,0.7654641701793942
2,4785,3.0,0.23453582982060583,1.0
