,Nelem,TravelTimeHour,Freq,AccumFreq
0,8663,1.0,0.34897679664840475,0.34897679664840475
1,7455,2.0,0.3003142120528521,0.6492910087012569
2,5598,3.0,0.22550757331614565,0.8747985820174026
3,3108,4.0,0.12520141798259748,1.0
