,Nelem,TravelTimeHour,Freq,AccumFreq
0,2772,1.0,0.42495784148397975,0.42495784148397975
1,2342,2.0,0.3590372527977924,0.7839950942817722
2,1409,3.0,0.2160049057182278,1.0
