,Nelem,TravelTimeHour,Freq,AccumFreq
0,5707,1.0,0.49308795576291686,0.49308795576291686
1,3683,2.0,0.318213236564714,0.8113011923276309
2,2184,3.0,0.1886988076723691,1.0
