,Nelem,TravelTimeHour,Freq,AccumFreq
0,5756,1,0.6807806031933767,0.6807806031933767
1,2699,2,0.3192193968066233,1.0
