,Nelem,TravelTimeHour,Freq,AccumFreq
0,2472,1.0,0.43860894251242016,0.43860894251242016
1,1772,2.0,0.3144073811213627,0.7530163236337828
2,1392,3.0,0.24698367636621718,1.0
