,Nelem,TravelTimeHour,Freq,AccumFreq
0,4998,1,0.6623376623376623,0.6623376623376623
1,2548,2,0.33766233766233766,1.0
