,Nelem,TravelTimeHour,Freq,AccumFreq
0,1926,1,0.5577758470894874,0.5577758470894874
1,1527,2,0.4422241529105126,1.0
