,Nelem,TravelTimeHour,Freq,AccumFreq
0,4156,1,0.5149299962829885,0.5149299962829885
1,3915,2,0.48507000371701153,1.0
