,Nelem,TravelTimeHour,Freq,AccumFreq
0,4346,1.0,0.33016789485679554,0.33016789485679554
1,4910,2.0,0.3730152700752108,0.7031831649320064
2,3907,3.0,0.2968168350679936,1.0
