,Nelem,TravelTimeHour,Freq,AccumFreq
0,5993,1.0,0.5288096708726727,0.5288096708726727
1,3255,2.0,0.28721432983323036,0.8160240007059031
2,2085,3.0,0.1839759992940969,1.0
