,Nelem,TravelTimeHour,Freq,AccumFreq
0,7998,1,0.6543937162493864,0.6543937162493864
1,4224,2,0.34560628375061364,1.0
