,Nelem,TravelTimeHour,Freq,AccumFreq
0,7449,1,0.6090262447878342,0.6090262447878342
1,4782,2,0.3909737552121658,1.0
