,Nelem,TravelTimeHour,Freq,AccumFreq
0,2961,1.0,0.4576506955177743,0.4576506955177743
1,2030,2.0,0.31375579598145287,0.7714064914992271
2,1479,3.0,0.22859350850077279,0.9999999999999999
