,Nelem,TravelTimeHour,Freq,AccumFreq
0,2813,1,0.5910905652447993,0.5910905652447993
1,1946,2,0.4089094347552007,1.0
