,Nelem,TravelTimeHour,Freq,AccumFreq
0,1709,1.0,0.24016301292861159,0.24016301292861159
1,1833,2.0,0.2575885328836425,0.49775154581225406
2,1764,3.0,0.2478920741989882,0.7456436200112423
3,1810,4.0,0.2543563799887577,1.0
