,Nelem,TravelTimeHour,Freq,AccumFreq
0,2381,1,0.5197555118969658,0.5197555118969658
1,2200,2,0.4802444881030343,1.0
