,Nelem,TravelTimeHour,Freq,AccumFreq
0,5116,1.0,0.361503674392312,0.361503674392312
1,5482,2.0,0.3873657433578293,0.7488694177501414
2,3554,3.0,0.2511305822498587,1.0
