,Nelem,TravelTimeHour,Freq,AccumFreq
0,6400,1,0.5614527590139486,0.5614527590139486
1,4999,2,0.4385472409860514,1.0
