,Nelem,TravelTimeHour,Freq,AccumFreq
0,3913,1.0,0.38104976141785957,0.38104976141785957
1,3731,2.0,0.36332651670074984,0.7443762781186094
2,2625,3.0,0.2556237218813906,1.0
