,Nelem,TravelTimeHour,Freq,AccumFreq
0,3875,1.0,0.543935991016283,0.543935991016283
1,2155,2.0,0.3024985962942167,0.8464345873104997
2,1094,3.0,0.15356541268950027,1.0
