,Nelem,TravelTimeHour,Freq,AccumFreq
0,3794,1.0,0.3720702167304109,0.3720702167304109
1,3332,2.0,0.3267627733647151,0.698832990095126
2,1839,3.0,0.1803471609296852,0.8791801510248112
3,1232,4.0,0.12081984897518878,1.0
