,Nelem,TravelTimeHour,Freq,AccumFreq
0,2692,1.0,0.43524656426839126,0.43524656426839126
1,1965,2.0,0.3177041228779305,0.7529506871463217
2,1528,3.0,0.24704931285367826,1.0
