,Nelem,TravelTimeHour,Freq,AccumFreq
0,6428,1.0,0.304226418666288,0.304226418666288
1,6543,2.0,0.30966917506744285,0.6138955937337309
2,4541,3.0,0.21491788537081735,0.8288134791045483
3,3617,4.0,0.17118652089545175,1.0
