,Nelem,TravelTimeHour,Freq,AccumFreq
0,8532,1,0.6220018954581905,0.6220018954581905
1,5185,2,0.37799810454180943,1.0
