,Nelem,TravelTimeHour,Freq,AccumFreq
0,4556,1,0.5211622054449783,0.5211622054449783
1,4186,2,0.47883779455502173,1.0
