,Nelem,TravelTimeHour,Freq,AccumFreq
0,4462,1.0,0.26203899459713414,0.26203899459713414
1,5773,2.0,0.3390298332158797,0.6010688278130139
2,4468,3.0,0.2623913554146112,0.8634601832276251
3,2325,4.0,0.13653981677237492,1.0
