,Nelem,TravelTimeHour,Freq,AccumFreq
0,8931,1,0.619691923397169,0.619691923397169
1,5481,2,0.38030807660283095,1.0
