,Nelem,TravelTimeHour,Freq,AccumFreq
0,3156,1,0.5217391304347826,0.5217391304347826
1,2893,2,0.4782608695652174,1.0
