,Nelem,TravelTimeHour,Freq,AccumFreq
0,5338,1.0,0.4125193199381762,0.4125193199381762
1,4499,2.0,0.3476816074188563,0.7602009273570325
2,3103,3.0,0.23979907264296754,1.0
