,Nelem,TravelTimeHour,Freq,AccumFreq
0,3924,1.0,0.4358063083074189,0.4358063083074189
1,3081,2.0,0.34218125277654377,0.7779875610839626
2,1999,3.0,0.2220124389160373,0.9999999999999999
