,Nelem,TravelTimeHour,Freq,AccumFreq
0,3704,1,0.4713067820333376,0.4713067820333376
1,4155,2,0.5286932179666625,1.0
