,Nelem,TravelTimeHour,Freq,AccumFreq
0,3951,1.0,0.41272328423691634,0.41272328423691634
1,3435,2.0,0.3588216859918521,0.7715449702287684
2,2187,3.0,0.22845502977123158,1.0
