,Nelem,TravelTimeHour,Freq,AccumFreq
0,5469,1.0,0.43161549996053983,0.43161549996053983
1,3985,2.0,0.31449767184910427,0.7461131718096441
2,3217,3.0,0.2538868281903559,1.0
