,Nelem,TravelTimeHour,Freq,AccumFreq
0,8802,1,0.8240801423087726,0.8240801423087726
1,1879,2,0.17591985769122742,1.0
