,Nelem,TravelTimeHour,Freq,AccumFreq
0,4528,1.0,0.3400165202372907,0.3400165202372907
1,4613,2.0,0.34639933919050836,0.686415859427799
2,4176,3.0,0.31358414057220096,1.0
