,Nelem,TravelTimeHour,Freq,AccumFreq
0,3122,1.0,0.4127445795875198,0.4127445795875198
1,2675,2.0,0.35364886303543097,0.7663934426229508
2,1767,3.0,0.2336065573770492,1.0
