,Nelem,TravelTimeHour,Freq,AccumFreq
0,5860,1.0,0.35979615644378954,0.35979615644378954
1,5183,2.0,0.3182292626020753,0.6780254190458648
2,2925,3.0,0.17959108491434886,0.8576165039602136
3,2319,4.0,0.14238349603978634,1.0
