,Nelem,TravelTimeHour,Freq,AccumFreq
0,5772,1.0,0.10903938792859166,0.10903938792859166
1,6710,2.0,0.1267592330216303,0.23579862095022197
2,7526,3.0,0.14217436478700293,0.37797298573722493
3,6082,4.0,0.11489562671200529,0.4928686124492302
4,5210,5.0,0.09842259374704827,0.5912912061962785
5,4950,6.0,0.09351090960612071,0.6848021158023992
6,5731,7.0,0.10826485312175309,0.7930669689241523
7,6649,8.0,0.1256068763577973,0.9186738452819496
8,4305,9.0,0.08132615471805044,1.0
