,Nelem,TravelTimeHour,Freq,AccumFreq
0,3455,1.0,0.4316591704147926,0.4316591704147926
1,2540,2.0,0.3173413293353323,0.749000499750125
2,2009,3.0,0.25099950024987505,1.0
