,Nelem,TravelTimeHour,Freq,AccumFreq
0,2332,1,0.6366366366366366,0.6366366366366366
1,1331,2,0.3633633633633634,1.0
