,Nelem,TravelTimeHour,Freq,AccumFreq
0,6030,1,0.5537698594912297,0.5537698594912297
1,4859,2,0.4462301405087703,1.0
