,Nelem,TravelTimeHour,Freq,AccumFreq
0,5667,1,0.5529859484777517,0.5529859484777517
1,4581,2,0.44701405152224827,1.0
