,Nelem,TravelTimeHour,Freq,AccumFreq
0,1655,1.0,0.39134547174272877,0.39134547174272877
1,1606,2.0,0.37975880822889574,0.7711042799716246
2,968,3.0,0.2288957200283755,1.0
