,Nelem,TravelTimeHour,Freq,AccumFreq
0,4162,1.0,0.3944275966641395,0.3944275966641395
1,3368,2.0,0.3191811978771797,0.7136087945413192
2,3022,3.0,0.2863912054586808,1.0
