,Nelem,TravelTimeHour,Freq,AccumFreq
0,1858,1.0,0.29431332171709174,0.29431332171709174
1,2245,2.0,0.35561539680025345,0.6499287185173452
2,2210,3.0,0.3500712814826548,1.0
