,Nelem,TravelTimeHour,Freq,AccumFreq
0,3420,1,0.6301824212271974,0.6301824212271974
1,2007,2,0.36981757877280264,1.0
