,Nelem,TravelTimeHour,Freq,AccumFreq
0,5276,1.0,0.44963354354866203,0.44963354354866203
1,3665,2.0,0.31234020794273054,0.7619737514913926
2,2793,3.0,0.23802624850860746,1.0
