,Nelem,TravelTimeHour,Freq,AccumFreq
0,6149,1,0.6026068208545668,0.6026068208545668
1,4055,2,0.39739317914543315,1.0
