,Nelem,TravelTimeHour,Freq,AccumFreq
0,4619,1.0,0.3553350257712132,0.3553350257712132
1,5102,2.0,0.39249173013308714,0.7478267559043004
2,3278,3.0,0.2521732440956997,1.0
