,Nelem,TravelTimeHour,Freq,AccumFreq
0,4772,1.0,0.4997905320485966,0.4997905320485966
1,2738,2.0,0.2867616254713029,0.7865521575198995
2,2038,3.0,0.21344784248010054,1.0
