,Nelem,TravelTimeHour,Freq,AccumFreq
0,2107,1,0.7253012048192771,0.7253012048192771
1,798,2,0.2746987951807229,1.0
