,Nelem,TravelTimeHour,Freq,AccumFreq
0,5698,1,0.5306882741920462,0.5306882741920462
1,5039,2,0.46931172580795383,1.0
