,Nelem,TravelTimeHour,Freq,AccumFreq
0,3689,1,0.6362538806484995,0.6362538806484995
1,2109,2,0.36374611935150053,1.0
