,Nelem,TravelTimeHour,Freq,AccumFreq
0,5725,1,0.5659351522340846,0.5659351522340846
1,4391,2,0.43406484776591536,1.0
