,Nelem,TravelTimeHour,Freq,AccumFreq
0,8866,1.0,0.47789995687796466,0.47789995687796466
1,6406,2.0,0.34529969814575245,0.8231996550237171
2,3280,3.0,0.17680034497628289,1.0
