,Nelem,TravelTimeHour,Freq,AccumFreq
0,6944,1,0.6054054054054054,0.6054054054054054
1,4526,2,0.3945945945945946,1.0
