,Nelem,TravelTimeHour,Freq,AccumFreq
0,5330,1,0.6543891958256599,0.6543891958256599
1,2815,2,0.3456108041743401,1.0
