,Nelem,TravelTimeHour,Freq,AccumFreq
0,2029,1.0,0.5101835554438019,0.5101835554438019
1,1443,2.0,0.3628363087754589,0.8730198642192608
2,505,3.0,0.12698013578073925,1.0
