,Nelem,TravelTimeHour,Freq,AccumFreq
0,3099,1.0,0.34510022271714924,0.34510022271714924
1,2704,2.0,0.3011135857461025,0.6462138084632517
2,3177,3.0,0.35378619153674834,1.0
