,Nelem,TravelTimeHour,Freq,AccumFreq
0,5315,1,0.6214193850111072,0.6214193850111072
1,3238,2,0.3785806149888928,1.0
