,Nelem,TravelTimeHour,Freq,AccumFreq
0,2117,1,0.5553515215110179,0.5553515215110179
1,1695,2,0.44464847848898215,1.0
