,Nelem,TravelTimeHour,Freq,AccumFreq
0,3179,1.0,0.4259110396570204,0.4259110396570204
1,2286,2.0,0.3062700964630225,0.7321811361200429
2,1999,3.0,0.2678188638799571,1.0
