,Nelem,TravelTimeHour,Freq,AccumFreq
0,3928,1.0,0.4217307279364398,0.4217307279364398
1,3039,2.0,0.3262830148164054,0.7480137427528453
2,2347,3.0,0.25198625724715484,1.0
