,Nelem,TravelTimeHour,Freq,AccumFreq
0,4207,1,0.4828971533516988,0.4828971533516988
1,4505,2,0.5171028466483012,1.0
