,Nelem,TravelTimeHour,Freq,AccumFreq
0,3901,1.0,0.3399860554296671,0.3399860554296671
1,3729,2.0,0.32499564232177097,0.664981697751438
2,3844,3.0,0.33501830224856194,1.0
