,Nelem,TravelTimeHour,Freq,AccumFreq
0,7038,1,0.5963901364291162,0.5963901364291162
1,4763,2,0.4036098635708838,1.0
