,Nelem,TravelTimeHour,Freq,AccumFreq
0,7656,1,0.6533538146441372,0.6533538146441372
1,4062,2,0.3466461853558628,1.0
