,Nelem,TravelTimeHour,Freq,AccumFreq
0,6754,1.0,0.3811082270624083,0.3811082270624083
1,6088,2.0,0.3435278185306399,0.7246360455930483
2,4880,3.0,0.2753639544069518,1.0
