,Nelem,TravelTimeHour,Freq,AccumFreq
0,2429,1.0,0.33972027972027974,0.33972027972027974
1,2812,2.0,0.3932867132867133,0.733006993006993
2,1909,3.0,0.266993006993007,1.0
