,Nelem,TravelTimeHour,Freq,AccumFreq
0,3357,1,0.5581975390754905,0.5581975390754905
1,2657,2,0.4418024609245095,1.0
