,Nelem,TravelTimeHour,Freq,AccumFreq
0,1658,1.0,0.4435527019796683,0.4435527019796683
1,1108,2.0,0.29641519529159976,0.739967897271268
2,972,3.0,0.26003210272873195,1.0
