,Nelem,TravelTimeHour,Freq,AccumFreq
0,2755,1,0.6007413868294811,0.6007413868294811
1,1831,2,0.399258613170519,1.0
