,Nelem,TravelTimeHour,Freq,AccumFreq
0,3233,1,0.5485239226331863,0.5485239226331863
1,2661,2,0.4514760773668137,1.0
