,Nelem,TravelTimeHour,Freq,AccumFreq
0,4857,1.0,0.21742244505125566,0.21742244505125566
1,4952,2.0,0.22167509736335556,0.4390975424146112
2,4676,3.0,0.20932002327767582,0.648417565692287
3,4111,4.0,0.18402793321097632,0.8324454989032634
4,3743,5.0,0.16755450109673664,1.0
