,Nelem,TravelTimeHour,Freq,AccumFreq
0,2558,1,0.5914450867052023,0.5914450867052023
1,1767,2,0.4085549132947977,1.0
