,Nelem,TravelTimeHour,Freq,AccumFreq
0,5099,1.0,0.38269288501951365,0.38269288501951365
1,4643,2.0,0.3484689282497748,0.7311618132692885
2,3582,3.0,0.26883818673071147,1.0
