,Nelem,TravelTimeHour,Freq,AccumFreq
0,1711,1.0,0.36311544991511036,0.36311544991511036
1,1669,2.0,0.3542020373514431,0.7173174872665535
2,996,3.0,0.21137521222410866,0.9286926994906621
3,182,4.0,0.03862478777589134,0.9673174872665534
4,82,5.0,0.01740237691001698,0.9847198641765704
5,72,6.0,0.015280135823429542,1.0
