,Nelem,TravelTimeHour,Freq,AccumFreq
0,3375,1.0,0.45626605380559687,0.45626605380559687
1,2492,2.0,0.3368933351358659,0.7931593889414628
2,1530,3.0,0.20684061105853724,1.0
