,Nelem,TravelTimeHour,Freq,AccumFreq
0,2808,1.0,0.4352813517284142,0.4352813517284142
1,2108,2.0,0.32677104324910866,0.7620523949775229
2,899,3.0,0.1393582390327081,0.901410634010231
3,636,4.0,0.09858936598976903,1.0
