,Nelem,TravelTimeHour,Freq,AccumFreq
0,4930,1,0.5037809115062334,0.5037809115062334
1,4856,2,0.4962190884937666,1.0
