,Nelem,TravelTimeHour,Freq,AccumFreq
0,3903,1.0,0.39273495673173675,0.39273495673173675
1,2953,2.0,0.2971422821493258,0.6898772388810626
2,1396,3.0,0.14047091970215336,0.830348158583216
3,1686,4.0,0.16965184141678405,1.0
