,Nelem,TravelTimeHour,Freq,AccumFreq
0,4266,1.0,0.37963869360149505,0.37963869360149505
1,3891,2.0,0.3462667971878615,0.7259054907893565
2,3080,3.0,0.27409450921064343,1.0
