,Nelem,TravelTimeHour,Freq,AccumFreq
0,6150,1.0,0.575142616665108,0.575142616665108
1,2954,2.0,0.2762554942485738,0.8513981109136819
2,1589,3.0,0.14860188908631816,1.0
