,Nelem,TravelTimeHour,Freq,AccumFreq
0,3932,1.0,0.5259497057249867,0.5259497057249867
1,2288,2.0,0.30604601391118247,0.8319957196361691
2,1256,3.0,0.16800428036383092,1.0
