,Nelem,TravelTimeHour,Freq,AccumFreq
0,4737,1,0.5533878504672897,0.5533878504672897
1,3823,2,0.4466121495327103,1.0
