,Nelem,TravelTimeHour,Freq,AccumFreq
0,2151,1,0.6021836506159015,0.6021836506159015
1,1421,2,0.39781634938409854,1.0
