,Nelem,TravelTimeHour,Freq,AccumFreq
0,1935,1,0.39035707080895704,0.39035707080895704
1,3022,2,0.609642929191043,1.0
