,Nelem,TravelTimeHour,Freq,AccumFreq
0,2995,1.0,0.6156217882836588,0.6156217882836588
1,1207,2.0,0.24809866392600205,0.8637204522096609
2,663,3.0,0.13627954779033916,1.0
