,Nelem,TravelTimeHour,Freq,AccumFreq
0,4137,1,0.657188244638602,0.657188244638602
1,2158,2,0.3428117553613979,1.0
