,Nelem,TravelTimeHour,Freq,AccumFreq
0,2098,1.0,0.3977251184834123,0.3977251184834123
1,1708,2.0,0.3237914691943128,0.7215165876777251
2,1469,3.0,0.27848341232227486,1.0
