,Nelem,TravelTimeHour,Freq,AccumFreq
0,6425,1.0,0.4069804269335529,0.4069804269335529
1,5401,2.0,0.3421169316526256,0.7490973585861784
2,3961,3.0,0.2509026414138215,1.0
