,Nelem,TravelTimeHour,Freq,AccumFreq
0,2685,1,0.5271941881013156,0.5271941881013156
1,2408,2,0.4728058118986845,1.0
