,Nelem,TravelTimeHour,Freq,AccumFreq
0,4019,1,0.6285580231467001,0.6285580231467001
1,2375,2,0.3714419768533,1.0
