,Nelem,TravelTimeHour,Freq,AccumFreq
0,2133,1.0,0.28531300160513645,0.28531300160513645
1,1961,2.0,0.26230604601391116,0.5476190476190477
2,2090,3.0,0.2795612627073301,0.8271803103263777
3,558,4.0,0.07463884430176565,0.9018191546281433
4,734,5.0,0.0981808453718566,0.9999999999999999
