,Nelem,TravelTimeHour,Freq,AccumFreq
0,4778,1.0,0.3792063492063492,0.3792063492063492
1,4917,2.0,0.3902380952380952,0.7694444444444444
2,2905,3.0,0.23055555555555557,1.0
