,Nelem,TravelTimeHour,Freq,AccumFreq
0,5908,1,0.5579901775595013,0.5579901775595013
1,4680,2,0.4420098224404987,1.0
