,Nelem,TravelTimeHour,Freq,AccumFreq
0,2400,1,0.6027122049221497,0.6027122049221497
1,1582,2,0.39728779507785034,1.0
