,Nelem,TravelTimeHour,Freq,AccumFreq
0,4401,1.0,0.49371774736369756,0.49371774736369756
1,2343,2.0,0.26284496297958265,0.7565627103432802
2,2170,3.0,0.24343728965671976,0.9999999999999999
