,Nelem,TravelTimeHour,Freq,AccumFreq
0,1938,1.0,0.2560443915973048,0.2560443915973048
1,2647,2.0,0.34971594662438893,0.6057603382216937
2,2984,3.0,0.39423966177830627,1.0
