,Nelem,TravelTimeHour,Freq,AccumFreq
0,1656,1,0.5087557603686635,0.5087557603686635
1,1599,2,0.4912442396313364,1.0
