,Nelem,TravelTimeHour,Freq,AccumFreq
0,2758,1.0,0.396549245147376,0.396549245147376
1,1650,2.0,0.2372393961179008,0.6337886412652768
2,1462,3.0,0.21020848310567936,0.8439971243709561
3,1085,4.0,0.15600287562904386,1.0
