,Nelem,TravelTimeHour,Freq,AccumFreq
0,3824,1.0,0.4093341896810105,0.4093341896810105
1,3091,2.0,0.3308713337615072,0.7402055234425177
2,2427,3.0,0.25979447655748233,1.0
