,Nelem,TravelTimeHour,Freq,AccumFreq
0,6060,1,0.5268190906719986,0.5268190906719986
1,5443,2,0.4731809093280014,1.0
