,Nelem,TravelTimeHour,Freq,AccumFreq
0,2324,1,0.6579841449603624,0.6579841449603624
1,1208,2,0.3420158550396376,1.0
