,Nelem,TravelTimeHour,Freq,AccumFreq
0,4951,1.0,0.4165755153554901,0.4165755153554901
1,4090,2.0,0.34413125788809423,0.7607067732435844
2,2844,3.0,0.23929322675641565,1.0
