,Nelem,TravelTimeHour,Freq,AccumFreq
0,4270,1,0.6140350877192983,0.6140350877192983
1,2684,2,0.38596491228070173,1.0
