,Nelem,TravelTimeHour,Freq,AccumFreq
0,3154,1,0.7255578559926386,0.7255578559926386
1,1193,2,0.2744421440073614,1.0
