,Nelem,TravelTimeHour,Freq,AccumFreq
0,2362,1.0,0.5004237288135593,0.5004237288135593
1,1570,2.0,0.3326271186440678,0.8330508474576271
2,788,3.0,0.1669491525423729,1.0
