,Nelem,TravelTimeHour,Freq,AccumFreq
0,5599,1,0.6136562911003945,0.6136562911003945
1,3525,2,0.38634370889960545,1.0
