,Nelem,TravelTimeHour,Freq,AccumFreq
0,2094,1,0.5279878971255674,0.5279878971255674
1,1872,2,0.4720121028744327,1.0
