,Nelem,TravelTimeHour,Freq,AccumFreq
0,3932,1.0,0.46576640606491354,0.46576640606491354
1,2585,2.0,0.30620705993840325,0.7719734660033168
2,1925,3.0,0.22802653399668324,1.0
