,Nelem,TravelTimeHour,Freq,AccumFreq
0,2691,1.0,0.44435270805812416,0.44435270805812416
1,1860,2.0,0.30713342140026423,0.7514861294583883
2,423,3.0,0.06984808454425363,0.821334214002642
3,87,4.0,0.014365918097754293,0.8357001321003963
4,126,5.0,0.02080581241743725,0.8565059445178336
5,869,6.0,0.14349405548216645,1.0
