,Nelem,TravelTimeHour,Freq,AccumFreq
0,5225,1,0.5497106785902157,0.5497106785902157
1,4280,2,0.45028932140978434,1.0
