,Nelem,TravelTimeHour,Freq,AccumFreq
0,2318,1,0.533732443011743,0.533732443011743
1,2025,2,0.46626755698825695,1.0
