,Nelem,TravelTimeHour,Freq,AccumFreq
0,2259,1,0.5315294117647059,0.5315294117647059
1,1991,2,0.46847058823529414,1.0
