,Nelem,TravelTimeHour,Freq,AccumFreq
0,8133,1,0.602712316585149,0.602712316585149
1,5361,2,0.39728768341485104,1.0
