,Nelem,TravelTimeHour,Freq,AccumFreq
0,5286,1.0,0.438235781794064,0.438235781794064
1,4089,2.0,0.33899850771016415,0.7772342895042281
2,2687,3.0,0.22276571049577185,1.0
