,Nelem,TravelTimeHour,Freq,AccumFreq
0,2189,1.0,0.4671361502347418,0.4671361502347418
1,1395,2.0,0.29769526248399486,0.7648314127187367
2,1102,3.0,0.23516858728126333,1.0
