,Nelem,TravelTimeHour,Freq,AccumFreq
0,4529,1,0.6447892938496583,0.6447892938496583
1,2495,2,0.35521070615034167,1.0
