,Nelem,TravelTimeHour,Freq,AccumFreq
0,2223,1,0.5082304526748971,0.5082304526748971
1,2151,2,0.49176954732510286,1.0
