,Nelem,TravelTimeHour,Freq,AccumFreq
0,7463,1.0,0.1637879951717327,0.1637879951717327
1,8260,2.0,0.18127949083726544,0.34506748600899817
2,9731,3.0,0.21356304180840557,0.5586305278174037
3,11206,4.0,0.24593437945791727,0.804564907275321
4,8905,5.0,0.19543509272467904,1.0
