,Nelem,TravelTimeHour,Freq,AccumFreq
0,1926,1.0,0.35120350109409193,0.35120350109409193
1,2103,2.0,0.3834792122538293,0.7346827133479212
2,1455,3.0,0.26531728665207877,1.0
