,Nelem,TravelTimeHour,Freq,AccumFreq
0,3108,1.0,0.4115466101694915,0.4115466101694915
1,2567,2.0,0.3399099576271186,0.7514565677966101
2,1877,3.0,0.24854343220338984,0.9999999999999999
