,Nelem,TravelTimeHour,Freq,AccumFreq
0,1933,1.0,0.40112056443245486,0.40112056443245486
1,1786,2.0,0.37061631043785015,0.7717368748703051
2,1100,3.0,0.22826312512969496,1.0
