,Nelem,TravelTimeHour,Freq,AccumFreq
0,3739,1,0.5806802298493555,0.5806802298493555
1,2700,2,0.41931977015064453,1.0
