,Nelem,TravelTimeHour,Freq,AccumFreq
0,3187,1,0.6719375922411975,0.6719375922411975
1,1556,2,0.32806240775880247,1.0
