,Nelem,TravelTimeHour,Freq,AccumFreq
0,4494,1,0.5806201550387597,0.5806201550387597
1,3246,2,0.4193798449612403,1.0
