,Nelem,TravelTimeHour,Freq,AccumFreq
0,1883,1,0.5869700748129676,0.5869700748129676
1,1325,2,0.4130299251870324,1.0
