,Nelem,TravelTimeHour,Freq,AccumFreq
0,3590,1,0.525391482511342,0.525391482511342
1,3243,2,0.474608517488658,1.0
