,Nelem,TravelTimeHour,Freq,AccumFreq
0,2117,1,0.576996456800218,0.576996456800218
1,1552,2,0.42300354319978195,1.0
