,Nelem,TravelTimeHour,Freq,AccumFreq
0,4139,1,0.46536991230042724,0.46536991230042724
1,4755,2,0.5346300876995728,1.0
