,Nelem,TravelTimeHour,Freq,AccumFreq
0,1720,1.0,0.3881742270367863,0.3881742270367863
1,1037,2.0,0.2340329496727601,0.6222071767095464
2,1674,3.0,0.3777928232904536,1.0
