,Nelem,TravelTimeHour,Freq,AccumFreq
0,5946,1,0.636480411046885,0.636480411046885
1,3396,2,0.363519588953115,1.0
