,Nelem,TravelTimeHour,Freq,AccumFreq
0,4365,1.0,0.3799947767041003,0.3799947767041003
1,3973,2.0,0.34586924349264386,0.7258640201967441
2,3149,3.0,0.2741359798032559,1.0
