,Nelem,TravelTimeHour,Freq,AccumFreq
0,2942,1.0,0.1774213002050416,0.1774213002050416
1,2574,2.0,0.15522856109033892,0.33264986129538054
2,2426,3.0,0.1463032203594259,0.47895308165480643
3,2842,4.0,0.17139066457604632,0.6503437462308528
4,2810,5.0,0.16946086117476783,0.8198046074056207
5,2988,6.0,0.18019539259437944,1.0
