,Nelem,TravelTimeHour,Freq,AccumFreq
0,8998,1.0,0.42927341252802825,0.42927341252802825
1,7078,2.0,0.33767472925910025,0.7669481417871284
2,4885,3.0,0.23305185821287153,1.0
