,Nelem,TravelTimeHour,Freq,AccumFreq
0,5261,1,0.5815187354924284,0.5815187354924284
1,3786,2,0.41848126450757156,1.0
