,Nelem,TravelTimeHour,Freq,AccumFreq
0,2187,1.0,0.3661476644902059,0.3661476644902059
1,1999,2.0,0.3346726937887159,0.7008203582789219
2,1787,3.0,0.2991796417210782,1.0
