,Nelem,TravelTimeHour,Freq,AccumFreq
0,6529,1.0,0.4473449811579308,0.4473449811579308
1,5068,2.0,0.347242206235012,0.7945871873929429
2,2998,3.0,0.2054128126070572,1.0
