,Nelem,TravelTimeHour,Freq,AccumFreq
0,5503,1.0,0.39408478945860786,0.39408478945860786
1,4877,2.0,0.3492552277284446,0.7433400171870524
2,3584,3.0,0.2566599828129476,1.0
