,Nelem,TravelTimeHour,Freq,AccumFreq
0,2375,1.0,0.2653927813163482,0.2653927813163482
1,3774,2.0,0.4217230975527992,0.6871158788691474
2,2800,3.0,0.3128841211308526,1.0
