,Nelem,TravelTimeHour,Freq,AccumFreq
0,7240,1,0.5813393287297254,0.5813393287297254
1,5214,2,0.4186606712702746,1.0
