,Nelem,TravelTimeHour,Freq,AccumFreq
0,2064,1.0,0.44187540141297366,0.44187540141297366
1,712,2.0,0.15242988653393277,0.5943052879469064
2,1063,3.0,0.227574395204453,0.8218796831513594
3,832,4.0,0.17812031684864055,1.0
