,Nelem,TravelTimeHour,Freq,AccumFreq
0,3964,1.0,0.44176975370556115,0.44176975370556115
1,2082,2.0,0.23202942159812773,0.6737991753036889
2,2099,3.0,0.23392399420483673,0.9077231695085257
3,828,4.0,0.09227683049147442,1.0000000000000002
