,Nelem,TravelTimeHour,Freq,AccumFreq
0,5300,1.0,0.3941399568677028,0.3941399568677028
1,4650,2.0,0.34580203762921097,0.7399419944969138
2,3497,3.0,0.26005800550308616,1.0
