,Nelem,TravelTimeHour,Freq,AccumFreq
0,6162,1.0,0.4306681576740285,0.4306681576740285
1,4953,2.0,0.34616997483925077,0.7768381325132793
2,3193,3.0,0.2231618674867207,1.0
