,Nelem,TravelTimeHour,Freq,AccumFreq
0,6257,1.0,0.2506208443483137,0.2506208443483137
1,5826,2.0,0.23335736601778417,0.4839782103660979
2,4111,3.0,0.1646639429624289,0.6486421533285268
3,3176,4.0,0.12721300969318272,0.7758551630217095
4,3016,5.0,0.12080429383962188,0.8966594568613314
5,2580,6.0,0.10334054313866858,1.0
