,Nelem,TravelTimeHour,Freq,AccumFreq
0,5977,1,0.656452498627128,0.656452498627128
1,3128,2,0.34354750137287204,1.0
