,Nelem,TravelTimeHour,Freq,AccumFreq
0,3103,1,0.44653907036983737,0.44653907036983737
1,3846,2,0.5534609296301626,1.0
