,Nelem,TravelTimeHour,Freq,AccumFreq
0,3397,1,0.5066368381804623,0.5066368381804623
1,3308,2,0.49336316181953765,1.0
