,Nelem,TravelTimeHour,Freq,AccumFreq
0,45299,1.0,0.1943203998026725,0.1943203998026725
1,42389,2.0,0.18183729060764,0.3761576904103125
2,38898,3.0,0.16686184930184672,0.5430195397121592
3,32017,4.0,0.13734422924307746,0.6803637689552366
4,23536,5.0,0.10096304399116315,0.7813268129463998
5,16318,6.0,0.06999978551358771,0.8513265984599876
6,14249,7.0,0.061124337773202066,0.9124509362331896
7,12773,8.0,0.05479269888252579,0.9672436351157154
8,7636,9.0,0.03275636488428458,1.0
