,Nelem,TravelTimeHour,Freq,AccumFreq
0,4491,1,0.6158804168952277,0.6158804168952277
1,2801,2,0.38411958310477234,1.0
