,Nelem,TravelTimeHour,Freq,AccumFreq
0,6893,1,0.5618224794196756,0.5618224794196756
1,5376,2,0.4381775205803244,1.0
