,Nelem,TravelTimeHour,Freq,AccumFreq
0,3206,1.0,0.2792196481449225,0.2792196481449225
1,2954,2.0,0.25727225222086747,0.53649190036579
2,2972,3.0,0.2588399233583,0.79533182372409
3,2350,4.0,0.2046681762759101,1.0
