,Nelem,TravelTimeHour,Freq,AccumFreq
0,3309,1,0.5659312467932273,0.5659312467932273
1,2538,2,0.4340687532067727,1.0
