,Nelem,TravelTimeHour,Freq,AccumFreq
0,5785,1.0,0.5303933253873659,0.5303933253873659
1,3745,2.0,0.3433574768497295,0.8737508022370954
2,1377,3.0,0.12624919776290455,1.0
