,Nelem,TravelTimeHour,Freq,AccumFreq
0,4895,1,0.6405391258832767,0.6405391258832767
1,2747,2,0.3594608741167234,1.0
