,Nelem,TravelTimeHour,Freq,AccumFreq
0,6630,1.0,0.4219704684317719,0.4219704684317719
1,5415,2.0,0.34464103869653767,0.7666115071283095
2,3667,3.0,0.23338849287169042,0.9999999999999999
