,Nelem,TravelTimeHour,Freq,AccumFreq
0,6453,1.0,0.39917109983916865,0.39917109983916865
1,5458,2.0,0.3376221699863912,0.7367932698255599
2,4255,3.0,0.2632067301744402,1.0
