,Nelem,TravelTimeHour,Freq,AccumFreq
0,3695,1.0,0.5483009348568036,0.5483009348568036
1,1774,2.0,0.263243804718801,0.8115447395756046
2,1270,3.0,0.1884552604243953,0.9999999999999999
