,Nelem,TravelTimeHour,Freq,AccumFreq
0,4808,1,0.5963780699578268,0.5963780699578268
1,3254,2,0.40362193004217317,1.0
