,Nelem,TravelTimeHour,Freq,AccumFreq
0,2841,1,0.4814438230808338,0.4814438230808338
1,3060,2,0.5185561769191662,1.0
