,Nelem,TravelTimeHour,Freq,AccumFreq
0,3531,1,0.6327956989247312,0.6327956989247312
1,2049,2,0.3672043010752688,1.0
