,Nelem,TravelTimeHour,Freq,AccumFreq
0,5363,1.0,0.4299342632675966,0.4299342632675966
1,4399,2.0,0.35265351932018596,0.7825877825877825
2,2712,3.0,0.21741221741221742,0.9999999999999999
