,Nelem,TravelTimeHour,Freq,AccumFreq
0,3913,1,0.48875843117661755,0.48875843117661755
1,4093,2,0.5112415688233825,1.0
