,Nelem,TravelTimeHour,Freq,AccumFreq
0,6080,1,0.5999013320177602,0.5999013320177602
1,4055,2,0.40009866798223975,1.0
