,Nelem,TravelTimeHour,Freq,AccumFreq
0,1240,1.0,0.2800993901061667,0.2800993901061667
1,1559,2.0,0.35215721707702735,0.6322566071831941
2,1628,3.0,0.36774339281680596,1.0
