,Nelem,TravelTimeHour,Freq,AccumFreq
0,2376,1.0,0.38596491228070173,0.38596491228070173
1,2004,2.0,0.3255360623781676,0.7115009746588694
2,1776,3.0,0.2884990253411306,1.0
