,Nelem,TravelTimeHour,Freq,AccumFreq
0,3860,1,0.7428791377983064,0.7428791377983064
1,1336,2,0.2571208622016936,1.0
