,Nelem,TravelTimeHour,Freq,AccumFreq
0,2761,1,0.5639297385620915,0.5639297385620915
1,2135,2,0.4360702614379085,1.0
