,Nelem,TravelTimeHour,Freq,AccumFreq
0,3380,1,0.8505284348263714,0.8505284348263714
1,594,2,0.14947156517362858,1.0
