,Nelem,TravelTimeHour,Freq,AccumFreq
0,4047,1,0.5725806451612904,0.5725806451612904
1,3021,2,0.4274193548387097,1.0
