,Nelem,TravelTimeHour,Freq,AccumFreq
0,6495,1.0,0.3627680965147453,0.3627680965147453
1,6463,2.0,0.36098078641644327,0.7237488829311886
2,4946,3.0,0.27625111706881145,1.0
