,Nelem,TravelTimeHour,Freq,AccumFreq
0,3292,1.0,0.49743124811121187,0.49743124811121187
1,2237,2.0,0.33801752795406464,0.8354487760652765
2,1089,3.0,0.1645512239347235,1.0
