,Nelem,TravelTimeHour,Freq,AccumFreq
0,2389,1.0,0.4063616261268923,0.4063616261268923
1,2115,2.0,0.3597550603844191,0.7661166865113114
2,1375,3.0,0.23388331348868854,0.9999999999999999
