,Nelem,TravelTimeHour,Freq,AccumFreq
0,7809,1.0,0.4176605872599882,0.4176605872599882
1,6315,2.0,0.3377547200085575,0.7554153072685457
2,4573,3.0,0.24458469273145425,0.9999999999999999
