,Nelem,TravelTimeHour,Freq,AccumFreq
0,6427,1.0,0.47484299963058735,0.47484299963058735
1,4091,2.0,0.3022534170668637,0.777096416697451
2,3017,3.0,0.22290358330254895,1.0
