,Nelem,TravelTimeHour,Freq,AccumFreq
0,4246,1,0.6068314992139489,0.6068314992139489
1,2751,2,0.39316850078605114,1.0
