,Nelem,TravelTimeHour,Freq,AccumFreq
0,1909,1,0.5027653410587306,0.5027653410587306
1,1888,2,0.49723465894126945,1.0
