,Nelem,TravelTimeHour,Freq,AccumFreq
0,2346,1.0,0.34760705289672544,0.34760705289672544
1,2430,2.0,0.3600533412357386,0.7076603941324641
2,1973,3.0,0.29233960586753593,1.0
