,Nelem,TravelTimeHour,Freq,AccumFreq
0,6472,1,0.5629294598590937,0.5629294598590937
1,5025,2,0.43707054014090635,1.0
