,Nelem,TravelTimeHour,Freq,AccumFreq
0,4780,1,0.5881629137443091,0.5881629137443091
1,3347,2,0.41183708625569093,1.0
