,Nelem,TravelTimeHour,Freq,AccumFreq
0,3452,1,0.6112980343545246,0.6112980343545246
1,2195,2,0.3887019656454755,1.0
