,Nelem,TravelTimeHour,Freq,AccumFreq
0,2479,1,0.6348271446862996,0.6348271446862996
1,1426,2,0.36517285531370036,1.0
