,Nelem,TravelTimeHour,Freq,AccumFreq
0,6395,1.0,0.5120506045319881,0.5120506045319881
1,4940,2.0,0.39554808231243493,0.907598686844423
2,1154,3.0,0.09240131315557691,0.9999999999999999
