,Nelem,TravelTimeHour,Freq,AccumFreq
0,1984,1.0,0.4155844155844156,0.4155844155844156
1,1443,2.0,0.3022622538751571,0.7178466694595727
2,1347,3.0,0.2821533305404273,1.0
