,Nelem,TravelTimeHour,Freq,AccumFreq
0,3753,1,0.5291132102072466,0.5291132102072466
1,3340,2,0.47088678979275345,1.0
