,Nelem,TravelTimeHour,Freq,AccumFreq
0,3765,1,0.6002869897959183,0.6002869897959183
1,2507,2,0.3997130102040816,1.0
