,Nelem,TravelTimeHour,Freq,AccumFreq
0,5133,1,0.7712997746055598,0.7712997746055598
1,1522,2,0.22870022539444027,1.0
