,Nelem,TravelTimeHour,Freq,AccumFreq
0,6155,1,0.533963737312397,0.533963737312397
1,5372,2,0.466036262687603,1.0
