,Nelem,TravelTimeHour,Freq,AccumFreq
0,4277,1.0,0.46871232876712327,0.46871232876712327
1,3308,2.0,0.3625205479452055,0.8312328767123287
2,1540,3.0,0.16876712328767124,1.0
