,Nelem,TravelTimeHour,Freq,AccumFreq
0,3207,1.0,0.4392548965895083,0.4392548965895083
1,2254,2.0,0.3087248322147651,0.7479797288042733
2,1840,3.0,0.2520202711957266,1.0
