,Nelem,TravelTimeHour,Freq,AccumFreq
0,6611,1,0.6723278755212041,0.6723278755212041
1,3222,2,0.3276721244787959,1.0
