,Nelem,TravelTimeHour,Freq,AccumFreq
0,3718,1,0.5383724297712135,0.5383724297712135
1,3188,2,0.4616275702287866,1.0
