,Nelem,TravelTimeHour,Freq,AccumFreq
0,2940,1.0,0.623541887592789,0.623541887592789
1,1250,2.0,0.2651113467656416,0.8886532343584306
2,525,3.0,0.11134676564156946,1.0
