,Nelem,TravelTimeHour,Freq,AccumFreq
0,5140,1.0,0.5123093790491379,0.5123093790491379
1,3458,2.0,0.3446626133758597,0.8569719924249976
2,1435,3.0,0.1430280075750025,1.0
