,Nelem,TravelTimeHour,Freq,AccumFreq
0,960,1.0,0.28377180017735737,0.28377180017735737
1,960,2.0,0.28377180017735737,0.5675436003547147
2,1463,3.0,0.43245639964528526,1.0
