,Nelem,TravelTimeHour,Freq,AccumFreq
0,4836,1,0.6109146033350177,0.6109146033350177
1,3080,2,0.3890853966649823,1.0
