,Nelem,TravelTimeHour,Freq,AccumFreq
0,3833,1.0,0.2398473186909455,0.2398473186909455
1,4105,2.0,0.2568675301921031,0.4967148488830486
2,4236,3.0,0.2650647644077342,0.7617796132907828
3,3807,4.0,0.2382203867092172,1.0
