,Nelem,TravelTimeHour,Freq,AccumFreq
0,2225,1.0,0.4063926940639269,0.4063926940639269
1,2044,2.0,0.37333333333333335,0.7797260273972603
2,1206,3.0,0.22027397260273973,1.0
