,Nelem,TravelTimeHour,Freq,AccumFreq
0,1771,1.0,0.36957429048414026,0.36957429048414026
1,1808,2.0,0.3772954924874791,0.7468697829716193
2,1213,3.0,0.2531302170283806,1.0
