,Nelem,TravelTimeHour,Freq,AccumFreq
0,3077,1,0.5526221264367817,0.5526221264367817
1,2491,2,0.4473778735632184,1.0
