,Nelem,TravelTimeHour,Freq,AccumFreq
0,3580,1.0,0.3511869727290563,0.3511869727290563
1,3411,2.0,0.3346085932901707,0.685795566019227
2,3203,3.0,0.314204433980773,1.0
