,Nelem,TravelTimeHour,Freq,AccumFreq
0,3519,1,0.7460250158999364,0.7460250158999364
1,1198,2,0.2539749841000636,1.0
