,Nelem,TravelTimeHour,Freq,AccumFreq
0,6304,1.0,0.4733443459978976,0.4733443459978976
1,3728,2.0,0.27992191019672624,0.7532662561946238
2,3286,3.0,0.2467337438053762,1.0
