,Nelem,TravelTimeHour,Freq,AccumFreq
0,4100,1,0.6249047401310776,0.6249047401310776
1,2461,2,0.3750952598689224,1.0
