,Nelem,TravelTimeHour,Freq,AccumFreq
0,5243,1,0.5766608007039156,0.5766608007039156
1,3849,2,0.4233391992960845,1.0
