,Nelem,TravelTimeHour,Freq,AccumFreq
0,2016,1.0,0.3155423383941149,0.3155423383941149
1,1853,2.0,0.2900297386132415,0.6055720770073564
2,2520,3.0,0.3944279229926436,1.0
