,Nelem,TravelTimeHour,Freq,AccumFreq
0,1868,1.0,0.2883606051250386,0.2883606051250386
1,2573,2.0,0.39719049089225067,0.6855510960172893
2,2037,3.0,0.3144489039827107,1.0
