,Nelem,TravelTimeHour,Freq,AccumFreq
0,2844,1,0.5161524500907441,0.5161524500907441
1,2666,2,0.4838475499092559,1.0
