,Nelem,TravelTimeHour,Freq,AccumFreq
0,2779,1,0.46737302388160107,0.46737302388160107
1,3167,2,0.5326269761183989,1.0
