,Nelem,TravelTimeHour,Freq,AccumFreq
0,5919,1,0.624103753690426,0.624103753690426
1,3565,2,0.375896246309574,1.0
