,Nelem,TravelTimeHour,Freq,AccumFreq
0,2141,1.0,0.37780130580554083,0.37780130580554083
1,2042,2.0,0.36033174519145933,0.7381330509970001
2,1484,3.0,0.26186694900299984,1.0
