,Nelem,TravelTimeHour,Freq,AccumFreq
0,7776,1.0,0.3810457196060175,0.3810457196060175
1,6391,2.0,0.3131768510805116,0.694222570686529
2,3868,3.0,0.18954280393982456,0.8837653746263536
3,2372,4.0,0.1162346253736463,0.9999999999999999
