,Nelem,TravelTimeHour,Freq,AccumFreq
0,3446,1,0.516332034761762,0.516332034761762
1,3228,2,0.48366796523823796,1.0
