,Nelem,TravelTimeHour,Freq,AccumFreq
0,10000,1.0,0.5055356149840756,0.5055356149840756
1,4959,2.0,0.2506951114706031,0.7562307264546787
2,4822,3.0,0.24376927354532127,1.0
