,Nelem,TravelTimeHour,Freq,AccumFreq
0,3244,1,0.8613913967073819,0.8613913967073819
1,522,2,0.13860860329261815,1.0
