,Nelem,TravelTimeHour,Freq,AccumFreq
0,2347,1,0.4905936454849498,0.4905936454849498
1,2437,2,0.5094063545150501,1.0
