,Nelem,TravelTimeHour,Freq,AccumFreq
0,5632,1.0,0.41755634638196915,0.41755634638196915
1,3852,2.0,0.28558718861209964,0.7031435349940688
2,4004,3.0,0.2968564650059312,1.0
