,Nelem,TravelTimeHour,Freq,AccumFreq
0,1414,1,0.4427050720100188,0.4427050720100188
1,1780,2,0.5572949279899813,1.0
