,Nelem,TravelTimeHour,Freq,AccumFreq
0,1449,1,0.5541108986615679,0.5541108986615679
1,1166,2,0.4458891013384321,1.0
