,Nelem,TravelTimeHour,Freq,AccumFreq
0,4049,1.0,0.4161356628982528,0.4161356628982528
1,3480,2.0,0.35765673175745116,0.7737923946557039
2,2201,3.0,0.226207605344296,0.9999999999999999
