,Nelem,TravelTimeHour,Freq,AccumFreq
0,6241,1.0,0.4604544783827652,0.4604544783827652
1,4308,2.0,0.3178397521027003,0.7782942304854655
2,3005,3.0,0.22170576951453447,1.0
