,Nelem,TravelTimeHour,Freq,AccumFreq
0,6495,1,0.5862442458705659,0.5862442458705659
1,4584,2,0.41375575412943405,1.0
