,Nelem,TravelTimeHour,Freq,AccumFreq
0,3810,1.0,0.36175465248765665,0.36175465248765665
1,3915,2.0,0.3717242688947968,0.7334789213824535
2,2807,3.0,0.26652107861754654,1.0
