,Nelem,TravelTimeHour,Freq,AccumFreq
0,3638,1.0,0.45583260243077306,0.45583260243077306
1,2710,2.0,0.33955644656058137,0.7953890489913544
2,1633,3.0,0.20461095100864554,1.0
