,Nelem,TravelTimeHour,Freq,AccumFreq
0,2338,1,0.6755273042473273,0.6755273042473273
1,1123,2,0.3244726957526726,1.0
