,Nelem,TravelTimeHour,Freq,AccumFreq
0,2022,1.0,0.20940347970173986,0.20940347970173986
1,2215,2.0,0.2293910521955261,0.43879453189726597
2,1619,3.0,0.16766777133388566,0.6064623032311516
3,1895,4.0,0.19625103562551782,0.8027133388566694
4,1905,5.0,0.19728666114333057,1.0
