,Nelem,TravelTimeHour,Freq,AccumFreq
0,3047,1,0.5640503517215846,0.5640503517215846
1,2355,2,0.4359496482784154,1.0
