,Nelem,TravelTimeHour,Freq,AccumFreq
0,6543,1,0.6275055145295867,0.6275055145295867
1,3884,2,0.37249448547041336,1.0
