,Nelem,TravelTimeHour,Freq,AccumFreq
0,6639,1,0.5770534550195567,0.5770534550195567
1,4866,2,0.42294654498044326,1.0
