,Nelem,TravelTimeHour,Freq,AccumFreq
0,3858,1,0.6234647705235941,0.6234647705235941
1,2330,2,0.37653522947640594,1.0
