,Nelem,TravelTimeHour,Freq,AccumFreq
0,4427,1.0,0.44190457177081255,0.44190457177081255
1,3240,2.0,0.3234178478738271,0.7653224196446397
2,2351,3.0,0.23467758035536035,1.0
