,Nelem,TravelTimeHour,Freq,AccumFreq
0,2345,1,0.5400736987563335,0.5400736987563335
1,1997,2,0.4599263012436665,1.0
