,Nelem,TravelTimeHour,Freq,AccumFreq
0,4970,1.0,0.40734366035570857,0.40734366035570857
1,3896,2.0,0.3193180886812556,0.7266617490369642
2,3335,3.0,0.2733382509630358,1.0
