,Nelem,TravelTimeHour,Freq,AccumFreq
0,4495,1.0,0.29809669076198686,0.29809669076198686
1,4615,2.0,0.30605477816831356,0.6041514689303005
2,2895,3.0,0.19198885867763113,0.7961403276079316
3,1943,4.0,0.12885469858743948,0.9249950261953711
4,1131,5.0,0.07500497380462895,1.0
