,Nelem,TravelTimeHour,Freq,AccumFreq
0,4785,1,0.6207836014530358,0.6207836014530358
1,2923,2,0.3792163985469642,1.0
