,Nelem,TravelTimeHour,Freq,AccumFreq
0,4334,1,0.5866269626421223,0.5866269626421223
1,3054,2,0.4133730373578776,1.0
