,Nelem,TravelTimeHour,Freq,AccumFreq
0,9928,1,0.6308298386071928,0.6308298386071928
1,5810,2,0.36917016139280723,1.0
