,Nelem,TravelTimeHour,Freq,AccumFreq
0,3578,1.0,0.3975113876235974,0.3975113876235974
1,3097,2.0,0.3440728807910232,0.7415842684146206
2,2326,3.0,0.2584157315853794,1.0
