,Nelem,TravelTimeHour,Freq,AccumFreq
0,4666,1.0,0.5249184385195185,0.5249184385195185
1,2588,2.0,0.2911463606704916,0.8160647991900101
2,1635,3.0,0.18393520080998987,1.0
