,Nelem,TravelTimeHour,Freq,AccumFreq
0,3977,1,0.5573931324456902,0.5573931324456902
1,3158,2,0.4426068675543097,1.0
