,Nelem,TravelTimeHour,Freq,AccumFreq
0,3435,1.0,0.3550387596899225,0.3550387596899225
1,3475,2.0,0.35917312661498707,0.7142118863049096
2,2765,3.0,0.28578811369509044,1.0
