,Nelem,TravelTimeHour,Freq,AccumFreq
0,5908,1,0.5018262125201732,0.5018262125201732
1,5865,2,0.4981737874798267,1.0
