,Nelem,TravelTimeHour,Freq,AccumFreq
0,6665,1.0,0.44647642015005357,0.44647642015005357
1,4499,2.0,0.30137995712754556,0.7478563772775991
2,1984,3.0,0.13290460878885316,0.8807609860664523
3,1780,4.0,0.1192390139335477,1.0
