,Nelem,TravelTimeHour,Freq,AccumFreq
0,3732,1.0,0.37681744749596124,0.37681744749596124
1,3428,2.0,0.34612277867528274,0.722940226171244
2,2744,3.0,0.2770597738287561,1.0
