,Nelem,TravelTimeHour,Freq,AccumFreq
0,7049,1.0,0.4886993899057127,0.4886993899057127
1,4354,2.0,0.30185801442041044,0.7905574043261232
2,3021,3.0,0.20944259567387688,1.0
