,Nelem,TravelTimeHour,Freq,AccumFreq
0,9264,1.0,0.48097191215409374,0.48097191215409374
1,6515,2.0,0.338248273713722,0.8192201858678158
2,3482,3.0,0.18077981413218422,1.0
