,Nelem,TravelTimeHour,Freq,AccumFreq
0,3582,1,0.6858127512923607,0.6858127512923607
1,1641,2,0.3141872487076393,1.0
