,Nelem,TravelTimeHour,Freq,AccumFreq
0,3144,1,0.670076726342711,0.670076726342711
1,1548,2,0.329923273657289,1.0
