,Nelem,TravelTimeHour,Freq,AccumFreq
0,1931,1.0,0.5496726444634216,0.5496726444634216
1,1069,2.0,0.3042983205237689,0.8539709649871905
2,513,3.0,0.14602903501280956,1.0
