,Nelem,TravelTimeHour,Freq,AccumFreq
0,2635,1,0.7279005524861878,0.7279005524861878
1,985,2,0.27209944751381215,1.0
