,Nelem,TravelTimeHour,Freq,AccumFreq
0,5344,1.0,0.4052475923257754,0.4052475923257754
1,4177,2.0,0.316751346022598,0.7219989383483734
2,3666,3.0,0.2780010616516266,1.0
