,Nelem,TravelTimeHour,Freq,AccumFreq
0,6563,1,0.6604609036932676,0.6604609036932676
1,3374,2,0.3395390963067324,1.0
