,Nelem,TravelTimeHour,Freq,AccumFreq
0,3294,1.0,0.35061202767429483,0.35061202767429483
1,3338,2.0,0.35529536987759447,0.7059073975518892
2,2763,3.0,0.2940926024481107,1.0
