,Nelem,TravelTimeHour,Freq,AccumFreq
0,3435,1,0.7219419924337958,0.7219419924337958
1,1323,2,0.2780580075662043,1.0
