,Nelem,TravelTimeHour,Freq,AccumFreq
0,2718,1,0.5810175288584866,0.5810175288584866
1,1960,2,0.4189824711415135,1.0
