,Nelem,TravelTimeHour,Freq,AccumFreq
0,4564,1.0,0.43516399694889396,0.43516399694889396
1,3241,2.0,0.30901983218916856,0.7441838291380625
2,1535,3.0,0.1463577421815408,0.8905415713196032
3,1148,4.0,0.10945842868039664,0.9999999999999999
