,Nelem,TravelTimeHour,Freq,AccumFreq
0,4473,1,0.5979946524064171,0.5979946524064171
1,3007,2,0.40200534759358286,1.0
