,Nelem,TravelTimeHour,Freq,AccumFreq
0,3508,1,0.6958936718904979,0.6958936718904979
1,1533,2,0.30410632810950206,1.0
