,Nelem,TravelTimeHour,Freq,AccumFreq
0,11276,1.0,0.24764456547998157,0.24764456547998157
1,11332,2.0,0.2488744427118793,0.4965190081918609
2,11899,3.0,0.26132694968484393,0.7578459578767048
3,11026,4.0,0.2421540421232952,1.0
