,Nelem,TravelTimeHour,Freq,AccumFreq
0,3484,1,0.502596653202539,0.502596653202539
1,3448,2,0.49740334679746107,1.0
