,Nelem,TravelTimeHour,Freq,AccumFreq
0,2856,1,0.6140614921522253,0.6140614921522253
1,1795,2,0.38593850784777467,1.0
