,Nelem,TravelTimeHour,Freq,AccumFreq
0,4896,1.0,0.450828729281768,0.450828729281768
1,3484,2.0,0.32081031307550645,0.7716390423572744
2,2480,3.0,0.2283609576427256,1.0
