,Nelem,TravelTimeHour,Freq,AccumFreq
0,2523,1.0,0.46601403768008864,0.46601403768008864
1,1492,2.0,0.27558182489841154,0.7415958625785002
2,1399,3.0,0.2584041374214998,1.0
