,Nelem,TravelTimeHour,Freq,AccumFreq
0,3789,1.0,0.45910577971646677,0.45910577971646677
1,2070,2.0,0.25081788440567065,0.7099236641221374
2,1301,3.0,0.15763964618926452,0.8675633103114019
3,1093,4.0,0.1324366896885981,1.0
