,Nelem,TravelTimeHour,Freq,AccumFreq
0,3409,1,0.6519410977242303,0.6519410977242303
1,1820,2,0.34805890227576974,1.0
