,Nelem,TravelTimeHour,Freq,AccumFreq
0,2380,1.0,0.2938997283279822,0.2938997283279822
1,1684,2.0,0.20795258088416893,0.5018523092121512
2,1268,3.0,0.15658187206717708,0.6584341812793283
3,1223,4.0,0.15102494443072365,0.809459125710052
4,1543,5.0,0.19054087428994815,1.0
