,Nelem,TravelTimeHour,Freq,AccumFreq
0,1655,1.0,0.22683662280701755,0.22683662280701755
1,1690,2.0,0.23163377192982457,0.45847039473684215
2,1831,3.0,0.25095942982456143,0.7094298245614036
3,2120,4.0,0.2905701754385965,1.0
