,Nelem,TravelTimeHour,Freq,AccumFreq
0,1993,1,0.5844574780058651,0.5844574780058651
1,1417,2,0.4155425219941349,1.0
