,Nelem,TravelTimeHour,Freq,AccumFreq
0,2914,1,0.5393300018508236,0.5393300018508236
1,2489,2,0.46066999814917636,1.0
