,Nelem,TravelTimeHour,Freq,AccumFreq
0,3085,1.0,0.3353625394064572,0.3353625394064572
1,1966,2.0,0.21371888248722687,0.5490814218936841
2,1737,3.0,0.18882487226872485,0.737906294162409
3,1282,4.0,0.13936297423633004,0.8772692683987391
4,1129,5.0,0.12273073160126101,1.0
