,Nelem,TravelTimeHour,Freq,AccumFreq
0,7201,1,0.6177934111187371,0.6177934111187371
1,4455,2,0.38220658888126285,1.0
