,Nelem,TravelTimeHour,Freq,AccumFreq
0,5215,1,0.5439090529828953,0.5439090529828953
1,4373,2,0.45609094701710473,1.0
