,Nelem,TravelTimeHour,Freq,AccumFreq
0,7304,1.0,0.5298897272199652,0.5298897272199652
1,3597,2.0,0.2609547301218804,0.7908444573418456
2,2883,3.0,0.2091555426581544,1.0
