,Nelem,TravelTimeHour,Freq,AccumFreq
0,4719,1,0.5956077243468383,0.5956077243468383
1,3204,2,0.40439227565316166,1.0
