,Nelem,TravelTimeHour,Freq,AccumFreq
0,2999,1.0,0.4874045181212417,0.4874045181212417
1,2097,2.0,0.340809361287177,0.8282138794084186
2,1057,3.0,0.17178612059158135,1.0
