,Nelem,TravelTimeHour,Freq,AccumFreq
0,2847,1.0,0.3388478933587241,0.3388478933587241
1,3074,2.0,0.36586527017376813,0.7047131635324922
2,2481,3.0,0.29528683646750775,1.0
