,Nelem,TravelTimeHour,Freq,AccumFreq
0,3394,1,0.5523189585028478,0.5523189585028478
1,2751,2,0.44768104149715215,1.0
