,Nelem,TravelTimeHour,Freq,AccumFreq
0,1973,1.0,0.3756664127951257,0.3756664127951257
1,1423,2.0,0.27094440213252097,0.6466108149276466
2,1002,3.0,0.19078446306169078,0.8373952779893374
3,854,4.0,0.16260472201066262,1.0
