,Nelem,TravelTimeHour,Freq,AccumFreq
0,2192,1.0,0.2793424238562508,0.2793424238562508
1,2777,2.0,0.35389320759525933,0.6332356314515102
2,2878,3.0,0.36676436854848987,1.0
