,Nelem,TravelTimeHour,Freq,AccumFreq
0,4693,1.0,0.3590390941779512,0.3590390941779512
1,4265,2.0,0.326294851197307,0.6853339453752583
2,4113,3.0,0.3146660546247418,1.0
