,Nelem,TravelTimeHour,Freq,AccumFreq
0,3192,1,0.5668620138518913,0.5668620138518913
1,2439,2,0.43313798614810867,1.0
