,Nelem,TravelTimeHour,Freq,AccumFreq
0,1943,1,0.45439663236669786,0.45439663236669786
1,2333,2,0.5456033676333022,1.0
