,Nelem,TravelTimeHour,Freq,AccumFreq
0,3670,1,0.5825396825396826,0.5825396825396826
1,2630,2,0.4174603174603175,1.0
