,Nelem,TravelTimeHour,Freq,AccumFreq
0,2222,1.0,0.44413351988806715,0.44413351988806715
1,1570,2.0,0.31381171297221666,0.7579452328602838
2,1211,3.0,0.24205476713971616,1.0
