,Nelem,TravelTimeHour,Freq,AccumFreq
0,4375,1,0.6911532385466035,0.6911532385466035
1,1955,2,0.3088467614533965,1.0
