,Nelem,TravelTimeHour,Freq,AccumFreq
0,7154,1,0.7010289073983341,0.7010289073983341
1,3051,2,0.2989710926016659,1.0
