,Nelem,TravelTimeHour,Freq,AccumFreq
0,3734,1.0,0.387344398340249,0.387344398340249
1,3239,2.0,0.33599585062240667,0.7233402489626557
2,2667,3.0,0.2766597510373444,1.0
