,Nelem,TravelTimeHour,Freq,AccumFreq
0,2546,1.0,0.32453792224346717,0.32453792224346717
1,2752,2.0,0.3507966857871256,0.6753346080305928
2,2547,3.0,0.32466539196940725,1.0
