,Nelem,TravelTimeHour,Freq,AccumFreq
0,4651,1.0,0.41423227645172783,0.41423227645172783
1,4270,2.0,0.3802992518703242,0.794531528322052
2,2307,3.0,0.205468471677948,1.0
