,Nelem,TravelTimeHour,Freq,AccumFreq
0,4121,1.0,0.37762301841840007,0.37762301841840007
1,3831,2.0,0.35104920736736,0.7286722257857601
2,2961,3.0,0.27132777421423987,1.0
