,Nelem,TravelTimeHour,Freq,AccumFreq
0,3834,1,0.5686739839810145,0.5686739839810145
1,2908,2,0.43132601601898546,1.0
