,Nelem,TravelTimeHour,Freq,AccumFreq
0,5810,1,0.590387155776852,0.590387155776852
1,4031,2,0.40961284422314803,1.0
