,Nelem,TravelTimeHour,Freq,AccumFreq
0,4704,1,0.7231360491929285,0.7231360491929285
1,1801,2,0.2768639508070715,1.0
