,Nelem,TravelTimeHour,Freq,AccumFreq
0,2187,1.0,0.28491401771756125,0.28491401771756125
1,2066,2.0,0.2691505992704534,0.5540646169880146
2,1841,3.0,0.23983845752996352,0.793903074517978
3,1582,4.0,0.20609692548202188,0.9999999999999999
