,Nelem,TravelTimeHour,Freq,AccumFreq
0,2152,1.0,0.500814521759367,0.500814521759367
1,1144,2.0,0.2662322550616709,0.767046776821038
2,1001,3.0,0.23295322317896205,1.0
