,Nelem,TravelTimeHour,Freq,AccumFreq
0,4937,1,0.6124550303932514,0.6124550303932514
1,3124,2,0.38754496960674856,1.0
