,Nelem,TravelTimeHour,Freq,AccumFreq
0,5115,1,0.6315594517841708,0.6315594517841708
1,2984,2,0.3684405482158291,1.0
