,Nelem,TravelTimeHour,Freq,AccumFreq
0,2505,1,0.6459515214027849,0.6459515214027849
1,1373,2,0.35404847859721505,1.0
