,Nelem,TravelTimeHour,Freq,AccumFreq
0,5589,1,0.6813360965500427,0.6813360965500427
1,2614,2,0.3186639034499573,1.0
