,Nelem,TravelTimeHour,Freq,AccumFreq
0,4493,1.0,0.45069716119971914,0.45069716119971914
1,3078,2.0,0.3087571471561842,0.7594543083559033
2,2398,3.0,0.2405456916440967,1.0
