,Nelem,TravelTimeHour,Freq,AccumFreq
0,3628,1,0.6358219418156327,0.6358219418156327
1,2078,2,0.3641780581843673,1.0
