,Nelem,TravelTimeHour,Freq,AccumFreq
0,3150,1.0,0.29395296752519595,0.29395296752519595
1,2959,2.0,0.2761291526689063,0.5700821201941022
2,2872,3.0,0.2680104516610676,0.8380925718551697
3,1735,4.0,0.16190742814483017,0.9999999999999999
