,Nelem,TravelTimeHour,Freq,AccumFreq
0,2541,1.0,0.3125461254612546,0.3125461254612546
1,2965,2.0,0.36469864698646987,0.6772447724477244
2,2624,3.0,0.32275522755227554,1.0
