,Nelem,TravelTimeHour,Freq,AccumFreq
0,2273,1,0.5521010444498421,0.5521010444498421
1,1844,2,0.4478989555501579,1.0
