,Nelem,TravelTimeHour,Freq,AccumFreq
0,4952,1,0.5691299850591885,0.5691299850591885
1,3749,2,0.4308700149408114,1.0
