,Nelem,TravelTimeHour,Freq,AccumFreq
0,2186,1.0,0.353607246845681,0.353607246845681
1,2088,2.0,0.337754771918473,0.691362018764154
2,1908,3.0,0.308637981235846,1.0
