,Nelem,TravelTimeHour,Freq,AccumFreq
0,5373,1,0.6031656937584194,0.6031656937584194
1,3535,2,0.3968343062415806,1.0
