,Nelem,TravelTimeHour,Freq,AccumFreq
0,2668,1,0.6376673040152964,0.6376673040152964
1,1516,2,0.36233269598470363,1.0
