,Nelem,TravelTimeHour,Freq,AccumFreq
0,3836,1,0.5569914331348919,0.5569914331348919
1,3051,2,0.4430085668651082,1.0
