,Nelem,TravelTimeHour,Freq,AccumFreq
0,3698,1.0,0.3603586045605145,0.3603586045605145
1,2841,2.0,0.2768466185928669,0.6372052231533814
2,2186,3.0,0.21301890469694018,0.8502241278503215
3,1537,4.0,0.1497758721496784,1.0
