,Nelem,TravelTimeHour,Freq,AccumFreq
0,4308,1,0.5280058830739062,0.5280058830739062
1,3851,2,0.4719941169260939,1.0
