,Nelem,TravelTimeHour,Freq,AccumFreq
0,4847,1,0.6606242333378766,0.6606242333378766
1,2490,2,0.3393757666621235,1.0
