,Nelem,TravelTimeHour,Freq,AccumFreq
0,6636,1,0.5852367933680219,0.5852367933680219
1,4703,2,0.41476320663197813,1.0
