,Nelem,TravelTimeHour,Freq,AccumFreq
0,1617,1.0,0.37163870374626523,0.37163870374626523
1,1217,2.0,0.2797058147552287,0.6513445185014939
2,793,3.0,0.18225695242472995,0.8336014709262238
3,724,4.0,0.16639852907377614,1.0
