,Nelem,TravelTimeHour,Freq,AccumFreq
0,5028,1.0,0.4422552555193948,0.4422552555193948
1,3728,2.0,0.3279092268449292,0.770164482364324
2,2613,3.0,0.22983551763567597,1.0
