,Nelem,TravelTimeHour,Freq,AccumFreq
0,6588,1.0,0.38463334890238204,0.38463334890238204
1,5660,2.0,0.33045305931807567,0.7150864082204578
2,4880,3.0,0.2849135917795423,1.0
