,Nelem,TravelTimeHour,Freq,AccumFreq
0,6218,1,0.686540797173457,0.686540797173457
1,2839,2,0.313459202826543,1.0
