,Nelem,TravelTimeHour,Freq,AccumFreq
0,1552,1.0,0.2910181886367898,0.2910181886367898
1,1500,2.0,0.2812675792237015,0.5722857678604913
2,1241,3.0,0.23270204387774235,0.8049878117382336
3,1040,4.0,0.19501218826176636,1.0
