,Nelem,TravelTimeHour,Freq,AccumFreq
0,5603,1.0,0.48272594124235374,0.48272594124235374
1,3807,2.0,0.3279917291289739,0.8107176703713277
2,2197,3.0,0.18928232962867236,1.0
