,Nelem,TravelTimeHour,Freq,AccumFreq
0,4976,1.0,0.5686857142857142,0.5686857142857142
1,2493,2.0,0.28491428571428573,0.8535999999999999
2,1281,3.0,0.1464,0.9999999999999999
