,Nelem,TravelTimeHour,Freq,AccumFreq
0,3277,1.0,0.36366662967484187,0.36366662967484187
1,2799,2.0,0.3106203529020087,0.6742869825768505
2,2935,3.0,0.3257130174231495,1.0
