,Nelem,TravelTimeHour,Freq,AccumFreq
0,3043,1.0,0.2250573182456919,0.2250573182456919
1,2245,2.0,0.1660380149397234,0.3910953331854153
2,2178,3.0,0.16108276015087641,0.5521780933362916
3,2549,4.0,0.18852155905628282,0.7406996523925744
4,1961,5.0,0.14503365135714813,0.8857333037497226
5,1545,6.0,0.11426669625027734,0.9999999999999999
