,Nelem,TravelTimeHour,Freq,AccumFreq
0,3168,1.0,0.5059086553816672,0.5059086553816672
1,2121,2.0,0.3387096774193548,0.8446183328010219
2,973,3.0,0.15538166719897797,0.9999999999999999
