,Nelem,TravelTimeHour,Freq,AccumFreq
0,7948,1,0.6182808245818747,0.6182808245818747
1,4907,2,0.3817191754181252,1.0
