,Nelem,TravelTimeHour,Freq,AccumFreq
0,7607,1.0,0.35123280081263275,0.35123280081263275
1,6488,2.0,0.29956598023824915,0.650798781050882
2,4172,3.0,0.19263089851325146,0.8434296795641334
3,3391,4.0,0.15657032043586666,1.0
