,Nelem,TravelTimeHour,Freq,AccumFreq
0,3150,1,0.5111976630963972,0.5111976630963972
1,3012,2,0.48880233690360275,1.0
