,Nelem,TravelTimeHour,Freq,AccumFreq
0,1874,1.0,0.41942703670546105,0.41942703670546105
1,1041,2.0,0.2329901521933751,0.6524171888988362
2,692,3.0,0.1548791405550582,0.8072963294538944
3,861,4.0,0.19270367054610563,1.0
