,Nelem,TravelTimeHour,Freq,AccumFreq
0,6285,1.0,0.40260073025430787,0.40260073025430787
1,4251,2.0,0.2723079879572097,0.6749087182115175
2,3058,3.0,0.1958875152136314,0.8707962334251489
3,2017,4.0,0.12920376657485105,1.0
