,Nelem,TravelTimeHour,Freq,AccumFreq
0,6313,1,0.5986155888488527,0.5986155888488527
1,4233,2,0.40138441115114737,1.0
