,Nelem,TravelTimeHour,Freq,AccumFreq
0,1944,1.0,0.43773924791713575,0.43773924791713575
1,1617,2.0,0.36410718306687684,0.8018464309840125
2,880,3.0,0.19815356901598738,0.9999999999999999
