,Nelem,TravelTimeHour,Freq,AccumFreq
0,3168,1.0,0.2690674367249873,0.2690674367249873
1,2921,2.0,0.24808900968235095,0.5171564464073383
2,3121,3.0,0.2650755902836759,0.7822320366910142
3,2564,4.0,0.2177679633089859,1.0
