,Nelem,TravelTimeHour,Freq,AccumFreq
0,4500,1.0,0.4760393525864805,0.4760393525864805
1,3089,2.0,0.32677456891991963,0.8028139215064001
2,1864,3.0,0.19718607849359993,1.0
