,Nelem,TravelTimeHour,Freq,AccumFreq
0,2606,1,0.5680034873583261,0.5680034873583261
1,1982,2,0.43199651264167394,1.0
