,Nelem,TravelTimeHour,Freq,AccumFreq
0,3606,1,0.5315448113207547,0.5315448113207547
1,3178,2,0.4684551886792453,1.0
