,Nelem,TravelTimeHour,Freq,AccumFreq
0,5901,1,0.5976301397609884,0.5976301397609884
1,3973,2,0.40236986023901156,1.0
