,Nelem,TravelTimeHour,Freq,AccumFreq
0,7290,1,0.6398104265402843,0.6398104265402843
1,4104,2,0.36018957345971564,1.0
