,Nelem,TravelTimeHour,Freq,AccumFreq
0,4758,1.0,0.47494509882212016,0.47494509882212016
1,3498,2.0,0.34917149131563185,0.8241165901377521
2,1762,3.0,0.17588340986224796,1.0
