,Nelem,TravelTimeHour,Freq,AccumFreq
0,6988,1,0.6166607836216026,0.6166607836216026
1,4344,2,0.38333921637839746,1.0
