,Nelem,TravelTimeHour,Freq,AccumFreq
0,12281,1.0,0.28854377143931204,0.28854377143931204
1,12682,2.0,0.29796532117851604,0.586509092617828
2,10872,3.0,0.25543912410131103,0.841948216719139
3,6727,4.0,0.15805178328086086,0.9999999999999999
