,Nelem,TravelTimeHour,Freq,AccumFreq
0,3880,1,0.5756676557863502,0.5756676557863502
1,2860,2,0.42433234421364985,1.0
