,Nelem,TravelTimeHour,Freq,AccumFreq
0,2374,1.0,0.323653715064758,0.323653715064758
1,2411,2.0,0.3286980231765508,0.6523517382413088
2,2550,3.0,0.3476482617586912,1.0
