,Nelem,TravelTimeHour,Freq,AccumFreq
0,4381,1,0.6613828502415459,0.6613828502415459
1,2243,2,0.3386171497584541,1.0
