,Nelem,TravelTimeHour,Freq,AccumFreq
0,4541,1,0.6607974388824214,0.6607974388824214
1,2331,2,0.33920256111757857,1.0
