,Nelem,TravelTimeHour,Freq,AccumFreq
0,2423,1,0.7258837627321749,0.7258837627321749
1,915,2,0.274116237267825,1.0
