,Nelem,TravelTimeHour,Freq,AccumFreq
0,2049,1.0,0.22658409819750083,0.22658409819750083
1,2596,2.0,0.2870728740462236,0.5136569722437244
2,2006,3.0,0.22182903903571824,0.7354860112794427
3,1330,4.0,0.14707508570164768,0.8825610969810904
4,1062,5.0,0.11743890301890965,1.0
