,Nelem,TravelTimeHour,Freq,AccumFreq
0,5647,1,0.5535731791000882,0.5535731791000882
1,4554,2,0.44642682089991176,1.0
