,Nelem,TravelTimeHour,Freq,AccumFreq
0,3188,1,0.6299150365540407,0.6299150365540407
1,1873,2,0.3700849634459593,1.0
