,Nelem,TravelTimeHour,Freq,AccumFreq
0,2730,1,0.6315058986814712,0.6315058986814712
1,1593,2,0.3684941013185288,1.0
