,Nelem,TravelTimeHour,Freq,AccumFreq
0,3559,1,0.5463616825299356,0.5463616825299356
1,2955,2,0.4536383174700645,1.0
