,Nelem,TravelTimeHour,Freq,AccumFreq
0,6680,1.0,0.30083314568790814,0.30083314568790814
1,5555,2.0,0.2501688808826841,0.5510020265705922
2,3725,3.0,0.16775501013285296,0.7187570367034452
3,3392,4.0,0.15275838775050665,0.8715154244539518
4,1640,5.0,0.0738572393605044,0.9453726638144562
5,1213,6.0,0.054627336185543794,1.0
