,Nelem,TravelTimeHour,Freq,AccumFreq
0,4962,1,0.5133457479826194,0.5133457479826194
1,4704,2,0.4866542520173805,1.0
