,Nelem,TravelTimeHour,Freq,AccumFreq
0,2897,1.0,0.22277760689018763,0.22277760689018763
1,3200,2.0,0.24607812980621346,0.4688557366964011
2,2689,3.0,0.20678252845278375,0.6756382651491849
3,2422,4.0,0.18625038449707781,0.8618886496462628
4,1796,5.0,0.1381113503537373,1.0
