,Nelem,TravelTimeHour,Freq,AccumFreq
0,3674,1,0.5463197026022305,0.5463197026022305
1,3051,2,0.4536802973977695,1.0
