,Nelem,TravelTimeHour,Freq,AccumFreq
0,4325,1.0,0.47449259462424576,0.47449259462424576
1,2921,2.0,0.3204607789358201,0.7949533735600658
2,1869,3.0,0.20504662643993418,1.0
