,Nelem,TravelTimeHour,Freq,AccumFreq
0,4181,1,0.6861972755621205,0.6861972755621205
1,1912,2,0.31380272443787954,1.0
