,Nelem,TravelTimeHour,Freq,AccumFreq
0,3736,1.0,0.427069044352995,0.427069044352995
1,2885,2.0,0.3297896662094193,0.7568587105624143
2,2127,3.0,0.24314128943758573,1.0
