,Nelem,TravelTimeHour,Freq,AccumFreq
0,9699,1.0,0.4511372621982418,0.4511372621982418
1,7312,2.0,0.34010884227173355,0.7912461044699753
2,4488,3.0,0.20875389553002466,1.0
