,Nelem,TravelTimeHour,Freq,AccumFreq
0,3414,1.0,0.3545171339563863,0.3545171339563863
1,2438,2.0,0.2531671858774662,0.6076843198338525
2,2325,3.0,0.24143302180685358,0.8491173416407061
3,1453,4.0,0.15088265835929388,1.0
