,Nelem,TravelTimeHour,Freq,AccumFreq
0,3671,1.0,0.41706430356737106,0.41706430356737106
1,3047,2.0,0.3461713246989321,0.7632356282663031
2,2084,3.0,0.23676437173369688,1.0
