,Nelem,TravelTimeHour,Freq,AccumFreq
0,4618,1,0.6931852296607626,0.6931852296607626
1,2044,2,0.3068147703392375,1.0
