,Nelem,TravelTimeHour,Freq,AccumFreq
0,2697,1,0.6459880239520958,0.6459880239520958
1,1478,2,0.3540119760479042,1.0
