,Nelem,TravelTimeHour,Freq,AccumFreq
0,3380,1,0.6678522031219126,0.6678522031219126
1,1681,2,0.3321477968780873,1.0
