,Nelem,TravelTimeHour,Freq,AccumFreq
0,6578,1,0.7947323909629093,0.7947323909629093
1,1699,2,0.20526760903709074,1.0
