,Nelem,TravelTimeHour,Freq,AccumFreq
0,9636,1.0,0.2825557868809196,0.2825557868809196
1,9734,2.0,0.2854294343606134,0.5679852212415331
2,8985,3.0,0.2634665571943817,0.8314517784359148
3,5748,4.0,0.16854822156408528,1.0
