,Nelem,TravelTimeHour,Freq,AccumFreq
0,4071,1.0,0.4786033388196567,0.4786033388196567
1,2741,2.0,0.32224312250176346,0.8008464613214201
2,1694,3.0,0.19915353867857982,1.0
