,Nelem,TravelTimeHour,Freq,AccumFreq
0,4353,1.0,0.31757496169840227,0.31757496169840227
1,3231,2.0,0.23571897570584374,0.553293937404246
2,2323,3.0,0.16947545049974466,0.7227693879039907
3,1984,4.0,0.1447435616838112,0.8675129495878019
4,1816,5.0,0.13248705041219816,1.0
