,Nelem,TravelTimeHour,Freq,AccumFreq
0,3754,1.0,0.3595785440613027,0.3595785440613027
1,2330,2.0,0.2231800766283525,0.5827586206896551
2,1870,3.0,0.17911877394636017,0.7618773946360153
3,2486,4.0,0.23812260536398466,1.0
