,Nelem,TravelTimeHour,Freq,AccumFreq
0,2041,1.0,0.35706787963610914,0.35706787963610914
1,2244,2.0,0.3925822253324003,0.7496501049685094
2,1431,3.0,0.2503498950314906,1.0
