,Nelem,TravelTimeHour,Freq,AccumFreq
0,7596,1,0.6201322556943424,0.6201322556943424
1,4653,2,0.3798677443056576,1.0
