,Nelem,TravelTimeHour,Freq,AccumFreq
0,3168,1,0.561602552738876,0.561602552738876
1,2473,2,0.4383974472611239,1.0
