,Nelem,TravelTimeHour,Freq,AccumFreq
0,6282,1.0,0.35371621621621624,0.35371621621621624
1,4450,2.0,0.2505630630630631,0.6042792792792793
2,3502,3.0,0.1971846846846847,0.801463963963964
3,3526,4.0,0.19853603603603603,1.0
