,Nelem,TravelTimeHour,Freq,AccumFreq
0,5293,1.0,0.5455576169861884,0.5455576169861884
1,2155,2.0,0.22211915069057928,0.7676767676767677
2,1169,3.0,0.1204906204906205,0.8881673881673883
3,1085,4.0,0.11183261183261184,1.0
