,Nelem,TravelTimeHour,Freq,AccumFreq
0,2057,1.0,0.27793541413322526,0.27793541413322526
1,1700,2.0,0.22969868936630186,0.5076341034995271
2,2252,3.0,0.30428320497230105,0.8119173084718281
3,1392,4.0,0.18808269152817186,1.0
