,Nelem,TravelTimeHour,Freq,AccumFreq
0,2522,1.0,0.4133748565808884,0.4133748565808884
1,1655,2.0,0.2712670054089494,0.6846418619898378
2,1142,3.0,0.18718242910998198,0.8718242910998197
3,782,4.0,0.1281757089001803,1.0
