,Nelem,TravelTimeHour,Freq,AccumFreq
0,5875,1.0,0.42631158841883754,0.42631158841883754
1,4296,2.0,0.3117335461867789,0.7380451346056165
2,3610,3.0,0.26195486539438356,1.0
