,Nelem,TravelTimeHour,Freq,AccumFreq
0,3201,1,0.6020312206131277,0.6020312206131277
1,2116,2,0.3979687793868723,1.0
