,Nelem,TravelTimeHour,Freq,AccumFreq
0,1779,1,0.5898541114058355,0.5898541114058355
1,1237,2,0.41014588859416445,1.0
