,Nelem,TravelTimeHour,Freq,AccumFreq
0,2066,1.0,0.4629173201882142,0.4629173201882142
1,1311,2.0,0.29374859959668387,0.7566659197848981
2,1086,3.0,0.24333408021510194,1.0
