,Nelem,TravelTimeHour,Freq,AccumFreq
0,3809,1.0,0.38258336681398153,0.38258336681398153
1,3830,2.0,0.3846926476496585,0.76727601446364
2,2317,3.0,0.23272398553635998,1.0
