,Nelem,TravelTimeHour,Freq,AccumFreq
0,4687,1.0,0.3450890884994846,0.3450890884994846
1,3332,2.0,0.24532469444853483,0.5904137829480194
2,3236,3.0,0.23825651597702843,0.8286702989250478
3,2327,4.0,0.17132970107495213,1.0
