,Nelem,TravelTimeHour,Freq,AccumFreq
0,3260,1,0.5641114379650458,0.5641114379650458
1,2519,2,0.43588856203495413,1.0
