,Nelem,TravelTimeHour,Freq,AccumFreq
0,2085,1.0,0.5411367765377628,0.5411367765377628
1,1434,2.0,0.37217752400726706,0.9133143005450299
2,334,3.0,0.08668569945497015,1.0
