,Nelem,TravelTimeHour,Freq,AccumFreq
0,2191,1,0.5491228070175439,0.5491228070175439
1,1799,2,0.45087719298245615,1.0
