,Nelem,TravelTimeHour,Freq,AccumFreq
0,4248,1,0.510576923076923,0.510576923076923
1,4072,2,0.4894230769230769,1.0
