,Nelem,TravelTimeHour,Freq,AccumFreq
0,2520,1.0,0.3139404509779494,0.3139404509779494
1,2794,2.0,0.3480752460445995,0.6620156970225489
2,2713,3.0,0.3379843029774511,1.0
