,Nelem,TravelTimeHour,Freq,AccumFreq
0,3330,1.0,0.4680910879955018,0.4680910879955018
1,2042,2.0,0.2870396401461906,0.7551307281416924
2,1742,3.0,0.24486927185830756,0.9999999999999999
