,Nelem,TravelTimeHour,Freq,AccumFreq
0,2447,1.0,0.3049601196410768,0.3049601196410768
1,2314,2.0,0.28838484546360915,0.5933449651046859
2,1711,3.0,0.21323529411764705,0.806580259222333
3,1552,4.0,0.193419740777667,1.0
