,Nelem,TravelTimeHour,Freq,AccumFreq
0,2386,1.0,0.5993468977643808,0.5993468977643808
1,1073,2.0,0.2695302687766893,0.8688771665410701
2,522,3.0,0.13112283345892992,1.0
