,Nelem,TravelTimeHour,Freq,AccumFreq
0,7319,1.0,0.4960352422907489,0.4960352422907489
1,3447,2.0,0.23361572348356488,0.7296509657743138
2,3989,3.0,0.27034903422568624,1.0
