,Nelem,TravelTimeHour,Freq,AccumFreq
0,3033,1.0,0.4416775884665793,0.4416775884665793
1,2211,2.0,0.3219746614242027,0.7636522498907821
2,1623,3.0,0.236347750109218,1.0
