,Nelem,TravelTimeHour,Freq,AccumFreq
0,904,1.0,0.11004260499087036,0.11004260499087036
1,1140,2.0,0.13877054169202677,0.2488131466828971
2,1523,3.0,0.18539257455873404,0.43420572124163115
3,1194,4.0,0.14534388314059646,0.5795496043822276
4,1976,5.0,0.2405356055995131,0.8200852099817406
5,1478,6.0,0.17991479001825927,0.9999999999999999
