,Nelem,TravelTimeHour,Freq,AccumFreq
0,3491,1,0.638909224011713,0.638909224011713
1,1973,2,0.361090775988287,1.0
