,Nelem,TravelTimeHour,Freq,AccumFreq
0,4160,1.0,0.41078305519897307,0.41078305519897307
1,3539,2.0,0.34946183469931863,0.7602448898982916
2,2428,3.0,0.2397551101017083,1.0
