,Nelem,TravelTimeHour,Freq,AccumFreq
0,3292,1.0,0.35371225958955627,0.35371225958955627
1,3105,2.0,0.3336198560223488,0.687332115611905
2,2910,3.0,0.312667884388095,1.0
