,Nelem,TravelTimeHour,Freq,AccumFreq
0,7781,1.0,0.4383168093735917,0.4383168093735917
1,5232,2.0,0.2947273546642632,0.7330441640378549
2,4739,3.0,0.2669558359621451,1.0
