,Nelem,TravelTimeHour,Freq,AccumFreq
0,2538,1,0.5627494456762749,0.5627494456762749
1,1972,2,0.43725055432372506,1.0
