,Nelem,TravelTimeHour,Freq,AccumFreq
0,4247,1,0.5850668136106901,0.5850668136106901
1,3012,2,0.4149331863893098,1.0
