,Nelem,TravelTimeHour,Freq,AccumFreq
0,2823,1.0,0.3264338575393155,0.3264338575393155
1,2066,2.0,0.23889916743755782,0.5653330249768733
2,1954,3.0,0.2259481961147086,0.7912812210915819
3,1805,4.0,0.20871877890841814,1.0
