,Nelem,TravelTimeHour,Freq,AccumFreq
0,5026,1,0.6442763748237406,0.6442763748237406
1,2775,2,0.35572362517625944,1.0
