,Nelem,TravelTimeHour,Freq,AccumFreq
0,4001,1,0.5668744686880136,0.5668744686880136
1,3057,2,0.4331255313119864,1.0
