,Nelem,TravelTimeHour,Freq,AccumFreq
0,2256,1.0,0.4430479183032207,0.4430479183032207
1,1669,2.0,0.3277690494893951,0.7708169677926158
2,1167,3.0,0.22918303220738412,0.9999999999999999
