,Nelem,TravelTimeHour,Freq,AccumFreq
0,2914,1.0,0.3512536162005786,0.3512536162005786
1,2844,2.0,0.34281581485053036,0.694069431051109
2,2538,3.0,0.30593056894889104,1.0
