,Nelem,TravelTimeHour,Freq,AccumFreq
0,3115,1,0.5221253771371103,0.5221253771371103
1,2851,2,0.47787462286288973,1.0
