,Nelem,TravelTimeHour,Freq,AccumFreq
0,6194,1.0,0.47679162497113386,0.47679162497113386
1,4224,2.0,0.32514817950889074,0.8019398044800246
2,2573,3.0,0.19806019551997536,0.9999999999999999
