,Nelem,TravelTimeHour,Freq,AccumFreq
0,5139,1,0.6078779276082328,0.6078779276082328
1,3315,2,0.3921220723917672,1.0
