,Nelem,TravelTimeHour,Freq,AccumFreq
0,3722,1.0,0.4002580922679858,0.4002580922679858
1,2961,2.0,0.3184213356274868,0.7186794278954727
2,2616,3.0,0.2813205721045274,1.0
