,Nelem,TravelTimeHour,Freq,AccumFreq
0,4606,1,0.5715349298920461,0.5715349298920461
1,3453,2,0.4284650701079538,1.0
