,Nelem,TravelTimeHour,Freq,AccumFreq
0,2748,1.0,0.5919862128392934,0.5919862128392934
1,1157,2.0,0.24924601464885826,0.8412322274881516
2,737,3.0,0.15876777251184834,1.0
