,Nelem,TravelTimeHour,Freq,AccumFreq
0,1962,1,0.5760422783323547,0.5760422783323547
1,1444,2,0.42395772166764534,1.0
