,Nelem,TravelTimeHour,Freq,AccumFreq
0,3793,1,0.6054269752593775,0.6054269752593775
1,2472,2,0.3945730247406225,1.0
