,Nelem,TravelTimeHour,Freq,AccumFreq
0,3734,1,0.5424960046491355,0.5424960046491355
1,3149,2,0.45750399535086445,1.0
