,Nelem,TravelTimeHour,Freq,AccumFreq
0,2308,1,0.5482185273159145,0.5482185273159145
1,1902,2,0.4517814726840855,1.0
