,Nelem,TravelTimeHour,Freq,AccumFreq
0,4043,1,0.5760079783444935,0.5760079783444935
1,2976,2,0.4239920216555065,1.0
