,Nelem,TravelTimeHour,Freq,AccumFreq
0,3363,1.0,0.4118295371050698,0.4118295371050698
1,2629,2.0,0.3219446485427382,0.7337741856478079
2,2174,3.0,0.266225814352192,1.0
