,Nelem,TravelTimeHour,Freq,AccumFreq
0,2067,1,0.4799164151381472,0.4799164151381472
1,2240,2,0.5200835848618528,1.0
