,Nelem,TravelTimeHour,Freq,AccumFreq
0,2109,1.0,0.3390130204147243,0.3390130204147243
1,2275,2.0,0.36569683330654235,0.7047098537212666
2,1837,3.0,0.29529014627873335,1.0
