,Nelem,TravelTimeHour,Freq,AccumFreq
0,1623,1,0.5588842975206612,0.5588842975206612
1,1281,2,0.44111570247933884,1.0
