,Nelem,TravelTimeHour,Freq,AccumFreq
0,2663,1.0,0.4573244032285763,0.4573244032285763
1,2040,2.0,0.35033487892838744,0.8076592821569637
2,1120,3.0,0.19234071784303625,1.0
