,Nelem,TravelTimeHour,Freq,AccumFreq
0,2324,1,0.5024864864864865,0.5024864864864865
1,2301,2,0.49751351351351353,1.0
