,Nelem,TravelTimeHour,Freq,AccumFreq
0,5073,1,0.6262189853104555,0.6262189853104555
1,3028,2,0.3737810146895445,1.0
