,Nelem,TravelTimeHour,Freq,AccumFreq
0,6964,1.0,0.38939834488928654,0.38939834488928654
1,6439,2.0,0.36004249608588684,0.7494408409751734
2,4481,3.0,0.25055915902482667,1.0
