,Nelem,TravelTimeHour,Freq,AccumFreq
0,2292,1.0,0.47034680894726044,0.47034680894726044
1,1590,2.0,0.3262877077775498,0.7966345167248102
2,877,3.0,0.17997127026472398,0.9766057869895342
3,114,4.0,0.023394213010465834,1.0
