,Nelem,TravelTimeHour,Freq,AccumFreq
0,3625,1.0,0.4215606465868124,0.4215606465868124
1,2076,2.0,0.2414234213280614,0.6629840679148739
2,1665,3.0,0.19362716594952903,0.8566112338644029
3,1233,4.0,0.14338876613559717,1.0
