,Nelem,TravelTimeHour,Freq,AccumFreq
0,2443,1.0,0.33031368307193076,0.33031368307193076
1,2565,2.0,0.3468090859924283,0.6771227690643591
2,2388,3.0,0.3228772309356409,1.0
