,Nelem,TravelTimeHour,Freq,AccumFreq
0,2738,1.0,0.2911527009783071,0.2911527009783071
1,1969,2.0,0.2093789876648235,0.5005316886431306
2,1119,3.0,0.11899191833262442,0.619523606975755
3,1476,4.0,0.15695448745214802,0.776478094427903
4,2102,5.0,0.22352190557209697,1.0
