,Nelem,TravelTimeHour,Freq,AccumFreq
0,6758,1.0,0.5041026406086827,0.5041026406086827
1,4770,2.0,0.3558108309712069,0.8599134715798896
2,1878,3.0,0.1400865284201104,1.0
