,Nelem,TravelTimeHour,Freq,AccumFreq
0,5152,1.0,0.3819691577698695,0.3819691577698695
1,4318,2.0,0.32013641755634636,0.7021055753262159
2,4018,3.0,0.29789442467378413,1.0
