,Nelem,TravelTimeHour,Freq,AccumFreq
0,5229,1.0,0.42998108708165445,0.42998108708165445
1,4593,2.0,0.37768275635227366,0.807663843433928
2,2339,3.0,0.19233615656607186,0.9999999999999999
