,Nelem,TravelTimeHour,Freq,AccumFreq
0,4158,1,0.5902058197303052,0.5902058197303052
1,2887,2,0.40979418026969483,1.0
