,Nelem,TravelTimeHour,Freq,AccumFreq
0,3737,1,0.5556877323420074,0.5556877323420074
1,2988,2,0.4443122676579926,1.0
