,Nelem,TravelTimeHour,Freq,AccumFreq
0,5121,1.0,0.4316055625790139,0.4316055625790139
1,3866,2.0,0.3258322798145807,0.7574378423935946
2,2878,3.0,0.2425621576064054,1.0
