,Nelem,TravelTimeHour,Freq,AccumFreq
0,3045,1,0.4753356228535748,0.4753356228535748
1,3361,2,0.5246643771464252,1.0
