,Nelem,TravelTimeHour,Freq,AccumFreq
0,4187,1,0.5248182501880171,0.5248182501880171
1,3791,2,0.47518174981198297,1.0
