,Nelem,TravelTimeHour,Freq,AccumFreq
0,3761,1.0,0.3793242561775088,0.3793242561775088
1,3458,2.0,0.3487644982349975,0.7280887544125063
2,2696,3.0,0.2719112455874937,1.0
