,Nelem,TravelTimeHour,Freq,AccumFreq
0,4075,1,0.5180523773201119,0.5180523773201119
1,3791,2,0.4819476226798881,1.0
