,Nelem,TravelTimeHour,Freq,AccumFreq
0,6380,1,0.5801582249704464,0.5801582249704464
1,4617,2,0.4198417750295535,1.0
