,Nelem,TravelTimeHour,Freq,AccumFreq
0,3475,1.0,0.3899674559533161,0.3899674559533161
1,3273,2.0,0.36729884412523844,0.7572663000785546
2,2163,3.0,0.24273369992144542,1.0
