,Nelem,TravelTimeHour,Freq,AccumFreq
0,4809,1.0,0.5181553711884496,0.5181553711884496
1,3477,2.0,0.3746363538411809,0.8927917250296304
2,995,3.0,0.10720827497036957,1.0
