,Nelem,TravelTimeHour,Freq,AccumFreq
0,5253,1,0.5967283880495285,0.5967283880495285
1,3550,2,0.40327161195047145,1.0
