,Nelem,TravelTimeHour,Freq,AccumFreq
0,566,1.0,0.16593374377015538,0.16593374377015538
1,600,2.0,0.1759014951627089,0.34183523893286427
2,714,3.0,0.20932277924362358,0.5511580181764879
3,724,4.0,0.21225447082966872,0.7634124890061567
4,807,5.0,0.23658751099384345,1.0
