,Nelem,TravelTimeHour,Freq,AccumFreq
0,4245,1.0,0.3091544679921346,0.3091544679921346
1,3605,2.0,0.2625446070934382,0.5716990750855728
2,2331,3.0,0.16976185274197073,0.7414609278275436
3,2158,4.0,0.15716262471779185,0.8986235525453354
4,1392,5.0,0.10137644745466463,1.0
