,Nelem,TravelTimeHour,Freq,AccumFreq
0,6180,1.0,0.4767414950242999,0.4767414950242999
1,3961,2.0,0.30556198410861685,0.7823034791329168
2,2822,3.0,0.21769652086708324,1.0
