,Nelem,TravelTimeHour,Freq,AccumFreq
0,3536,1.0,0.2096276974152241,0.2096276974152241
1,2503,2.0,0.14838747925065213,0.35801517666587623
2,1509,3.0,0.08945933127815983,0.4474745079440361
3,2151,4.0,0.12751956367085607,0.5749940716148921
4,3127,5.0,0.18538060232392697,0.7603746739388191
5,2438,6.0,0.14453402893051934,0.9049087028693384
6,1604,7.0,0.09509129713066161,1.0
