,Nelem,TravelTimeHour,Freq,AccumFreq
0,5260,1,0.69956111184998,0.69956111184998
1,2259,2,0.30043888815001996,1.0
