,Nelem,TravelTimeHour,Freq,AccumFreq
0,1100,1.0,0.27918781725888325,0.27918781725888325
1,750,2.0,0.19035532994923857,0.46954314720812185
2,958,3.0,0.2431472081218274,0.7126903553299493
3,1132,4.0,0.28730964467005077,1.0
