,Nelem,TravelTimeHour,Freq,AccumFreq
0,7741,1,0.6697525523446963,0.6697525523446963
1,3817,2,0.33024744765530367,1.0
