,Nelem,TravelTimeHour,Freq,AccumFreq
0,6127,1.0,0.38926302414231256,0.38926302414231256
1,4821,2.0,0.306289707750953,0.6955527318932655
2,3162,3.0,0.2008894536213469,0.8964421855146124
3,1630,4.0,0.10355781448538755,1.0
