,Nelem,TravelTimeHour,Freq,AccumFreq
0,2782,1.0,0.36356508102456875,0.36356508102456875
1,3058,2.0,0.3996340825927862,0.763199163617355
2,1812,3.0,0.23680083638264507,1.0
