,Nelem,TravelTimeHour,Freq,AccumFreq
0,1419,1.0,0.30127388535031846,0.30127388535031846
1,1817,2.0,0.38577494692144376,0.6870488322717623
2,1474,3.0,0.3129511677282378,1.0
