,Nelem,TravelTimeHour,Freq,AccumFreq
0,6688,1,0.5714773989575322,0.5714773989575322
1,5015,2,0.42852260104246775,1.0
