,Nelem,TravelTimeHour,Freq,AccumFreq
0,5300,1,0.6450827653359299,0.6450827653359299
1,2916,2,0.3549172346640701,1.0
