,Nelem,TravelTimeHour,Freq,AccumFreq
0,5837,1.0,0.5292410916674223,0.5292410916674223
1,3497,2.0,0.3170731707317073,0.8463142623991295
2,1695,3.0,0.15368573760087043,1.0
