,Nelem,TravelTimeHour,Freq,AccumFreq
0,5469,1,0.7174340810704447,0.7174340810704447
1,2154,2,0.2825659189295553,1.0
