,Nelem,TravelTimeHour,Freq,AccumFreq
0,1977,1.0,0.5244031830238727,0.5244031830238727
1,1351,2.0,0.3583554376657825,0.8827586206896552
2,442,3.0,0.11724137931034483,1.0
