,Nelem,TravelTimeHour,Freq,AccumFreq
0,3498,1.0,0.32722170252572497,0.32722170252572497
1,2189,2.0,0.20477081384471468,0.5319925163704396
2,2423,3.0,0.22666043030869973,0.7586529466791394
3,2580,4.0,0.24134705332086062,1.0
