,Nelem,TravelTimeHour,Freq,AccumFreq
0,4179,1.0,0.45887778631821674,0.45887778631821674
1,2987,2.0,0.327989458658175,0.7868672449763918
2,1941,3.0,0.2131327550236082,1.0
