,Nelem,TravelTimeHour,Freq,AccumFreq
0,2953,1,0.5745136186770428,0.5745136186770428
1,2187,2,0.4254863813229572,1.0
