,Nelem,TravelTimeHour,Freq,AccumFreq
0,7860,1,0.596267637687756,0.596267637687756
1,5322,2,0.40373236231224396,1.0
