,Nelem,TravelTimeHour,Freq,AccumFreq
0,2543,1,0.6286773794808406,0.6286773794808406
1,1502,2,0.37132262051915943,1.0
