,Nelem,TravelTimeHour,Freq,AccumFreq
0,8313,1,0.5832865562728038,0.5832865562728038
1,5939,2,0.4167134437271962,1.0
