,Nelem,TravelTimeHour,Freq,AccumFreq
0,4632,1.0,0.4143483316933536,0.4143483316933536
1,3733,2.0,0.333929689596565,0.7482780212899186
2,2814,3.0,0.2517219787100814,1.0
