,Nelem,TravelTimeHour,Freq,AccumFreq
0,2231,1.0,0.4487127916331456,0.4487127916331456
1,1332,2.0,0.26790024135156876,0.7166130329847143
2,1409,3.0,0.2833869670152856,1.0
