,Nelem,TravelTimeHour,Freq,AccumFreq
0,4775,1,0.7172900706023735,0.7172900706023735
1,1882,2,0.28270992939762657,1.0
