,Nelem,TravelTimeHour,Freq,AccumFreq
0,4532,1.0,0.44387855044074437,0.44387855044074437
1,3746,2.0,0.36689520078354554,0.8107737512242899
2,1932,3.0,0.1892262487757101,1.0
