,Nelem,TravelTimeHour,Freq,AccumFreq
0,2116,1,0.4444444444444444,0.4444444444444444
1,2645,2,0.5555555555555556,1.0
