,Nelem,TravelTimeHour,Freq,AccumFreq
0,7299,1.0,0.4565298974230673,0.4565298974230673
1,5626,2.0,0.35188891668751565,0.808418814110583
2,3063,3.0,0.19158118588941705,1.0
