,Nelem,TravelTimeHour,Freq,AccumFreq
0,4477,1.0,0.32423232908458866,0.32423232908458866
1,3469,2.0,0.2512311703360371,0.5754634994206258
2,2733,3.0,0.19792873696407878,0.7733922363847046
3,3129,4.0,0.22660776361529547,1.0
