,Nelem,TravelTimeHour,Freq,AccumFreq
0,4456,1,0.5434146341463415,0.5434146341463415
1,3744,2,0.45658536585365855,1.0
