,Nelem,TravelTimeHour,Freq,AccumFreq
0,3084,1,0.5790461885092002,0.5790461885092002
1,2242,2,0.42095381149079986,1.0
