,Nelem,TravelTimeHour,Freq,AccumFreq
0,5277,1.0,0.3694343321198544,0.3694343321198544
1,4918,2.0,0.34430131615793896,0.7137356482777933
2,4089,3.0,0.28626435172220666,1.0
