,Nelem,TravelTimeHour,Freq,AccumFreq
0,5169,1.0,0.3648105017997036,0.3648105017997036
1,4859,2.0,0.34293175241724894,0.7077422542169525
2,4141,3.0,0.2922577457830475,1.0
