,Nelem,TravelTimeHour,Freq,AccumFreq
0,4920,1.0,0.4029154041438048,0.4029154041438048
1,3818,2.0,0.3126689050855786,0.7155843092293834
2,3473,3.0,0.2844156907706167,1.0
