,Nelem,TravelTimeHour,Freq,AccumFreq
0,3031,1,0.6268872802481903,0.6268872802481903
1,1804,2,0.3731127197518097,1.0
