,Nelem,TravelTimeHour,Freq,AccumFreq
0,2936,1.0,0.45689386865857456,0.45689386865857456
1,1513,2.0,0.23544973544973544,0.69234360410831
2,1977,3.0,0.30765639589169,1.0
