,Nelem,TravelTimeHour,Freq,AccumFreq
0,8060,1.0,0.576043453401944,0.576043453401944
1,3241,2.0,0.23163236134934248,0.8076758147512865
2,2691,3.0,0.19232418524871356,1.0
