,Nelem,TravelTimeHour,Freq,AccumFreq
0,1750,1.0,0.28,0.28
1,1782,2.0,0.28512,0.5651200000000001
2,1596,3.0,0.25536,0.8204800000000001
3,1122,4.0,0.17952,1.0
