,Nelem,TravelTimeHour,Freq,AccumFreq
0,6093,1,0.5508045561381305,0.5508045561381305
1,4969,2,0.44919544386186944,1.0
