,Nelem,TravelTimeHour,Freq,AccumFreq
0,2871,1.0,0.35646883536131113,0.35646883536131113
1,2275,2.0,0.28246833871368265,0.6389371740749938
2,1399,3.0,0.17370250807052395,0.8126396821455177
3,1509,4.0,0.18736031785448223,1.0
