,Nelem,TravelTimeHour,Freq,AccumFreq
0,3780,1.0,0.4079870480302213,0.4079870480302213
1,2653,2.0,0.28634646519158125,0.6943335132218025
2,2832,3.0,0.3056664867781975,1.0
