,Nelem,TravelTimeHour,Freq,AccumFreq
0,6068,1,0.6934857142857143,0.6934857142857143
1,2682,2,0.30651428571428574,1.0
