,Nelem,TravelTimeHour,Freq,AccumFreq
0,3323,1.0,0.4552054794520548,0.4552054794520548
1,2084,2.0,0.2854794520547945,0.7406849315068493
2,1893,3.0,0.25931506849315067,1.0
