,Nelem,TravelTimeHour,Freq,AccumFreq
0,3554,1.0,0.3914959242123816,0.3914959242123816
1,3099,2.0,0.34137475214805024,0.7328706763604318
2,2425,3.0,0.2671293236395682,1.0
