,Nelem,TravelTimeHour,Freq,AccumFreq
0,3319,1.0,0.6564477848101266,0.6564477848101266
1,1537,2.0,0.30399525316455694,0.9604430379746836
2,200,3.0,0.03955696202531646,1.0
