,Nelem,TravelTimeHour,Freq,AccumFreq
0,4972,1,0.5259705913466625,0.5259705913466625
1,4481,2,0.4740294086533376,1.0
