,Nelem,TravelTimeHour,Freq,AccumFreq
0,3426,1,0.7272341328804924,0.7272341328804924
1,1285,2,0.2727658671195075,1.0
